
CH32F103C8T.elf:     file format elf32-littlearm
CH32F103C8T.elf
architecture: armv7, flags 0x00000112:
EXEC_P, HAS_SYMS, D_PAGED
start address 0x08000691

Program Header:
    LOAD off    0x00010000 vaddr 0x08000000 paddr 0x08000000 align 2**16
         filesz 0x0000244c memsz 0x0000244c flags r-x
    LOAD off    0x00020000 vaddr 0x20000000 paddr 0x0800244c align 2**16
         filesz 0x0000008c memsz 0x00000eb0 flags rw-
private flags = 5000200: [Version5 EABI] [soft-float ABI]

Sections:
Idx Name          Size      VMA       LMA       File off  Algn
  0 .isr_vector   000000f0  08000000  08000000  00010000  2**0
                  CONTENTS, ALLOC, LOAD, READONLY, DATA
  1 .text         0000235c  080000f0  080000f0  000100f0  2**2
                  CONTENTS, ALLOC, LOAD, READONLY, CODE
  2 .data         0000008c  20000000  0800244c  00020000  2**2
                  CONTENTS, ALLOC, LOAD, DATA
  3 .bss          00000824  2000008c  080024d8  0002008c  2**2
                  ALLOC
  4 ._user_heap_stack 00000600  200008b0  08002cfc  0002008c  2**0
                  ALLOC
  5 .ARM.attributes 0000002b  00000000  00000000  0002008c  2**0
                  CONTENTS, READONLY
  6 .debug_info   00009b75  00000000  00000000  000200b7  2**0
                  CONTENTS, READONLY, DEBUGGING, OCTETS
  7 .debug_abbrev 00001db7  00000000  00000000  00029c2c  2**0
                  CONTENTS, READONLY, DEBUGGING, OCTETS
  8 .debug_loc    00004802  00000000  00000000  0002b9e3  2**0
                  CONTENTS, READONLY, DEBUGGING, OCTETS
  9 .debug_aranges 000009f0  00000000  00000000  000301e8  2**3
                  CONTENTS, READONLY, DEBUGGING, OCTETS
 10 .debug_ranges 00000990  00000000  00000000  00030bd8  2**3
                  CONTENTS, READONLY, DEBUGGING, OCTETS
 11 .debug_line   0000740b  00000000  00000000  00031568  2**0
                  CONTENTS, READONLY, DEBUGGING, OCTETS
 12 .debug_str    00002e4f  00000000  00000000  00038973  2**0
                  CONTENTS, READONLY, DEBUGGING, OCTETS
 13 .comment      0000004c  00000000  00000000  0003b7c2  2**0
                  CONTENTS, READONLY
 14 .debug_frame  00001fc4  00000000  00000000  0003b810  2**2
                  CONTENTS, READONLY, DEBUGGING, OCTETS
 15 .stab         00000084  00000000  00000000  0003d7d4  2**2
                  CONTENTS, READONLY, DEBUGGING
 16 .stabstr      00000117  00000000  00000000  0003d858  2**0
                  CONTENTS, READONLY, DEBUGGING
SYMBOL TABLE:
08000000 l    d  .isr_vector	00000000 .isr_vector
080000f0 l    d  .text	00000000 .text
20000000 l    d  .data	00000000 .data
2000008c l    d  .bss	00000000 .bss
200008b0 l    d  ._user_heap_stack	00000000 ._user_heap_stack
00000000 l    d  .ARM.attributes	00000000 .ARM.attributes
00000000 l    d  .debug_info	00000000 .debug_info
00000000 l    d  .debug_abbrev	00000000 .debug_abbrev
00000000 l    d  .debug_loc	00000000 .debug_loc
00000000 l    d  .debug_aranges	00000000 .debug_aranges
00000000 l    d  .debug_ranges	00000000 .debug_ranges
00000000 l    d  .debug_line	00000000 .debug_line
00000000 l    d  .debug_str	00000000 .debug_str
00000000 l    d  .comment	00000000 .comment
00000000 l    d  .debug_frame	00000000 .debug_frame
00000000 l    d  .stab	00000000 .stab
00000000 l    d  .stabstr	00000000 .stabstr
00000000 l    df *ABS*	00000000 ./Startup/startup_ch32f10x.o
0800069c l       .text	00000000 LoopCopyDataInit
08000694 l       .text	00000000 CopyDataInit
080006b0 l       .text	00000000 LoopFillZerobss
080006aa l       .text	00000000 FillZerobss
080006d4 l       .text	00000000 Infinite_Loop
00000000 l    df *ABS*	00000000 Main.c
00000000 l    df *ABS*	00000000 ch32f10x_it.c
00000000 l    df *ABS*	00000000 system_ch32f10x.c
00000000 l    df *ABS*	00000000 ch32f10x_adc.c
00000000 l    df *ABS*	00000000 ch32f10x_dbgmcu.c
00000000 l    df *ABS*	00000000 ch32f10x_dma.c
00000000 l    df *ABS*	00000000 ch32f10x_gpio.c
00000000 l    df *ABS*	00000000 ch32f10x_i2c.c
00000000 l    df *ABS*	00000000 ch32f10x_misc.c
00000000 l    df *ABS*	00000000 ch32f10x_rcc.c
20000014 l     O .data	00000004 ADCPrescTable
20000018 l     O .data	00000010 APBAHBPrescTable
00000000 l    df *ABS*	00000000 ch32f10x_tim.c
00000000 l    df *ABS*	00000000 ch32f10x_usart.c
00000000 l    df *ABS*	00000000 debug.c
2000088e l     O .bss	00000002 p_ms
20000890 l     O .bss	00000001 p_us
00000000 l    df *ABS*	00000000 memset.c
00000000 l    df *ABS*	00000000 printf.c
00000000 l    df *ABS*	00000000 sprintf.c
00000000 l    df *ABS*	00000000 findfp.c
080010e8 l     F .text	00000048 std
00000000 l    df *ABS*	00000000 fwalk.c
00000000 l    df *ABS*	00000000 lock.c
00000000 l    df *ABS*	00000000 nano-mallocr.c
00000000 l    df *ABS*	00000000 nano-vfprintf.c
00000000 l    df *ABS*	00000000 nano-vfprintf.c
08001644 l     F .text	0000002a __sfputc_r
00000000 l    df *ABS*	00000000 nano-vfprintf_i.c
00000000 l    df *ABS*	00000000 sbrkr.c
00000000 l    df *ABS*	00000000 stdio.c
00000000 l    df *ABS*	00000000 wbuf.c
00000000 l    df *ABS*	00000000 writer.c
00000000 l    df *ABS*	00000000 wsetup.c
00000000 l    df *ABS*	00000000 closer.c
00000000 l    df *ABS*	00000000 fflush.c
00000000 l    df *ABS*	00000000 lseekr.c
00000000 l    df *ABS*	00000000 makebuf.c
00000000 l    df *ABS*	00000000 memchr-stub.c
00000000 l    df *ABS*	00000000 memcpy-stub.c
00000000 l    df *ABS*	00000000 memmove.c
00000000 l    df *ABS*	00000000 mlock.c
00000000 l    df *ABS*	00000000 nano-mallocr.c
00000000 l    df *ABS*	00000000 nano-mallocr.c
00000000 l    df *ABS*	00000000 readr.c
00000000 l    df *ABS*	00000000 fstatr.c
00000000 l    df *ABS*	00000000 isattyr.c
00000000 l    df *ABS*	00000000 nano-mallocr.c
00000000 l    df *ABS*	00000000 close.c
00000000 l    df *ABS*	00000000 fstat.c
00000000 l    df *ABS*	00000000 isatty.c
00000000 l    df *ABS*	00000000 lseek.c
00000000 l    df *ABS*	00000000 read.c
00000000 l    df *ABS*	00000000 sbrk.c
2000089c l     O .bss	00000004 heap_end.4144
00000000 l    df *ABS*	00000000 impure.c
2000002c l     O .data	00000060 impure_data
00000000 l    df *ABS*	00000000 reent.c
080022cc g     F .text	00000010 _malloc_usable_size_r
080006d4  w    F .text	00000002 EXTI2_IRQHandler
080022ac g     F .text	00000020 _isatty_r
08002010 g     F .text	00000024 _lseek_r
08000534 g     F .text	00000002 DebugMon_Handler
08000ab8 g     F .text	00000016 DMA_Cmd
0800032c g     F .text	00000074 I2C1_Init
08001078 g     F .text	00000030 printf
200008a0 g     O .bss	00000001 __lock___atexit_recursive_mutex
080006d4  w    F .text	00000002 TIM1_CC_IRQHandler
08001c9a g     F .text	00000024 __sseek
08001198 g     F .text	00000070 __sinit
08001cc8 g     F .text	000000a4 __swbuf_r
0800052a g     F .text	00000002 HardFault_Handler
0800113c g     F .text	0000002c __sfmoreglue
08002174 g     F .text	0000000c __malloc_unlock
0800075a g     F .text	00000012 ADC_DMACmd
00000400 g       *ABS*	00000000 _Min_Stack_Size
08000eac g     F .text	00000010 TIM_OC1PreloadConfig
08000538 g     F .text	00000002 SysTick_Handler
0800077e g     F .text	0000000a ADC_StartCalibration
200008a1 g     O .bss	00000001 __lock___arc4random_mutex
080006d4  w    F .text	00000002 PVD_IRQHandler
08002134 g     F .text	00000034 memmove
0800244c g       .text	00000000 _sidata
08000536 g     F .text	00000002 PendSV_Handler
08000528 g     F .text	00000002 NMI_Handler
0800244c g       .data	00000000 __exidx_end
080006d4  w    F .text	00000002 EXTI3_IRQHandler
0800097c g     F .text	0000000c DBGMCU_GetCHIPID
08000f68 g     F .text	0000000c USART_GetFlagStatus
08002288 g     F .text	00000024 _fstat_r
200008ac g     O .bss	00000004 errno
0800244c g       .text	00000000 _etext
2000008c g       .bss	00000000 _sbss
08000fe8 g     F .text	00000050 USART_Printf_Init
08000a7c g     F .text	0000003c DMA_Init
08000224 g     F .text	00000094 PWM_Init
080003bc g     F .text	0000002c UART1_SendStr
08002118 g     F .text	0000001c memcpy
08000748 g     F .text	00000012 ADC_Cmd
08001130 g     F .text	0000000c _cleanup_r
08001444 g     F .text	00000200 _svfprintf_r
080006d4  w    F .text	00000002 EXTI0_IRQHandler
080006d4  w    F .text	00000002 I2C2_EV_IRQHandler
2000008c g     O .bss	00000002 Calibrattion_Val
08000e7c g     F .text	00000018 TIM_Cmd
20000010 g     O .data	00000004 SystemCoreClock
080022ec g     F .text	00000010 _fstat
08000530 g     F .text	00000002 UsageFault_Handler
08000d64 g     F .text	00000018 RCC_APB2PeriphClockCmd
080006d4  w    F .text	00000002 ADC1_2_IRQHandler
08000ace g     F .text	000000a0 GPIO_Init
2000008c g       .bss	00000000 __bss_start__
08000ca8 g     F .text	00000014 RCC_ADCCLKConfig
20000000 g       .data	00000000 _sdata
080006d4  w    F .text	00000002 SPI1_IRQHandler
0800076c g     F .text	0000000a ADC_ResetCalibration
08000f48 g     F .text	00000018 USART_Cmd
08001c20 g     F .text	00000020 _sbrk_r
08000c90 g     F .text	00000018 SysTick_CLKSourceConfig
080006d4  w    F .text	00000002 TAMPER_IRQHandler
08002264 g     F .text	00000024 _read_r
08000d7c g     F .text	00000018 RCC_APB1PeriphClockCmd
2000008e g     O .bss	00000800 TxBuf
0800244c g       .data	00000000 __exidx_start
200008a2 g     O .bss	00000001 __lock___env_recursive_mutex
080022fc g     F .text	00000010 _isatty
200008a3 g     O .bss	00000001 __lock___sinit_recursive_mutex
08002414 g     O .text	00000004 _global_impure_ptr
08002218 g     F .text	0000004c _realloc_r
08000d4c g     F .text	00000018 RCC_AHBPeriphClockCmd
080006d4  w    F .text	00000002 DMA1_Channel4_IRQHandler
080007a2 g     F .text	0000008e ADC_RegularChannelConfig
0800232c g     F .text	0000001c _sbrk
08000ba4 g     F .text	000000d4 I2C_Init
080006d4  w    F .text	00000002 USART3_IRQHandler
080006d4  w    F .text	00000002 RTC_IRQHandler
08000788 g     F .text	00000008 ADC_GetCalibrationStatus
200008b0 g       .bss	00000000 _ebss
080006d4  w    F .text	00000002 DMA1_Channel7_IRQHandler
08000e14 g     F .text	00000068 TIM_OC1Init
08000790 g     F .text	00000012 ADC_SoftwareStartConvCmd
08000690  w    F .text	00000030 Reset_Handler
08000776 g     F .text	00000008 ADC_GetResetCalibrationStatus
080006d4  w    F .text	00000002 CAN1_RX1_IRQHandler
08000f74 g     F .text	0000003c Delay_Init
200008a4 g     O .bss	00000001 __lock___malloc_recursive_mutex
080006d4  w    F .text	00000002 TIM4_IRQHandler
08000e94 g     F .text	00000018 TIM_ARRPreloadConfig
080023b4 g     O .text	00000020 __sf_fake_stderr
200008b0 g       .bss	00000000 end
080006d4  w    F .text	00000002 I2C1_EV_IRQHandler
080012d6 g     F .text	00000002 __retarget_lock_release_recursive
0800138c g     F .text	000000b6 __ssputs_r
080006d4  w    F .text	00000002 USBHD_IRQHandler
08000cbc g     F .text	00000090 RCC_GetClocksFreq
080006d4  w    F .text	00000002 DMA1_Channel6_IRQHandler
0800166e g     F .text	00000024 __sfputs_r
08001168 g     F .text	0000000c __sfp_lock_acquire
080020fc g     F .text	0000001c memchr
08000ec0 g     F .text	00000088 USART_Init
200008b0 g       .bss	00000000 __bss_end__
08002180 g     F .text	00000098 _free_r
080006d4  w    F .text	00000002 TIM3_IRQHandler
080006d4  w    F .text	00000002 RCC_IRQHandler
080006d4  w    F .text	00000002 TIM1_TRG_COM_IRQHandler
00000200 g       *ABS*	00000000 _Min_Heap_Size
080006d4  w    F .text	00000002 DMA1_Channel1_IRQHandler
080006d4 g       .text	00000002 Default_Handler
20000000 g     O .data	00000010 AHBPrescTable
0800230c g     F .text	00000010 _lseek
080006d4  w    F .text	00000002 EXTI15_10_IRQHandler
08000b70 g     F .text	00000034 I2C_DeInit
08000c78 g     F .text	00000018 I2C_Cmd
08001e6c g     F .text	00000020 _close_r
08001d90 g     F .text	000000dc __swsetup_r
080006d4  w    F .text	00000002 EXTI9_5_IRQHandler
08001208 g     F .text	0000008c __sfp
0800118c g     F .text	0000000c __sinit_lock_release
08001c40 g     F .text	00000022 __sread
08002168 g     F .text	0000000c __malloc_lock
080001fc g     F .text	00000028 Get_ConversionVal
08001f98 g     F .text	00000078 _fflush_r
080006d4  w    F .text	00000002 SPI2_IRQHandler
080023d4 g     O .text	00000020 __sf_fake_stdin
080012d4 g     F .text	00000002 __retarget_lock_acquire_recursive
08001068 g     F .text	00000010 memset
080001a4 g     F .text	00000056 DMA_Tx_Init
0800052c g     F .text	00000002 MemManage_Handler
080003e8 g     F .text	00000140 main
080012d2 g     F .text	00000002 __retarget_lock_init_recursive
08000532 g     F .text	00000002 SVC_Handler
08001cbe g     F .text	00000008 __sclose
080012d8 g     F .text	000000b4 _malloc_r
08000830 g     F .text	0000014a Get_CalibrationValue
080006d4  w    F .text	00000002 DMA1_Channel5_IRQHandler
080006d4  w    F .text	00000002 EXTI4_IRQHandler
08000fb0 g     F .text	00000038 Delay_Ms
080006d4  w    F .text	00000002 USB_LP_CAN1_RX0_IRQHandler
0800053c g     F .text	000000f0 SystemInit
08001078 g     F .text	00000030 iprintf
080006d4  w    F .text	00000002 USB_HP_CAN1_TX_IRQHandler
080003a0 g     F .text	0000001c Set_PWM_Duty
080010a8 g     F .text	00000040 sprintf
08001d6c g     F .text	00000024 _write_r
080006d4  w    F .text	00000002 DMA1_Channel3_IRQHandler
080018f4 g     F .text	000000de _printf_common
20000028 g     O .data	00000004 _impure_ptr
080000f0 g     F .text	000000b4 ADC_Function_Init
080006d4  w    F .text	00000002 TIM1_UP_IRQHandler
08001e8c g     F .text	0000010c __sflush_r
08001444 g     F .text	00000200 _svfiprintf_r
080006d4  w    F .text	00000002 WWDG_IRQHandler
08000dac g     F .text	00000018 RCC_APB1PeriphResetCmd
080006d4  w    F .text	00000002 TIM2_IRQHandler
080006d8 g     F .text	00000028 ADC_DeInit
080006d4  w    F .text	00000002 TIM1_BRK_IRQHandler
08002034 g     F .text	00000048 __swhatbuf_r
08000700 g     F .text	00000048 ADC_Init
20005000 g       *ABS*	00000000 _estack
08000f60 g     F .text	00000008 USART_SendData
080006d4  w    F .text	00000002 EXTI1_IRQHandler
08001038 g     F .text	00000030 _write
2000008c g       .data	00000000 _edata
200008a5 g     O .bss	00000001 __lock___at_quick_exit_mutex
08000dc4 g     F .text	00000050 TIM_TimeBaseInit
080006d4  w    F .text	00000002 RTCAlarm_IRQHandler
080006d4  w    F .text	00000002 USART2_IRQHandler
08001c62 g     F .text	00000038 __swrite
08001694 g     F .text	00000260 _vfiprintf_r
08000000 g     O .isr_vector	00000000 g_pfnVectors
08001294 g     F .text	0000003e _fwalk_reent
0800062c g     F .text	00000064 SystemCoreClockUpdate
080006d4  w    F .text	00000002 I2C2_ER_IRQHandler
080006d4  w    F .text	00000002 DMA1_Channel2_IRQHandler
08001174 g     F .text	0000000c __sfp_lock_release
080023f4 g     O .text	00000020 __sf_fake_stdout
080010a8 g     F .text	00000040 siprintf
0800231c g     F .text	00000010 _read
080006d4  w    F .text	00000002 CAN1_SCE_IRQHandler
080006d4  w    F .text	00000002 FLASH_IRQHandler
0800052e g     F .text	00000002 BusFault_Handler
080006d4  w    F .text	00000002 USART1_IRQHandler
200008a6 g     O .bss	00000001 __lock___dd_hash_mutex
0800207c g     F .text	00000080 __smakebuf_r
200008a7 g     O .bss	00000001 __lock___tz_mutex
080019d4 g     F .text	0000024c _printf_i
20000898 g     O .bss	00000004 __malloc_sbrk_start
08000d94 g     F .text	00000018 RCC_APB2PeriphResetCmd
080006d4  w    F .text	00000002 I2C1_ER_IRQHandler
08000988 g     F .text	000000f4 DMA_DeInit
20000894 g     O .bss	00000004 __malloc_free_list
08001694 g     F .text	00000260 _vfprintf_r
08000ebc g     F .text	00000004 TIM_SetCompare1
080002b8 g     F .text	00000074 UART1_Init
080006d4  w    F .text	00000002 USBWakeUp_IRQHandler
200008a8 g     O .bss	00000001 __lock___sfp_recursive_mutex
080022dc g     F .text	00000010 _close
08001180 g     F .text	0000000c __sinit_lock_acquire



Disassembly of section .text:

080000f0 <ADC_Function_Init>:
 * @brief   初始化ADC采集（保留原有逻辑）
 *
 * @return  none
 */
void ADC_Function_Init(void)
{
 80000f0:	b510      	push	{r4, lr}
	ADC_InitTypeDef ADC_InitStructure={0}; 
	GPIO_InitTypeDef GPIO_InitStructure={0};
 80000f2:	2400      	movs	r4, #0
{
 80000f4:	b086      	sub	sp, #24
	ADC_InitTypeDef ADC_InitStructure={0}; 
 80000f6:	2214      	movs	r2, #20
 80000f8:	2100      	movs	r1, #0
 80000fa:	a801      	add	r0, sp, #4
 80000fc:	f000 ffb4 	bl	8001068 <memset>

	RCC_APB2PeriphClockCmd(RCC_APB2Periph_GPIOA, ENABLE );	  
 8000100:	2101      	movs	r1, #1
 8000102:	2004      	movs	r0, #4
	GPIO_InitTypeDef GPIO_InitStructure={0};
 8000104:	9400      	str	r4, [sp, #0]
	RCC_APB2PeriphClockCmd(RCC_APB2Periph_GPIOA, ENABLE );	  
 8000106:	f000 fe2d 	bl	8000d64 <RCC_APB2PeriphClockCmd>
  RCC_APB2PeriphClockCmd(RCC_APB2Periph_ADC1, ENABLE );	 
 800010a:	2101      	movs	r1, #1
 800010c:	f44f 7000 	mov.w	r0, #512	; 0x200
 8000110:	f000 fe28 	bl	8000d64 <RCC_APB2PeriphClockCmd>
	RCC_ADCCLKConfig(RCC_PCLK2_Div8);	  
 8000114:	f44f 4040 	mov.w	r0, #49152	; 0xc000
 8000118:	f000 fdc6 	bl	8000ca8 <RCC_ADCCLKConfig>
                        
	GPIO_InitStructure.GPIO_Pin = GPIO_Pin_2;
 800011c:	2304      	movs	r3, #4
	GPIO_InitStructure.GPIO_Mode = GPIO_Mode_AIN;
	GPIO_Init(GPIOA, &GPIO_InitStructure);
 800011e:	4669      	mov	r1, sp
 8000120:	481d      	ldr	r0, [pc, #116]	; (8000198 <ADC_Function_Init+0xa8>)
	GPIO_InitStructure.GPIO_Pin = GPIO_Pin_2;
 8000122:	f8ad 3000 	strh.w	r3, [sp]
	GPIO_InitStructure.GPIO_Mode = GPIO_Mode_AIN;
 8000126:	f88d 4003 	strb.w	r4, [sp, #3]
	GPIO_Init(GPIOA, &GPIO_InitStructure);
 800012a:	f000 fcd0 	bl	8000ace <GPIO_Init>
	
	ADC_DeInit(ADC1);  
 800012e:	481b      	ldr	r0, [pc, #108]	; (800019c <ADC_Function_Init+0xac>)
 8000130:	f000 fad2 	bl	80006d8 <ADC_DeInit>
	ADC_InitStructure.ADC_Mode = ADC_Mode_Independent;
	ADC_InitStructure.ADC_ScanConvMode = DISABLE;	
 8000134:	f44f 7380 	mov.w	r3, #256	; 0x100
 8000138:	f8ad 3008 	strh.w	r3, [sp, #8]
	ADC_InitStructure.ADC_ContinuousConvMode = ENABLE;		
	ADC_InitStructure.ADC_ExternalTrigConv = ADC_ExternalTrigConv_None;	
 800013c:	f44f 2360 	mov.w	r3, #917504	; 0xe0000
	ADC_InitStructure.ADC_Mode = ADC_Mode_Independent;
 8000140:	9401      	str	r4, [sp, #4]
	ADC_InitStructure.ADC_DataAlign = ADC_DataAlign_Right;	
 8000142:	e9cd 3403 	strd	r3, r4, [sp, #12]
	ADC_InitStructure.ADC_NbrOfChannel = 1;	
 8000146:	2401      	movs	r4, #1
	ADC_Init(ADC1, &ADC_InitStructure);	 
 8000148:	4814      	ldr	r0, [pc, #80]	; (800019c <ADC_Function_Init+0xac>)
 800014a:	a901      	add	r1, sp, #4
	ADC_InitStructure.ADC_NbrOfChannel = 1;	
 800014c:	f88d 4014 	strb.w	r4, [sp, #20]
	ADC_Init(ADC1, &ADC_InitStructure);	 
 8000150:	f000 fad6 	bl	8000700 <ADC_Init>

	ADC_DMACmd(ADC1, ENABLE);  
 8000154:	4621      	mov	r1, r4
 8000156:	4811      	ldr	r0, [pc, #68]	; (800019c <ADC_Function_Init+0xac>)
 8000158:	f000 faff 	bl	800075a <ADC_DMACmd>
	ADC_Cmd(ADC1, ENABLE);
 800015c:	4621      	mov	r1, r4
 800015e:	480f      	ldr	r0, [pc, #60]	; (800019c <ADC_Function_Init+0xac>)
 8000160:	f000 faf2 	bl	8000748 <ADC_Cmd>
	
	ADC_ResetCalibration(ADC1);	
 8000164:	480d      	ldr	r0, [pc, #52]	; (800019c <ADC_Function_Init+0xac>)
 8000166:	f000 fb01 	bl	800076c <ADC_ResetCalibration>
	while(ADC_GetResetCalibrationStatus(ADC1));		
 800016a:	4c0c      	ldr	r4, [pc, #48]	; (800019c <ADC_Function_Init+0xac>)
 800016c:	4620      	mov	r0, r4
 800016e:	f000 fb02 	bl	8000776 <ADC_GetResetCalibrationStatus>
 8000172:	2800      	cmp	r0, #0
 8000174:	d1fa      	bne.n	800016c <ADC_Function_Init+0x7c>
	ADC_StartCalibration(ADC1);	 
 8000176:	4809      	ldr	r0, [pc, #36]	; (800019c <ADC_Function_Init+0xac>)
 8000178:	f000 fb01 	bl	800077e <ADC_StartCalibration>
	while(ADC_GetCalibrationStatus(ADC1));
 800017c:	4c07      	ldr	r4, [pc, #28]	; (800019c <ADC_Function_Init+0xac>)
 800017e:	4620      	mov	r0, r4
 8000180:	f000 fb02 	bl	8000788 <ADC_GetCalibrationStatus>
 8000184:	2800      	cmp	r0, #0
 8000186:	d1fa      	bne.n	800017e <ADC_Function_Init+0x8e>
	Calibrattion_Val = Get_CalibrationValue(ADC1);
 8000188:	4804      	ldr	r0, [pc, #16]	; (800019c <ADC_Function_Init+0xac>)
 800018a:	f000 fb51 	bl	8000830 <Get_CalibrationValue>
 800018e:	4b04      	ldr	r3, [pc, #16]	; (80001a0 <ADC_Function_Init+0xb0>)
 8000190:	8018      	strh	r0, [r3, #0]
}
 8000192:	b006      	add	sp, #24
 8000194:	bd10      	pop	{r4, pc}
 8000196:	bf00      	nop
 8000198:	40010800 	.word	0x40010800
 800019c:	40012400 	.word	0x40012400
 80001a0:	2000008c 	.word	0x2000008c

080001a4 <DMA_Tx_Init>:
 *          bufsize - 缓存大小
 *
 * @return  none
 */
void DMA_Tx_Init( DMA_Channel_TypeDef* DMA_CHx, u32 ppadr, u32 memadr, u16 bufsize)
{
 80001a4:	b5f0      	push	{r4, r5, r6, r7, lr}
 80001a6:	b08d      	sub	sp, #52	; 0x34
 80001a8:	4604      	mov	r4, r0
 80001aa:	460f      	mov	r7, r1
 80001ac:	4616      	mov	r6, r2
	DMA_InitTypeDef DMA_InitStructure={0};
 80001ae:	2100      	movs	r1, #0
 80001b0:	222c      	movs	r2, #44	; 0x2c
 80001b2:	a801      	add	r0, sp, #4
{
 80001b4:	461d      	mov	r5, r3
	DMA_InitTypeDef DMA_InitStructure={0};
 80001b6:	f000 ff57 	bl	8001068 <memset>

	RCC_AHBPeriphClockCmd( RCC_AHBPeriph_DMA1, ENABLE );
 80001ba:	2101      	movs	r1, #1
 80001bc:	4608      	mov	r0, r1
 80001be:	f000 fdc5 	bl	8000d4c <RCC_AHBPeriphClockCmd>
	
	DMA_DeInit(DMA_CHx);	
 80001c2:	4620      	mov	r0, r4
 80001c4:	f000 fbe0 	bl	8000988 <DMA_DeInit>
	DMA_InitStructure.DMA_MemoryBaseAddr = memadr;	
	DMA_InitStructure.DMA_DIR = DMA_DIR_PeripheralSRC;	
  DMA_InitStructure.DMA_BufferSize = bufsize; 
	DMA_InitStructure.DMA_PeripheralInc = DMA_PeripheralInc_Disable;	
	DMA_InitStructure.DMA_MemoryInc = DMA_MemoryInc_Enable;	
	DMA_InitStructure.DMA_PeripheralDataSize = DMA_PeripheralDataSize_HalfWord;	
 80001c8:	2180      	movs	r1, #128	; 0x80
 80001ca:	f44f 7380 	mov.w	r3, #256	; 0x100
	DMA_InitStructure.DMA_DIR = DMA_DIR_PeripheralSRC;	
 80001ce:	2200      	movs	r2, #0
	DMA_InitStructure.DMA_PeripheralDataSize = DMA_PeripheralDataSize_HalfWord;	
 80001d0:	e9cd 1306 	strd	r1, r3, [sp, #24]
	DMA_InitStructure.DMA_MemoryDataSize = DMA_MemoryDataSize_HalfWord;	
 80001d4:	f44f 6380 	mov.w	r3, #1024	; 0x400
	DMA_InitStructure.DMA_Mode = DMA_Mode_Normal;	
 80001d8:	e9cd 3208 	strd	r3, r2, [sp, #32]
	DMA_InitStructure.DMA_Priority = DMA_Priority_VeryHigh;	
 80001dc:	f44f 5340 	mov.w	r3, #12288	; 0x3000
	DMA_InitStructure.DMA_M2M = DMA_M2M_Disable;	
	DMA_Init( DMA_CHx, &DMA_InitStructure );	
 80001e0:	4620      	mov	r0, r4
 80001e2:	a901      	add	r1, sp, #4
	DMA_InitStructure.DMA_MemoryBaseAddr = memadr;	
 80001e4:	e9cd 7601 	strd	r7, r6, [sp, #4]
  DMA_InitStructure.DMA_BufferSize = bufsize; 
 80001e8:	e9cd 2503 	strd	r2, r5, [sp, #12]
	DMA_InitStructure.DMA_M2M = DMA_M2M_Disable;	
 80001ec:	e9cd 320a 	strd	r3, r2, [sp, #40]	; 0x28
	DMA_InitStructure.DMA_PeripheralInc = DMA_PeripheralInc_Disable;	
 80001f0:	9205      	str	r2, [sp, #20]
	DMA_Init( DMA_CHx, &DMA_InitStructure );	
 80001f2:	f000 fc43 	bl	8000a7c <DMA_Init>
}
 80001f6:	b00d      	add	sp, #52	; 0x34
 80001f8:	bdf0      	pop	{r4, r5, r6, r7, pc}
	...

080001fc <Get_ConversionVal>:
 *
 * @return  补偿后的值
 */
u16 Get_ConversionVal(s16 val)
{
	if((val+Calibrattion_Val)<0) return 0;
 80001fc:	4b08      	ldr	r3, [pc, #32]	; (8000220 <Get_ConversionVal+0x24>)
 80001fe:	f9b3 3000 	ldrsh.w	r3, [r3]
 8000202:	18c3      	adds	r3, r0, r3
 8000204:	d408      	bmi.n	8000218 <Get_ConversionVal+0x1c>
	if((Calibrattion_Val + val) > 4095||val==4095) return 4095;
 8000206:	f5b3 5f80 	cmp.w	r3, #4096	; 0x1000
 800020a:	f640 72ff 	movw	r2, #4095	; 0xfff
 800020e:	da05      	bge.n	800021c <Get_ConversionVal+0x20>
 8000210:	4290      	cmp	r0, r2
 8000212:	d004      	beq.n	800021e <Get_ConversionVal+0x22>
	return (val+Calibrattion_Val);
 8000214:	b298      	uxth	r0, r3
 8000216:	4770      	bx	lr
	if((val+Calibrattion_Val)<0) return 0;
 8000218:	2000      	movs	r0, #0
 800021a:	4770      	bx	lr
	if((Calibrattion_Val + val) > 4095||val==4095) return 4095;
 800021c:	4610      	mov	r0, r2
}
 800021e:	4770      	bx	lr
 8000220:	2000008c 	.word	0x2000008c

08000224 <PWM_Init>:
 * @brief   新增：初始化PWM（TIM2 CH1/PA0）
 *
 * @return  none
 */
void PWM_Init(void)
{
 8000224:	b510      	push	{r4, lr}
    GPIO_InitTypeDef GPIO_InitStructure={0};
    TIM_TimeBaseInitTypeDef TIM_TimeBaseStructure={0};
    TIM_OCInitTypeDef TIM_OCInitStructure={0};
 8000226:	2210      	movs	r2, #16
    GPIO_InitTypeDef GPIO_InitStructure={0};
 8000228:	2400      	movs	r4, #0
{
 800022a:	b088      	sub	sp, #32
    TIM_OCInitTypeDef TIM_OCInitStructure={0};
 800022c:	eb0d 0002 	add.w	r0, sp, r2
 8000230:	4621      	mov	r1, r4
    TIM_TimeBaseInitTypeDef TIM_TimeBaseStructure={0};
 8000232:	e9cd 4400 	strd	r4, r4, [sp]
 8000236:	9402      	str	r4, [sp, #8]
 8000238:	f8ad 400c 	strh.w	r4, [sp, #12]
    TIM_OCInitTypeDef TIM_OCInitStructure={0};
 800023c:	f000 ff14 	bl	8001068 <memset>

    // 使能时钟
    RCC_APB1PeriphClockCmd(RCC_APB1Periph_TIM2, ENABLE);
 8000240:	2101      	movs	r1, #1
 8000242:	4608      	mov	r0, r1
 8000244:	f000 fd9a 	bl	8000d7c <RCC_APB1PeriphClockCmd>
    RCC_APB2PeriphClockCmd(RCC_APB2Periph_GPIOA | RCC_APB2Periph_AFIO, ENABLE);
 8000248:	2101      	movs	r1, #1
 800024a:	2005      	movs	r0, #5
 800024c:	f000 fd8a 	bl	8000d64 <RCC_APB2PeriphClockCmd>

    // 配置PA0为复用推挽输出
    GPIO_InitStructure.GPIO_Pin = PWM_CH1_PIN;
 8000250:	4b16      	ldr	r3, [pc, #88]	; (80002ac <PWM_Init+0x88>)
    GPIO_InitStructure.GPIO_Mode = GPIO_Mode_AF_PP;
    GPIO_InitStructure.GPIO_Speed = GPIO_Speed_50MHz;
    GPIO_Init(PWM_CH1_PORT, &GPIO_InitStructure);
 8000252:	4669      	mov	r1, sp
 8000254:	4816      	ldr	r0, [pc, #88]	; (80002b0 <PWM_Init+0x8c>)
    GPIO_InitStructure.GPIO_Pin = PWM_CH1_PIN;
 8000256:	9300      	str	r3, [sp, #0]
    GPIO_Init(PWM_CH1_PORT, &GPIO_InitStructure);
 8000258:	f000 fc39 	bl	8000ace <GPIO_Init>

    // TIM2时基配置：72MHz/72=1MHz → 1000级PWM（1kHz频率）
    TIM_TimeBaseStructure.TIM_Period = 999;
 800025c:	2247      	movs	r2, #71	; 0x47
 800025e:	f240 33e7 	movw	r3, #999	; 0x3e7
    TIM_TimeBaseStructure.TIM_Prescaler = 71;
    TIM_TimeBaseStructure.TIM_ClockDivision = 0;
    TIM_TimeBaseStructure.TIM_CounterMode = TIM_CounterMode_Up;
    TIM_TimeBaseInit(TIM2, &TIM_TimeBaseStructure);
 8000262:	a901      	add	r1, sp, #4
 8000264:	f04f 4080 	mov.w	r0, #1073741824	; 0x40000000
    TIM_TimeBaseStructure.TIM_Period = 999;
 8000268:	e9cd 2301 	strd	r2, r3, [sp, #4]
    TIM_TimeBaseInit(TIM2, &TIM_TimeBaseStructure);
 800026c:	f000 fdaa 	bl	8000dc4 <TIM_TimeBaseInit>

    // PWM模式1：CNT < CCR时输出高电平
    TIM_OCInitStructure.TIM_OCMode = TIM_OCMode_PWM1;
 8000270:	4b10      	ldr	r3, [pc, #64]	; (80002b4 <PWM_Init+0x90>)
    TIM_OCInitStructure.TIM_OutputState = TIM_OutputState_Enable;
    TIM_OCInitStructure.TIM_Pulse = 500; // 初始50%占空比
    TIM_OCInitStructure.TIM_OCPolarity = TIM_OCPolarity_High;
    TIM_OC1Init(TIM2, &TIM_OCInitStructure);
 8000272:	a904      	add	r1, sp, #16
    TIM_OCInitStructure.TIM_OCMode = TIM_OCMode_PWM1;
 8000274:	9304      	str	r3, [sp, #16]
    TIM_OCInitStructure.TIM_Pulse = 500; // 初始50%占空比
 8000276:	f44f 73fa 	mov.w	r3, #500	; 0x1f4
    TIM_OC1Init(TIM2, &TIM_OCInitStructure);
 800027a:	f04f 4080 	mov.w	r0, #1073741824	; 0x40000000
    TIM_OCInitStructure.TIM_Pulse = 500; // 初始50%占空比
 800027e:	f8ad 3016 	strh.w	r3, [sp, #22]
    TIM_OCInitStructure.TIM_OCPolarity = TIM_OCPolarity_High;
 8000282:	f8ad 4018 	strh.w	r4, [sp, #24]
    TIM_OC1Init(TIM2, &TIM_OCInitStructure);
 8000286:	f000 fdc5 	bl	8000e14 <TIM_OC1Init>

    // 使能预装载
    TIM_OC1PreloadConfig(TIM2, TIM_OCPreload_Enable);
 800028a:	2108      	movs	r1, #8
 800028c:	f04f 4080 	mov.w	r0, #1073741824	; 0x40000000
 8000290:	f000 fe0c 	bl	8000eac <TIM_OC1PreloadConfig>
    TIM_ARRPreloadConfig(TIM2, ENABLE);
 8000294:	2101      	movs	r1, #1
 8000296:	f04f 4080 	mov.w	r0, #1073741824	; 0x40000000
 800029a:	f000 fdfb 	bl	8000e94 <TIM_ARRPreloadConfig>

    // 启动TIM2
    TIM_Cmd(TIM2, ENABLE);
 800029e:	2101      	movs	r1, #1
 80002a0:	f04f 4080 	mov.w	r0, #1073741824	; 0x40000000
 80002a4:	f000 fdea 	bl	8000e7c <TIM_Cmd>
}
 80002a8:	b008      	add	sp, #32
 80002aa:	bd10      	pop	{r4, pc}
 80002ac:	18030001 	.word	0x18030001
 80002b0:	40010800 	.word	0x40010800
 80002b4:	00010060 	.word	0x00010060

080002b8 <UART1_Init>:
 * @param   baudrate - 波特率
 *
 * @return  none
 */
void UART1_Init(u32 baudrate)
{
 80002b8:	b570      	push	{r4, r5, r6, lr}
    GPIO_InitTypeDef GPIO_InitStructure={0};
 80002ba:	2400      	movs	r4, #0
{
 80002bc:	b086      	sub	sp, #24
    USART_InitTypeDef USART_InitStructure={0};
 80002be:	2210      	movs	r2, #16
{
 80002c0:	4605      	mov	r5, r0
    USART_InitTypeDef USART_InitStructure={0};
 80002c2:	4621      	mov	r1, r4
 80002c4:	a802      	add	r0, sp, #8

    // PA9(TX) 复用推挽输出
    GPIO_InitStructure.GPIO_Pin = GPIO_Pin_9;
    GPIO_InitStructure.GPIO_Mode = GPIO_Mode_AF_PP;
    GPIO_InitStructure.GPIO_Speed = GPIO_Speed_50MHz;
    GPIO_Init(GPIOA, &GPIO_InitStructure);
 80002c6:	4e16      	ldr	r6, [pc, #88]	; (8000320 <UART1_Init+0x68>)
    GPIO_InitTypeDef GPIO_InitStructure={0};
 80002c8:	9401      	str	r4, [sp, #4]
    USART_InitTypeDef USART_InitStructure={0};
 80002ca:	f000 fecd 	bl	8001068 <memset>
    RCC_APB2PeriphClockCmd(RCC_APB2Periph_USART1 | RCC_APB2Periph_GPIOA, ENABLE);
 80002ce:	2101      	movs	r1, #1
 80002d0:	f244 0004 	movw	r0, #16388	; 0x4004
 80002d4:	f000 fd46 	bl	8000d64 <RCC_APB2PeriphClockCmd>
    GPIO_InitStructure.GPIO_Pin = GPIO_Pin_9;
 80002d8:	4b12      	ldr	r3, [pc, #72]	; (8000324 <UART1_Init+0x6c>)
    GPIO_Init(GPIOA, &GPIO_InitStructure);
 80002da:	4630      	mov	r0, r6
 80002dc:	a901      	add	r1, sp, #4
    GPIO_InitStructure.GPIO_Pin = GPIO_Pin_9;
 80002de:	9301      	str	r3, [sp, #4]
    GPIO_Init(GPIOA, &GPIO_InitStructure);
 80002e0:	f000 fbf5 	bl	8000ace <GPIO_Init>

    // PA10(RX) 浮空输入
    GPIO_InitStructure.GPIO_Pin = GPIO_Pin_10;
 80002e4:	f44f 6380 	mov.w	r3, #1024	; 0x400
 80002e8:	f8ad 3004 	strh.w	r3, [sp, #4]
    GPIO_InitStructure.GPIO_Mode = GPIO_Mode_IN_FLOATING;
 80002ec:	2304      	movs	r3, #4
    GPIO_Init(GPIOA, &GPIO_InitStructure);
 80002ee:	4630      	mov	r0, r6
 80002f0:	eb0d 0103 	add.w	r1, sp, r3
    GPIO_InitStructure.GPIO_Mode = GPIO_Mode_IN_FLOATING;
 80002f4:	f88d 3007 	strb.w	r3, [sp, #7]
    GPIO_Init(GPIOA, &GPIO_InitStructure);
 80002f8:	f000 fbe9 	bl	8000ace <GPIO_Init>

    // UART配置
    USART_InitStructure.USART_BaudRate = baudrate;
    USART_InitStructure.USART_WordLength = USART_WordLength_8b;
    USART_InitStructure.USART_StopBits = USART_StopBits_1;
    USART_InitStructure.USART_Parity = USART_Parity_No;
 80002fc:	f44f 2340 	mov.w	r3, #786432	; 0xc0000
    USART_InitStructure.USART_WordLength = USART_WordLength_8b;
 8000300:	e9cd 5402 	strd	r5, r4, [sp, #8]
    USART_InitStructure.USART_HardwareFlowControl = USART_HardwareFlowControl_None;
 8000304:	f8ad 4014 	strh.w	r4, [sp, #20]
    USART_InitStructure.USART_Mode = USART_Mode_Rx | USART_Mode_Tx;
    USART_Init(USART1, &USART_InitStructure);
 8000308:	4c07      	ldr	r4, [pc, #28]	; (8000328 <UART1_Init+0x70>)
 800030a:	a902      	add	r1, sp, #8
 800030c:	4620      	mov	r0, r4
    USART_InitStructure.USART_Parity = USART_Parity_No;
 800030e:	9304      	str	r3, [sp, #16]
    USART_Init(USART1, &USART_InitStructure);
 8000310:	f000 fdd6 	bl	8000ec0 <USART_Init>

    // 使能UART1
    USART_Cmd(USART1, ENABLE);
 8000314:	2101      	movs	r1, #1
 8000316:	4620      	mov	r0, r4
 8000318:	f000 fe16 	bl	8000f48 <USART_Cmd>
}
 800031c:	b006      	add	sp, #24
 800031e:	bd70      	pop	{r4, r5, r6, pc}
 8000320:	40010800 	.word	0x40010800
 8000324:	18030200 	.word	0x18030200
 8000328:	40013800 	.word	0x40013800

0800032c <I2C1_Init>:
 *
 * @return  none
 */
void I2C1_Init(void)
{
    GPIO_InitTypeDef GPIO_InitStructure={0};
 800032c:	2100      	movs	r1, #0
{
 800032e:	b510      	push	{r4, lr}
 8000330:	b086      	sub	sp, #24
    I2C_InitTypeDef I2C_InitStructure={0};
 8000332:	2210      	movs	r2, #16
 8000334:	a802      	add	r0, sp, #8
    GPIO_InitTypeDef GPIO_InitStructure={0};
 8000336:	9101      	str	r1, [sp, #4]
    I2C_InitTypeDef I2C_InitStructure={0};
 8000338:	f000 fe96 	bl	8001068 <memset>

    // 使能时钟
    RCC_APB2PeriphClockCmd(RCC_APB2Periph_GPIOA | RCC_APB2Periph_AFIO, ENABLE);
 800033c:	2101      	movs	r1, #1
 800033e:	2005      	movs	r0, #5
 8000340:	f000 fd10 	bl	8000d64 <RCC_APB2PeriphClockCmd>
    RCC_APB1PeriphClockCmd(RCC_APB1Periph_I2C1, ENABLE);
 8000344:	2101      	movs	r1, #1
 8000346:	f44f 1000 	mov.w	r0, #2097152	; 0x200000
 800034a:	f000 fd17 	bl	8000d7c <RCC_APB1PeriphClockCmd>
    GPIO_InitStructure.GPIO_Mode = GPIO_Mode_AF_OD;
    GPIO_InitStructure.GPIO_Speed = GPIO_Speed_50MHz;
    GPIO_Init(GPIOA, &GPIO_InitStructure);

    // I2C配置：100kHz
    I2C_DeInit(I2C1);
 800034e:	4c0f      	ldr	r4, [pc, #60]	; (800038c <I2C1_Init+0x60>)
    GPIO_InitStructure.GPIO_Pin = I2C_SCL_PIN | I2C_SDA_PIN;
 8000350:	4b0f      	ldr	r3, [pc, #60]	; (8000390 <I2C1_Init+0x64>)
    GPIO_Init(GPIOA, &GPIO_InitStructure);
 8000352:	a901      	add	r1, sp, #4
 8000354:	480f      	ldr	r0, [pc, #60]	; (8000394 <I2C1_Init+0x68>)
    GPIO_InitStructure.GPIO_Pin = I2C_SCL_PIN | I2C_SDA_PIN;
 8000356:	9301      	str	r3, [sp, #4]
    GPIO_Init(GPIOA, &GPIO_InitStructure);
 8000358:	f000 fbb9 	bl	8000ace <GPIO_Init>
    I2C_DeInit(I2C1);
 800035c:	4620      	mov	r0, r4
 800035e:	f000 fc07 	bl	8000b70 <I2C_DeInit>
    I2C_InitStructure.I2C_Mode = I2C_Mode_I2C;
 8000362:	4a0d      	ldr	r2, [pc, #52]	; (8000398 <I2C1_Init+0x6c>)
 8000364:	4b0d      	ldr	r3, [pc, #52]	; (800039c <I2C1_Init+0x70>)
    I2C_InitStructure.I2C_DutyCycle = I2C_DutyCycle_2;
    I2C_InitStructure.I2C_OwnAddress1 = 0x00;
    I2C_InitStructure.I2C_Ack = I2C_Ack_Enable;
    I2C_InitStructure.I2C_AcknowledgedAddress = I2C_AcknowledgedAddress_7bit;
    I2C_InitStructure.I2C_ClockSpeed = 100000;
    I2C_Init(I2C1, &I2C_InitStructure);
 8000366:	4620      	mov	r0, r4
    I2C_InitStructure.I2C_Mode = I2C_Mode_I2C;
 8000368:	e9cd 2302 	strd	r2, r3, [sp, #8]
    I2C_InitStructure.I2C_OwnAddress1 = 0x00;
 800036c:	f04f 6380 	mov.w	r3, #67108864	; 0x4000000
 8000370:	9304      	str	r3, [sp, #16]
    I2C_InitStructure.I2C_AcknowledgedAddress = I2C_AcknowledgedAddress_7bit;
 8000372:	f44f 4380 	mov.w	r3, #16384	; 0x4000
    I2C_Init(I2C1, &I2C_InitStructure);
 8000376:	a902      	add	r1, sp, #8
    I2C_InitStructure.I2C_AcknowledgedAddress = I2C_AcknowledgedAddress_7bit;
 8000378:	f8ad 3014 	strh.w	r3, [sp, #20]
    I2C_Init(I2C1, &I2C_InitStructure);
 800037c:	f000 fc12 	bl	8000ba4 <I2C_Init>

    // 使能I2C1
    I2C_Cmd(I2C1, ENABLE);
 8000380:	2101      	movs	r1, #1
 8000382:	4620      	mov	r0, r4
 8000384:	f000 fc78 	bl	8000c78 <I2C_Cmd>
}
 8000388:	b006      	add	sp, #24
 800038a:	bd10      	pop	{r4, pc}
 800038c:	40005400 	.word	0x40005400
 8000390:	1c0300c0 	.word	0x1c0300c0
 8000394:	40010800 	.word	0x40010800
 8000398:	000186a0 	.word	0x000186a0
 800039c:	bfff0000 	.word	0xbfff0000

080003a0 <Set_PWM_Duty>:
 * @return  none
 */
void Set_PWM_Duty(u8 duty)
{
    if(duty > 100) duty = 100;
    u16 ccr_val = (duty * 999) / 100; // 对应ARR=999
 80003a0:	2864      	cmp	r0, #100	; 0x64
 80003a2:	bf28      	it	cs
 80003a4:	2064      	movcs	r0, #100	; 0x64
 80003a6:	f240 31e7 	movw	r1, #999	; 0x3e7
 80003aa:	4341      	muls	r1, r0
 80003ac:	2064      	movs	r0, #100	; 0x64
 80003ae:	fbb1 f1f0 	udiv	r1, r1, r0
    TIM_SetCompare1(TIM2, ccr_val);
 80003b2:	f04f 4080 	mov.w	r0, #1073741824	; 0x40000000
 80003b6:	b289      	uxth	r1, r1
 80003b8:	f000 bd80 	b.w	8000ebc <TIM_SetCompare1>

080003bc <UART1_SendStr>:
 * @param   str - 字符串指针
 *
 * @return  none
 */
void UART1_SendStr(char *str)
{
 80003bc:	b538      	push	{r3, r4, r5, lr}
    while(*str)
    {
        while(USART_GetFlagStatus(USART1, USART_FLAG_TXE) == RESET);
 80003be:	4d09      	ldr	r5, [pc, #36]	; (80003e4 <UART1_SendStr+0x28>)
 80003c0:	1e44      	subs	r4, r0, #1
    while(*str)
 80003c2:	f914 3f01 	ldrsb.w	r3, [r4, #1]!
 80003c6:	b903      	cbnz	r3, 80003ca <UART1_SendStr+0xe>
        USART_SendData(USART1, *str++);
    }
}
 80003c8:	bd38      	pop	{r3, r4, r5, pc}
        while(USART_GetFlagStatus(USART1, USART_FLAG_TXE) == RESET);
 80003ca:	2180      	movs	r1, #128	; 0x80
 80003cc:	4805      	ldr	r0, [pc, #20]	; (80003e4 <UART1_SendStr+0x28>)
 80003ce:	f000 fdcb 	bl	8000f68 <USART_GetFlagStatus>
 80003d2:	2800      	cmp	r0, #0
 80003d4:	d0f9      	beq.n	80003ca <UART1_SendStr+0xe>
        USART_SendData(USART1, *str++);
 80003d6:	f994 1000 	ldrsb.w	r1, [r4]
 80003da:	4628      	mov	r0, r5
 80003dc:	b289      	uxth	r1, r1
 80003de:	f000 fdbf 	bl	8000f60 <USART_SendData>
 80003e2:	e7ee      	b.n	80003c2 <UART1_SendStr+0x6>
 80003e4:	40013800 	.word	0x40013800

080003e8 <main>:
 * @brief   主函数（保留ADC+DMA，新增PWM/UART/I2C初始化和测试）
 *
 * @return  none
 */
int main(void)
{
 80003e8:	b57f      	push	{r0, r1, r2, r3, r4, r5, r6, lr}
	u16 i;
    u8 pwm_duty = 50; // 初始PWM占空比
	
	SystemCoreClockUpdate();
 80003ea:	f000 f91f 	bl	800062c <SystemCoreClockUpdate>
	Delay_Init();
 80003ee:	f000 fdc1 	bl	8000f74 <Delay_Init>
	USART_Printf_Init(115200); // 原有调试串口
 80003f2:	f44f 30e1 	mov.w	r0, #115200	; 0x1c200
 80003f6:	f000 fdf7 	bl	8000fe8 <USART_Printf_Init>
	printf("SystemClk:%d\r\n",SystemCoreClock);
 80003fa:	4b3e      	ldr	r3, [pc, #248]	; (80004f4 <main+0x10c>)
 80003fc:	483e      	ldr	r0, [pc, #248]	; (80004f8 <main+0x110>)
 80003fe:	6819      	ldr	r1, [r3, #0]
 8000400:	f000 fe3a 	bl	8001078 <iprintf>
	printf( "ChipID:%08x\r\n", DBGMCU_GetCHIPID() );
 8000404:	f000 faba 	bl	800097c <DBGMCU_GetCHIPID>
 8000408:	4601      	mov	r1, r0
 800040a:	483c      	ldr	r0, [pc, #240]	; (80004fc <main+0x114>)
 800040c:	f000 fe34 	bl	8001078 <iprintf>

    // 初始化新增功能
    PWM_Init();
 8000410:	f7ff ff08 	bl	8000224 <PWM_Init>
    UART1_Init(UART_BAUDRATE);
 8000414:	f44f 30e1 	mov.w	r0, #115200	; 0x1c200
 8000418:	f7ff ff4e 	bl	80002b8 <UART1_Init>
    I2C1_Init();
 800041c:	f7ff ff86 	bl	800032c <I2C1_Init>
    UART1_SendStr("CH32F103 PWM+UART+I2C Init OK\r\n");
 8000420:	4837      	ldr	r0, [pc, #220]	; (8000500 <main+0x118>)
 8000422:	f7ff ffcb 	bl	80003bc <UART1_SendStr>

	// 原有ADC+DMA初始化
	ADC_Function_Init();
 8000426:	f7ff fe63 	bl	80000f0 <ADC_Function_Init>
	printf("CalibrattionValue:%d\n", Calibrattion_Val);
 800042a:	4b36      	ldr	r3, [pc, #216]	; (8000504 <main+0x11c>)
	
	DMA_Tx_Init( DMA1_Channel1, (u32)&ADC1->RDATAR, (u32)TxBuf, 1024 );  
 800042c:	4d36      	ldr	r5, [pc, #216]	; (8000508 <main+0x120>)
	printf("CalibrattionValue:%d\n", Calibrattion_Val);
 800042e:	f9b3 1000 	ldrsh.w	r1, [r3]
 8000432:	4836      	ldr	r0, [pc, #216]	; (800050c <main+0x124>)
 8000434:	f000 fe20 	bl	8001078 <iprintf>
	DMA_Tx_Init( DMA1_Channel1, (u32)&ADC1->RDATAR, (u32)TxBuf, 1024 );  
 8000438:	f44f 6380 	mov.w	r3, #1024	; 0x400
 800043c:	462a      	mov	r2, r5
 800043e:	4934      	ldr	r1, [pc, #208]	; (8000510 <main+0x128>)
 8000440:	4834      	ldr	r0, [pc, #208]	; (8000514 <main+0x12c>)
 8000442:	f7ff feaf 	bl	80001a4 <DMA_Tx_Init>
	DMA_Cmd( DMA1_Channel1, ENABLE );		
 8000446:	2101      	movs	r1, #1
 8000448:	4832      	ldr	r0, [pc, #200]	; (8000514 <main+0x12c>)
 800044a:	f000 fb35 	bl	8000ab8 <DMA_Cmd>
	
	ADC_RegularChannelConfig(ADC1, ADC_Channel_2, 1, ADC_SampleTime_239Cycles5 );	
 800044e:	2307      	movs	r3, #7
 8000450:	2201      	movs	r2, #1
 8000452:	2102      	movs	r1, #2
 8000454:	4830      	ldr	r0, [pc, #192]	; (8000518 <main+0x130>)
 8000456:	f000 f9a4 	bl	80007a2 <ADC_RegularChannelConfig>
	ADC_SoftwareStartConvCmd(ADC1, ENABLE);			
 800045a:	2101      	movs	r1, #1
 800045c:	482e      	ldr	r0, [pc, #184]	; (8000518 <main+0x130>)
 800045e:	f000 f997 	bl	8000790 <ADC_SoftwareStartConvCmd>
    Delay_Ms(50);
 8000462:	2032      	movs	r0, #50	; 0x32
 8000464:	f000 fda4 	bl	8000fb0 <Delay_Ms>
	ADC_SoftwareStartConvCmd(ADC1, DISABLE);	
 8000468:	2100      	movs	r1, #0
 800046a:	482b      	ldr	r0, [pc, #172]	; (8000518 <main+0x130>)
 800046c:	f000 f990 	bl	8000790 <ADC_SoftwareStartConvCmd>
 8000470:	f44f 6480 	mov.w	r4, #1024	; 0x400
	
	// 打印ADC采样值（原有逻辑）
	for(i=0; i<1024; i++){
		printf( "%04d\r\n", Get_ConversionVal(TxBuf[i]));
 8000474:	4e29      	ldr	r6, [pc, #164]	; (800051c <main+0x134>)
 8000476:	f935 0b02 	ldrsh.w	r0, [r5], #2
 800047a:	f7ff febf 	bl	80001fc <Get_ConversionVal>
 800047e:	3c01      	subs	r4, #1
 8000480:	4601      	mov	r1, r0
 8000482:	4630      	mov	r0, r6
 8000484:	f000 fdf8 	bl	8001078 <iprintf>
		Delay_Ms(10);
 8000488:	b2a4      	uxth	r4, r4
 800048a:	200a      	movs	r0, #10
 800048c:	f000 fd90 	bl	8000fb0 <Delay_Ms>
	for(i=0; i<1024; i++){
 8000490:	2c00      	cmp	r4, #0
 8000492:	d1f0      	bne.n	8000476 <main+0x8e>
    {
        // PWM占空比从0到100渐变
        for(pwm_duty=0; pwm_duty<=100; pwm_duty+=5)
        {
            Set_PWM_Duty(pwm_duty);
            UART1_SendStr("PWM Duty: ");
 8000494:	4e22      	ldr	r6, [pc, #136]	; (8000520 <main+0x138>)
            // 打印占空比到UART1
            char duty_str[16];
            sprintf(duty_str, "%d%%\r\n", pwm_duty);
 8000496:	4d23      	ldr	r5, [pc, #140]	; (8000524 <main+0x13c>)
            Set_PWM_Duty(pwm_duty);
 8000498:	b2e0      	uxtb	r0, r4
 800049a:	f7ff ff81 	bl	80003a0 <Set_PWM_Duty>
            UART1_SendStr("PWM Duty: ");
 800049e:	4630      	mov	r0, r6
 80004a0:	f7ff ff8c 	bl	80003bc <UART1_SendStr>
            sprintf(duty_str, "%d%%\r\n", pwm_duty);
 80004a4:	4622      	mov	r2, r4
 80004a6:	4629      	mov	r1, r5
 80004a8:	4668      	mov	r0, sp
 80004aa:	f000 fdfd 	bl	80010a8 <siprintf>
            UART1_SendStr(duty_str);
 80004ae:	4668      	mov	r0, sp
 80004b0:	f7ff ff84 	bl	80003bc <UART1_SendStr>
            Delay_Ms(500);
 80004b4:	3405      	adds	r4, #5
 80004b6:	f44f 70fa 	mov.w	r0, #500	; 0x1f4
 80004ba:	f000 fd79 	bl	8000fb0 <Delay_Ms>
        for(pwm_duty=0; pwm_duty<=100; pwm_duty+=5)
 80004be:	2c69      	cmp	r4, #105	; 0x69
 80004c0:	d1ea      	bne.n	8000498 <main+0xb0>
        }
        for(pwm_duty=100; pwm_duty>=0; pwm_duty-=5)
 80004c2:	2464      	movs	r4, #100	; 0x64
        {
            Set_PWM_Duty(pwm_duty);
            UART1_SendStr("PWM Duty: ");
 80004c4:	4e16      	ldr	r6, [pc, #88]	; (8000520 <main+0x138>)
            char duty_str[16];
            sprintf(duty_str, "%d%%\r\n", pwm_duty);
 80004c6:	4d17      	ldr	r5, [pc, #92]	; (8000524 <main+0x13c>)
            Set_PWM_Duty(pwm_duty);
 80004c8:	4620      	mov	r0, r4
 80004ca:	f7ff ff69 	bl	80003a0 <Set_PWM_Duty>
            UART1_SendStr("PWM Duty: ");
 80004ce:	4630      	mov	r0, r6
 80004d0:	f7ff ff74 	bl	80003bc <UART1_SendStr>
            sprintf(duty_str, "%d%%\r\n", pwm_duty);
 80004d4:	4622      	mov	r2, r4
 80004d6:	4629      	mov	r1, r5
 80004d8:	4668      	mov	r0, sp
 80004da:	f000 fde5 	bl	80010a8 <siprintf>
            UART1_SendStr(duty_str);
 80004de:	4668      	mov	r0, sp
 80004e0:	f7ff ff6c 	bl	80003bc <UART1_SendStr>
        for(pwm_duty=100; pwm_duty>=0; pwm_duty-=5)
 80004e4:	3c05      	subs	r4, #5
            Delay_Ms(500);
 80004e6:	f44f 70fa 	mov.w	r0, #500	; 0x1f4
 80004ea:	f000 fd61 	bl	8000fb0 <Delay_Ms>
        for(pwm_duty=100; pwm_duty>=0; pwm_duty-=5)
 80004ee:	b2e4      	uxtb	r4, r4
 80004f0:	e7ea      	b.n	80004c8 <main+0xe0>
 80004f2:	bf00      	nop
 80004f4:	20000010 	.word	0x20000010
 80004f8:	08002348 	.word	0x08002348
 80004fc:	08002357 	.word	0x08002357
 8000500:	08002365 	.word	0x08002365
 8000504:	2000008c 	.word	0x2000008c
 8000508:	2000008e 	.word	0x2000008e
 800050c:	08002385 	.word	0x08002385
 8000510:	4001244c 	.word	0x4001244c
 8000514:	40020008 	.word	0x40020008
 8000518:	40012400 	.word	0x40012400
 800051c:	0800239b 	.word	0x0800239b
 8000520:	080023a2 	.word	0x080023a2
 8000524:	080023ad 	.word	0x080023ad

08000528 <NMI_Handler>:
 *
 * @return  none
 */
void NMI_Handler(void)
{
  while (1)
 8000528:	e7fe      	b.n	8000528 <NMI_Handler>

0800052a <HardFault_Handler>:
 *
 * @return  none
 */
void HardFault_Handler(void)
{
  while (1)
 800052a:	e7fe      	b.n	800052a <HardFault_Handler>

0800052c <MemManage_Handler>:
 *
 * @return  none
 */
void MemManage_Handler(void)
{
  while (1)
 800052c:	e7fe      	b.n	800052c <MemManage_Handler>

0800052e <BusFault_Handler>:
 *
 * @return  none
 */
void BusFault_Handler(void)
{
  while (1)
 800052e:	e7fe      	b.n	800052e <BusFault_Handler>

08000530 <UsageFault_Handler>:
 *
 * @return  none
 */
void UsageFault_Handler(void)
{
  while (1)
 8000530:	e7fe      	b.n	8000530 <UsageFault_Handler>

08000532 <SVC_Handler>:
 *
 * @return  none
 */
void SVC_Handler(void)
{
}
 8000532:	4770      	bx	lr

08000534 <DebugMon_Handler>:
 8000534:	4770      	bx	lr

08000536 <PendSV_Handler>:
 8000536:	4770      	bx	lr

08000538 <SysTick_Handler>:
 8000538:	4770      	bx	lr
	...

0800053c <SystemInit>:
 *
 * @return  none
 */
void SystemInit (void)
{
  RCC->CTLR |= (uint32_t)0x00000001;
 800053c:	4b37      	ldr	r3, [pc, #220]	; (800061c <SystemInit+0xe0>)
{
 800053e:	b082      	sub	sp, #8
  RCC->CTLR |= (uint32_t)0x00000001;
 8000540:	681a      	ldr	r2, [r3, #0]
 8000542:	f042 0201 	orr.w	r2, r2, #1
 8000546:	601a      	str	r2, [r3, #0]
  RCC->CFGR0 &= (uint32_t)0xF8FF0000;
 8000548:	6859      	ldr	r1, [r3, #4]
 800054a:	4a35      	ldr	r2, [pc, #212]	; (8000620 <SystemInit+0xe4>)
 800054c:	400a      	ands	r2, r1
 800054e:	605a      	str	r2, [r3, #4]
  RCC->CTLR &= (uint32_t)0xFEF6FFFF;
 8000550:	681a      	ldr	r2, [r3, #0]
 8000552:	f022 7284 	bic.w	r2, r2, #17301504	; 0x1080000
 8000556:	f422 3280 	bic.w	r2, r2, #65536	; 0x10000
 800055a:	601a      	str	r2, [r3, #0]
  RCC->CTLR &= (uint32_t)0xFFFBFFFF;
 800055c:	681a      	ldr	r2, [r3, #0]
 800055e:	f422 2280 	bic.w	r2, r2, #262144	; 0x40000
 8000562:	601a      	str	r2, [r3, #0]
  RCC->CFGR0 &= (uint32_t)0xFF80FFFF;
 8000564:	685a      	ldr	r2, [r3, #4]
 8000566:	f422 02fe 	bic.w	r2, r2, #8323072	; 0x7f0000
 800056a:	605a      	str	r2, [r3, #4]
  RCC->INTR = 0x009F0000;    
 800056c:	f44f 021f 	mov.w	r2, #10420224	; 0x9f0000
 8000570:	609a      	str	r2, [r3, #8]
 *
 * @return  none
 */
static void SetSysClockTo72_HSE(void)
{
  __IO uint32_t StartUpCounter = 0, HSEStatus = 0;
 8000572:	2200      	movs	r2, #0
 8000574:	9200      	str	r2, [sp, #0]
 8000576:	9201      	str	r2, [sp, #4]
     
  RCC->CTLR |= ((uint32_t)RCC_HSEON);
 8000578:	681a      	ldr	r2, [r3, #0]
 800057a:	f442 3280 	orr.w	r2, r2, #65536	; 0x10000
 800057e:	601a      	str	r2, [r3, #0]
 
  /* Wait till HSE is ready and if Time out is reached exit */
  do
  {
    HSEStatus = RCC->CTLR & RCC_HSERDY;
 8000580:	681a      	ldr	r2, [r3, #0]
 8000582:	f402 3200 	and.w	r2, r2, #131072	; 0x20000
 8000586:	9201      	str	r2, [sp, #4]
    StartUpCounter++;  
 8000588:	9a00      	ldr	r2, [sp, #0]
 800058a:	3201      	adds	r2, #1
 800058c:	9200      	str	r2, [sp, #0]
  } while((HSEStatus == 0) && (StartUpCounter != HSE_STARTUP_TIMEOUT));
 800058e:	9a01      	ldr	r2, [sp, #4]
 8000590:	b91a      	cbnz	r2, 800059a <SystemInit+0x5e>
 8000592:	9a00      	ldr	r2, [sp, #0]
 8000594:	f5b2 6fa0 	cmp.w	r2, #1280	; 0x500
 8000598:	d1f2      	bne.n	8000580 <SystemInit+0x44>

  if ((RCC->CTLR & RCC_HSERDY) != RESET)
 800059a:	681a      	ldr	r2, [r3, #0]
 800059c:	f412 3200 	ands.w	r2, r2, #131072	; 0x20000
  {
    HSEStatus = (uint32_t)0x01;
 80005a0:	bf18      	it	ne
 80005a2:	2201      	movne	r2, #1
  }
  else
  {
    HSEStatus = (uint32_t)0x00;
 80005a4:	9201      	str	r2, [sp, #4]
  }  

  if (HSEStatus == (uint32_t)0x01)
 80005a6:	9a01      	ldr	r2, [sp, #4]
 80005a8:	2a01      	cmp	r2, #1
 80005aa:	d130      	bne.n	800060e <SystemInit+0xd2>
  {
    /* Enable Prefetch Buffer */
    FLASH->ACTLR |= FLASH_ACTLR_PRFTBE;
 80005ac:	4a1d      	ldr	r2, [pc, #116]	; (8000624 <SystemInit+0xe8>)
 80005ae:	6811      	ldr	r1, [r2, #0]
 80005b0:	f041 0110 	orr.w	r1, r1, #16
 80005b4:	6011      	str	r1, [r2, #0]

    /* Flash 2 wait state */
    FLASH->ACTLR &= (uint32_t)((uint32_t)~FLASH_ACTLR_LATENCY);
 80005b6:	6811      	ldr	r1, [r2, #0]
 80005b8:	f021 0103 	bic.w	r1, r1, #3
 80005bc:	6011      	str	r1, [r2, #0]
    FLASH->ACTLR |= (uint32_t)FLASH_ACTLR_LATENCY_2;    
 80005be:	6811      	ldr	r1, [r2, #0]
 80005c0:	f041 0102 	orr.w	r1, r1, #2
 80005c4:	6011      	str	r1, [r2, #0]

    /* HCLK = SYSCLK */
    RCC->CFGR0 |= (uint32_t)RCC_HPRE_DIV1; 
 80005c6:	685a      	ldr	r2, [r3, #4]
 80005c8:	605a      	str	r2, [r3, #4]
    /* PCLK2 = HCLK */
    RCC->CFGR0 |= (uint32_t)RCC_PPRE2_DIV1; 
 80005ca:	685a      	ldr	r2, [r3, #4]
 80005cc:	605a      	str	r2, [r3, #4]
    /* PCLK1 = HCLK */
    RCC->CFGR0 |= (uint32_t)RCC_PPRE1_DIV2;
 80005ce:	685a      	ldr	r2, [r3, #4]
 80005d0:	f442 6280 	orr.w	r2, r2, #1024	; 0x400
 80005d4:	605a      	str	r2, [r3, #4]
 
    /*  PLL configuration: PLLCLK = HSE * 9 = 72 MHz */
    RCC->CFGR0 &= (uint32_t)((uint32_t)~(RCC_PLLSRC | RCC_PLLXTPRE |
 80005d6:	685a      	ldr	r2, [r3, #4]
 80005d8:	f422 127c 	bic.w	r2, r2, #4128768	; 0x3f0000
 80005dc:	605a      	str	r2, [r3, #4]
                                        RCC_PLLMULL));
    RCC->CFGR0 |= (uint32_t)(RCC_PLLSRC_HSE | RCC_PLLMULL9);
 80005de:	685a      	ldr	r2, [r3, #4]
 80005e0:	f442 12e8 	orr.w	r2, r2, #1900544	; 0x1d0000
 80005e4:	605a      	str	r2, [r3, #4]
    /* Enable PLL */
    RCC->CTLR |= RCC_PLLON;
 80005e6:	681a      	ldr	r2, [r3, #0]
 80005e8:	f042 7280 	orr.w	r2, r2, #16777216	; 0x1000000
 80005ec:	601a      	str	r2, [r3, #0]
    /* Wait till PLL is ready */
    while((RCC->CTLR & RCC_PLLRDY) == 0)
 80005ee:	681a      	ldr	r2, [r3, #0]
 80005f0:	0192      	lsls	r2, r2, #6
 80005f2:	d5fc      	bpl.n	80005ee <SystemInit+0xb2>
    {
    }    
    /* Select PLL as system clock source */
    RCC->CFGR0 &= (uint32_t)((uint32_t)~(RCC_SW));
 80005f4:	685a      	ldr	r2, [r3, #4]
 80005f6:	f022 0203 	bic.w	r2, r2, #3
 80005fa:	605a      	str	r2, [r3, #4]
    RCC->CFGR0 |= (uint32_t)RCC_SW_PLL;    
 80005fc:	685a      	ldr	r2, [r3, #4]
 80005fe:	f042 0202 	orr.w	r2, r2, #2
 8000602:	605a      	str	r2, [r3, #4]
    /* Wait till PLL is used as system clock source */
    while ((RCC->CFGR0 & (uint32_t)RCC_SWS) != (uint32_t)0x08)
 8000604:	685a      	ldr	r2, [r3, #4]
 8000606:	f002 020c 	and.w	r2, r2, #12
 800060a:	2a08      	cmp	r2, #8
 800060c:	d1fa      	bne.n	8000604 <SystemInit+0xc8>
  SCB->VTOR = FLASH_BASE | VECT_TAB_OFFSET; /* Vector Table Relocation in Internal FLASH. */
 800060e:	f04f 6200 	mov.w	r2, #134217728	; 0x8000000
 8000612:	4b05      	ldr	r3, [pc, #20]	; (8000628 <SystemInit+0xec>)
 8000614:	609a      	str	r2, [r3, #8]
}
 8000616:	b002      	add	sp, #8
 8000618:	4770      	bx	lr
 800061a:	bf00      	nop
 800061c:	40021000 	.word	0x40021000
 8000620:	f8ff0000 	.word	0xf8ff0000
 8000624:	40022000 	.word	0x40022000
 8000628:	e000ed00 	.word	0xe000ed00

0800062c <SystemCoreClockUpdate>:
    tmp = RCC->CFGR0 & RCC_SWS;
 800062c:	4912      	ldr	r1, [pc, #72]	; (8000678 <SystemCoreClockUpdate+0x4c>)
 800062e:	4a13      	ldr	r2, [pc, #76]	; (800067c <SystemCoreClockUpdate+0x50>)
 8000630:	684b      	ldr	r3, [r1, #4]
 8000632:	f003 030c 	and.w	r3, r3, #12
    switch( tmp )
 8000636:	2b08      	cmp	r3, #8
 8000638:	d00a      	beq.n	8000650 <SystemCoreClockUpdate+0x24>
            SystemCoreClock = HSI_VALUE;
 800063a:	4b11      	ldr	r3, [pc, #68]	; (8000680 <SystemCoreClockUpdate+0x54>)
                    SystemCoreClock = HSE_VALUE * pllmull;
 800063c:	6013      	str	r3, [r2, #0]
    tmp = AHBPrescTable[( ( RCC->CFGR0 & RCC_HPRE ) >> 4 )];
 800063e:	684b      	ldr	r3, [r1, #4]
 8000640:	4910      	ldr	r1, [pc, #64]	; (8000684 <SystemCoreClockUpdate+0x58>)
 8000642:	f3c3 1303 	ubfx	r3, r3, #4, #4
 8000646:	5cc9      	ldrb	r1, [r1, r3]
    SystemCoreClock >>= tmp;
 8000648:	6813      	ldr	r3, [r2, #0]
 800064a:	40cb      	lsrs	r3, r1
 800064c:	6013      	str	r3, [r2, #0]
}
 800064e:	4770      	bx	lr
            pllmull = RCC->CFGR0 & RCC_PLLMULL;
 8000650:	684b      	ldr	r3, [r1, #4]
            pllsource = RCC->CFGR0 & RCC_PLLSRC;
 8000652:	6848      	ldr	r0, [r1, #4]
            pllmull = ( pllmull >> 18 ) + 2;
 8000654:	f3c3 4383 	ubfx	r3, r3, #18, #4
            if( pllsource == 0x00 )
 8000658:	03c0      	lsls	r0, r0, #15
            pllmull = ( pllmull >> 18 ) + 2;
 800065a:	f103 0302 	add.w	r3, r3, #2
            if( pllsource == 0x00 )
 800065e:	d405      	bmi.n	800066c <SystemCoreClockUpdate+0x40>
                if( EXTEN->EXTEN_CTR & EXTEN_PLL_HSI_PRE )
 8000660:	4809      	ldr	r0, [pc, #36]	; (8000688 <SystemCoreClockUpdate+0x5c>)
 8000662:	6800      	ldr	r0, [r0, #0]
 8000664:	06c0      	lsls	r0, r0, #27
 8000666:	d504      	bpl.n	8000672 <SystemCoreClockUpdate+0x46>
                    SystemCoreClock = HSE_VALUE * pllmull;
 8000668:	4805      	ldr	r0, [pc, #20]	; (8000680 <SystemCoreClockUpdate+0x54>)
 800066a:	e003      	b.n	8000674 <SystemCoreClockUpdate+0x48>
                if( ( RCC->CFGR0 & RCC_PLLXTPRE ) != ( uint32_t )RESET )
 800066c:	6848      	ldr	r0, [r1, #4]
 800066e:	0380      	lsls	r0, r0, #14
 8000670:	d5fa      	bpl.n	8000668 <SystemCoreClockUpdate+0x3c>
                    SystemCoreClock = ( HSE_VALUE >> 1 ) * pllmull;
 8000672:	4806      	ldr	r0, [pc, #24]	; (800068c <SystemCoreClockUpdate+0x60>)
                    SystemCoreClock = HSE_VALUE * pllmull;
 8000674:	4343      	muls	r3, r0
 8000676:	e7e1      	b.n	800063c <SystemCoreClockUpdate+0x10>
 8000678:	40021000 	.word	0x40021000
 800067c:	20000010 	.word	0x20000010
 8000680:	007a1200 	.word	0x007a1200
 8000684:	20000000 	.word	0x20000000
 8000688:	40023800 	.word	0x40023800
 800068c:	003d0900 	.word	0x003d0900

08000690 <Reset_Handler>:
  .weak  Reset_Handler
  .type  Reset_Handler, %function
Reset_Handler:  

/* Copy the data segment initializers from flash to SRAM */  
  movs  r1, #0
 8000690:	2100      	movs	r1, #0
  b     LoopCopyDataInit
 8000692:	e003      	b.n	800069c <LoopCopyDataInit>

08000694 <CopyDataInit>:

CopyDataInit:
  ldr   r3, =_sidata
 8000694:	4b0a      	ldr	r3, [pc, #40]	; (80006c0 <LoopFillZerobss+0x10>)
  ldr   r3, [r3, r1]
 8000696:	585b      	ldr	r3, [r3, r1]
  str   r3, [r0, r1]
 8000698:	5043      	str	r3, [r0, r1]
  adds  r1, r1, #4
 800069a:	3104      	adds	r1, #4

0800069c <LoopCopyDataInit>:
    
LoopCopyDataInit:
  ldr   r0, =_sdata
 800069c:	4809      	ldr	r0, [pc, #36]	; (80006c4 <LoopFillZerobss+0x14>)
  ldr   r3, =_edata
 800069e:	4b0a      	ldr	r3, [pc, #40]	; (80006c8 <LoopFillZerobss+0x18>)
  adds  r2, r0, r1
 80006a0:	1842      	adds	r2, r0, r1
  cmp   r2, r3
 80006a2:	429a      	cmp	r2, r3
  bcc   CopyDataInit
 80006a4:	d3f6      	bcc.n	8000694 <CopyDataInit>
  ldr   r2, =_sbss
 80006a6:	4a09      	ldr	r2, [pc, #36]	; (80006cc <LoopFillZerobss+0x1c>)
  b     LoopFillZerobss
 80006a8:	e002      	b.n	80006b0 <LoopFillZerobss>

080006aa <FillZerobss>:
/* Zero fill the bss segment. */  
FillZerobss:
  movs  r3, #0
 80006aa:	2300      	movs	r3, #0
  str   r3, [r2], #4
 80006ac:	f842 3b04 	str.w	r3, [r2], #4

080006b0 <LoopFillZerobss>:
    
LoopFillZerobss:
  ldr   r3, = _ebss
 80006b0:	4b07      	ldr	r3, [pc, #28]	; (80006d0 <LoopFillZerobss+0x20>)
  cmp   r2, r3
 80006b2:	429a      	cmp	r2, r3
  bcc   FillZerobss
 80006b4:	d3f9      	bcc.n	80006aa <FillZerobss>
/* Call the clock system intitialization function.*/
  bl  SystemInit   
 80006b6:	f7ff ff41 	bl	800053c <SystemInit>
/* Call the application's entry point.*/
  bl    main
 80006ba:	f7ff fe95 	bl	80003e8 <main>
  bx    lr    
 80006be:	4770      	bx	lr
  ldr   r3, =_sidata
 80006c0:	0800244c 	.word	0x0800244c
  ldr   r0, =_sdata
 80006c4:	20000000 	.word	0x20000000
  ldr   r3, =_edata
 80006c8:	2000008c 	.word	0x2000008c
  ldr   r2, =_sbss
 80006cc:	2000008c 	.word	0x2000008c
  ldr   r3, = _ebss
 80006d0:	200008b0 	.word	0x200008b0

080006d4 <ADC1_2_IRQHandler>:
  This simply enters an infinite loop.
*******************************************************************************/
  .section  .text.Default_Handler,"ax",%progbits
Default_Handler:
Infinite_Loop:
  b  Infinite_Loop
 80006d4:	e7fe      	b.n	80006d4 <ADC1_2_IRQHandler>
	...

080006d8 <ADC_DeInit>:
 * @param   ADCx - where x can be 1 to select the ADC peripheral.
 *
 * @return  none
 */
void ADC_DeInit( ADC_TypeDef *ADCx )
{
 80006d8:	b508      	push	{r3, lr}
    if( ADCx == ADC1 )
 80006da:	4b08      	ldr	r3, [pc, #32]	; (80006fc <ADC_DeInit+0x24>)
 80006dc:	4298      	cmp	r0, r3
 80006de:	d10b      	bne.n	80006f8 <ADC_DeInit+0x20>
    {
        RCC_APB2PeriphResetCmd( RCC_APB2Periph_ADC1, ENABLE );
 80006e0:	2101      	movs	r1, #1
 80006e2:	f44f 7000 	mov.w	r0, #512	; 0x200
 80006e6:	f000 fb55 	bl	8000d94 <RCC_APB2PeriphResetCmd>
        RCC_APB2PeriphResetCmd( RCC_APB2Periph_ADC1, DISABLE );
    }
}
 80006ea:	e8bd 4008 	ldmia.w	sp!, {r3, lr}
        RCC_APB2PeriphResetCmd( RCC_APB2Periph_ADC1, DISABLE );
 80006ee:	2100      	movs	r1, #0
 80006f0:	f44f 7000 	mov.w	r0, #512	; 0x200
 80006f4:	f000 bb4e 	b.w	8000d94 <RCC_APB2PeriphResetCmd>
}
 80006f8:	bd08      	pop	{r3, pc}
 80006fa:	bf00      	nop
 80006fc:	40012400 	.word	0x40012400

08000700 <ADC_Init>:
void ADC_Init( ADC_TypeDef *ADCx, ADC_InitTypeDef *ADC_InitStruct )
{
    uint32_t tmpreg1 = 0;
    uint8_t tmpreg2 = 0;

    tmpreg1 = ADCx->CTLR1;
 8000700:	6843      	ldr	r3, [r0, #4]
    tmpreg1 &= CTLR1_CLEAR_Mask;
    tmpreg1 |= ( uint32_t )( ADC_InitStruct->ADC_Mode | ( ( uint32_t )ADC_InitStruct->ADC_ScanConvMode << 8 ) );
 8000702:	790a      	ldrb	r2, [r1, #4]
    tmpreg1 &= CTLR1_CLEAR_Mask;
 8000704:	f423 2370 	bic.w	r3, r3, #983040	; 0xf0000
 8000708:	f423 7380 	bic.w	r3, r3, #256	; 0x100
 800070c:	ea43 2302 	orr.w	r3, r3, r2, lsl #8
    tmpreg1 |= ( uint32_t )( ADC_InitStruct->ADC_Mode | ( ( uint32_t )ADC_InitStruct->ADC_ScanConvMode << 8 ) );
 8000710:	680a      	ldr	r2, [r1, #0]
{
 8000712:	b510      	push	{r4, lr}
    tmpreg1 |= ( uint32_t )( ADC_InitStruct->ADC_Mode | ( ( uint32_t )ADC_InitStruct->ADC_ScanConvMode << 8 ) );
 8000714:	4313      	orrs	r3, r2
    ADCx->CTLR1 = tmpreg1;
 8000716:	6043      	str	r3, [r0, #4]

    tmpreg1 = ADCx->CTLR2;
 8000718:	6884      	ldr	r4, [r0, #8]
    tmpreg1 &= CTLR2_CLEAR_Mask;
    tmpreg1 |= ( uint32_t )( ADC_InitStruct->ADC_DataAlign | ADC_InitStruct->ADC_ExternalTrigConv |
 800071a:	e9d1 2302 	ldrd	r2, r3, [r1, #8]
 800071e:	4313      	orrs	r3, r2
    tmpreg1 &= CTLR2_CLEAR_Mask;
 8000720:	4a08      	ldr	r2, [pc, #32]	; (8000744 <ADC_Init+0x44>)
 8000722:	4022      	ands	r2, r4
 8000724:	4313      	orrs	r3, r2
                             ( ( uint32_t )ADC_InitStruct->ADC_ContinuousConvMode << 1 ) );
 8000726:	794a      	ldrb	r2, [r1, #5]
    tmpreg1 |= ( uint32_t )( ADC_InitStruct->ADC_DataAlign | ADC_InitStruct->ADC_ExternalTrigConv |
 8000728:	ea43 0342 	orr.w	r3, r3, r2, lsl #1
    ADCx->CTLR2 = tmpreg1;
 800072c:	6083      	str	r3, [r0, #8]

    tmpreg1 = ADCx->RSQR1;
    tmpreg1 &= RSQR1_CLEAR_Mask;
    tmpreg2 |= ( uint8_t )( ADC_InitStruct->ADC_NbrOfChannel - ( uint8_t )1 );
 800072e:	7c0a      	ldrb	r2, [r1, #16]
    tmpreg1 = ADCx->RSQR1;
 8000730:	6ac3      	ldr	r3, [r0, #44]	; 0x2c
    tmpreg2 |= ( uint8_t )( ADC_InitStruct->ADC_NbrOfChannel - ( uint8_t )1 );
 8000732:	3a01      	subs	r2, #1
    tmpreg1 &= RSQR1_CLEAR_Mask;
 8000734:	f423 0370 	bic.w	r3, r3, #15728640	; 0xf00000
    tmpreg1 |= ( uint32_t )tmpreg2 << 20;
 8000738:	b2d2      	uxtb	r2, r2
 800073a:	ea43 5302 	orr.w	r3, r3, r2, lsl #20
    ADCx->RSQR1 = tmpreg1;
 800073e:	62c3      	str	r3, [r0, #44]	; 0x2c
}
 8000740:	bd10      	pop	{r4, pc}
 8000742:	bf00      	nop
 8000744:	fff1f7fd 	.word	0xfff1f7fd

08000748 <ADC_Cmd>:
 */
void ADC_Cmd( ADC_TypeDef *ADCx, FunctionalState NewState )
{
    if( NewState != DISABLE )
    {
        ADCx->CTLR2 |= CTLR2_ADON_Set;
 8000748:	6883      	ldr	r3, [r0, #8]
    if( NewState != DISABLE )
 800074a:	b119      	cbz	r1, 8000754 <ADC_Cmd+0xc>
        ADCx->CTLR2 |= CTLR2_ADON_Set;
 800074c:	f043 0301 	orr.w	r3, r3, #1
    }
    else
    {
        ADCx->CTLR2 &= CTLR2_ADON_Reset;
 8000750:	6083      	str	r3, [r0, #8]
    }
}
 8000752:	4770      	bx	lr
        ADCx->CTLR2 &= CTLR2_ADON_Reset;
 8000754:	f023 0301 	bic.w	r3, r3, #1
 8000758:	e7fa      	b.n	8000750 <ADC_Cmd+0x8>

0800075a <ADC_DMACmd>:
 */
void ADC_DMACmd( ADC_TypeDef *ADCx, FunctionalState NewState )
{
    if( NewState != DISABLE )
    {
        ADCx->CTLR2 |= CTLR2_DMA_Set;
 800075a:	6883      	ldr	r3, [r0, #8]
    if( NewState != DISABLE )
 800075c:	b119      	cbz	r1, 8000766 <ADC_DMACmd+0xc>
        ADCx->CTLR2 |= CTLR2_DMA_Set;
 800075e:	f443 7380 	orr.w	r3, r3, #256	; 0x100
    }
    else
    {
        ADCx->CTLR2 &= CTLR2_DMA_Reset;
 8000762:	6083      	str	r3, [r0, #8]
    }
}
 8000764:	4770      	bx	lr
        ADCx->CTLR2 &= CTLR2_DMA_Reset;
 8000766:	f423 7380 	bic.w	r3, r3, #256	; 0x100
 800076a:	e7fa      	b.n	8000762 <ADC_DMACmd+0x8>

0800076c <ADC_ResetCalibration>:
 *
 * @return  none
 */
void ADC_ResetCalibration( ADC_TypeDef *ADCx )
{
    ADCx->CTLR2 |= CTLR2_RSTCAL_Set;
 800076c:	6883      	ldr	r3, [r0, #8]
 800076e:	f043 0308 	orr.w	r3, r3, #8
 8000772:	6083      	str	r3, [r0, #8]
}
 8000774:	4770      	bx	lr

08000776 <ADC_GetResetCalibrationStatus>:
 */
FlagStatus ADC_GetResetCalibrationStatus( ADC_TypeDef *ADCx )
{
    FlagStatus bitstatus = RESET;

    if( ( ADCx->CTLR2 & CTLR2_RSTCAL_Set ) != ( uint32_t )RESET )
 8000776:	6880      	ldr	r0, [r0, #8]
    {
        bitstatus = RESET;
    }

    return  bitstatus;
}
 8000778:	f3c0 00c0 	ubfx	r0, r0, #3, #1
 800077c:	4770      	bx	lr

0800077e <ADC_StartCalibration>:
 *
 * @return  None
 */
void ADC_StartCalibration( ADC_TypeDef *ADCx )
{
    ADCx->CTLR2 |= CTLR2_CAL_Set;
 800077e:	6883      	ldr	r3, [r0, #8]
 8000780:	f043 0304 	orr.w	r3, r3, #4
 8000784:	6083      	str	r3, [r0, #8]
}
 8000786:	4770      	bx	lr

08000788 <ADC_GetCalibrationStatus>:
 */
FlagStatus ADC_GetCalibrationStatus( ADC_TypeDef *ADCx )
{
    FlagStatus bitstatus = RESET;

    if( ( ADCx->CTLR2 & CTLR2_CAL_Set ) != ( uint32_t )RESET )
 8000788:	6880      	ldr	r0, [r0, #8]
    {
        bitstatus = RESET;
    }

    return  bitstatus;
}
 800078a:	f3c0 0080 	ubfx	r0, r0, #2, #1
 800078e:	4770      	bx	lr

08000790 <ADC_SoftwareStartConvCmd>:
 */
void ADC_SoftwareStartConvCmd( ADC_TypeDef *ADCx, FunctionalState NewState )
{
    if( NewState != DISABLE )
    {
        ADCx->CTLR2 |= CTLR2_EXTTRIG_SWSTART_Set;
 8000790:	6883      	ldr	r3, [r0, #8]
    if( NewState != DISABLE )
 8000792:	b119      	cbz	r1, 800079c <ADC_SoftwareStartConvCmd+0xc>
        ADCx->CTLR2 |= CTLR2_EXTTRIG_SWSTART_Set;
 8000794:	f443 03a0 	orr.w	r3, r3, #5242880	; 0x500000
    }
    else
    {
        ADCx->CTLR2 &= CTLR2_EXTTRIG_SWSTART_Reset;
 8000798:	6083      	str	r3, [r0, #8]
    }
}
 800079a:	4770      	bx	lr
        ADCx->CTLR2 &= CTLR2_EXTTRIG_SWSTART_Reset;
 800079c:	f423 03a0 	bic.w	r3, r3, #5242880	; 0x500000
 80007a0:	e7fa      	b.n	8000798 <ADC_SoftwareStartConvCmd+0x8>

080007a2 <ADC_RegularChannelConfig>:
 */
void ADC_RegularChannelConfig( ADC_TypeDef *ADCx, uint8_t ADC_Channel, uint8_t Rank, uint8_t ADC_SampleTime )
{
    uint32_t tmpreg1 = 0, tmpreg2 = 0;

    if( ADC_Channel > ADC_Channel_9 )
 80007a2:	2909      	cmp	r1, #9
{
 80007a4:	b570      	push	{r4, r5, r6, lr}
    if( ADC_Channel > ADC_Channel_9 )
 80007a6:	d91b      	bls.n	80007e0 <ADC_RegularChannelConfig+0x3e>
    {
        tmpreg1 = ADCx->SAMPTR1;
        tmpreg2 = SAMPTR1_SMP_Set << ( 3 * ( ADC_Channel - 10 ) );
 80007a8:	2607      	movs	r6, #7
 80007aa:	f1a1 040a 	sub.w	r4, r1, #10
        tmpreg1 = ADCx->SAMPTR1;
 80007ae:	68c5      	ldr	r5, [r0, #12]
        tmpreg2 = SAMPTR1_SMP_Set << ( 3 * ( ADC_Channel - 10 ) );
 80007b0:	eb04 0444 	add.w	r4, r4, r4, lsl #1
 80007b4:	40a6      	lsls	r6, r4
        tmpreg1 &= ~tmpreg2;
 80007b6:	ea25 0506 	bic.w	r5, r5, r6
        tmpreg2 = ( uint32_t )ADC_SampleTime << ( 3 * ( ADC_Channel - 10 ) );
 80007ba:	fa03 f404 	lsl.w	r4, r3, r4
        tmpreg1 |= tmpreg2;
 80007be:	432c      	orrs	r4, r5
        ADCx->SAMPTR1 = tmpreg1;
 80007c0:	60c4      	str	r4, [r0, #12]
        tmpreg2 = ( uint32_t )ADC_SampleTime << ( 3 * ADC_Channel );
        tmpreg1 |= tmpreg2;
        ADCx->SAMPTR2 = tmpreg1;
    }

    if( Rank < 7 )
 80007c2:	2a06      	cmp	r2, #6
 80007c4:	d818      	bhi.n	80007f8 <ADC_RegularChannelConfig+0x56>
    {
        tmpreg1 = ADCx->RSQR3;
        tmpreg2 = RSQR3_SQ_Set << ( 5 * ( Rank - 1 ) );
 80007c6:	1e53      	subs	r3, r2, #1
 80007c8:	221f      	movs	r2, #31
        tmpreg1 = ADCx->RSQR3;
 80007ca:	6b44      	ldr	r4, [r0, #52]	; 0x34
        tmpreg2 = RSQR3_SQ_Set << ( 5 * ( Rank - 1 ) );
 80007cc:	eb03 0383 	add.w	r3, r3, r3, lsl #2
 80007d0:	409a      	lsls	r2, r3
        tmpreg1 &= ~tmpreg2;
 80007d2:	ea24 0402 	bic.w	r4, r4, r2
        tmpreg2 = ( uint32_t )ADC_Channel << ( 5 * ( Rank - 1 ) );
 80007d6:	fa01 f203 	lsl.w	r2, r1, r3
        tmpreg1 |= tmpreg2;
 80007da:	4322      	orrs	r2, r4
        ADCx->RSQR3 = tmpreg1;
 80007dc:	6342      	str	r2, [r0, #52]	; 0x34
        tmpreg1 &= ~tmpreg2;
        tmpreg2 = ( uint32_t )ADC_Channel << ( 5 * ( Rank - 13 ) );
        tmpreg1 |= tmpreg2;
        ADCx->RSQR1 = tmpreg1;
    }
}
 80007de:	bd70      	pop	{r4, r5, r6, pc}
        tmpreg2 = SAMPTR2_SMP_Set << ( 3 * ADC_Channel );
 80007e0:	2407      	movs	r4, #7
        tmpreg1 = ADCx->SAMPTR2;
 80007e2:	6905      	ldr	r5, [r0, #16]
        tmpreg2 = SAMPTR2_SMP_Set << ( 3 * ADC_Channel );
 80007e4:	eb01 0641 	add.w	r6, r1, r1, lsl #1
 80007e8:	40b4      	lsls	r4, r6
        tmpreg1 &= ~tmpreg2;
 80007ea:	ea25 0504 	bic.w	r5, r5, r4
        tmpreg2 = ( uint32_t )ADC_SampleTime << ( 3 * ADC_Channel );
 80007ee:	fa03 f406 	lsl.w	r4, r3, r6
        tmpreg1 |= tmpreg2;
 80007f2:	432c      	orrs	r4, r5
        ADCx->SAMPTR2 = tmpreg1;
 80007f4:	6104      	str	r4, [r0, #16]
 80007f6:	e7e4      	b.n	80007c2 <ADC_RegularChannelConfig+0x20>
    else if( Rank < 13 )
 80007f8:	2a0c      	cmp	r2, #12
 80007fa:	d80c      	bhi.n	8000816 <ADC_RegularChannelConfig+0x74>
        tmpreg2 = RSQR2_SQ_Set << ( 5 * ( Rank - 7 ) );
 80007fc:	241f      	movs	r4, #31
 80007fe:	3a07      	subs	r2, #7
        tmpreg1 = ADCx->RSQR2;
 8000800:	6b03      	ldr	r3, [r0, #48]	; 0x30
        tmpreg2 = RSQR2_SQ_Set << ( 5 * ( Rank - 7 ) );
 8000802:	eb02 0282 	add.w	r2, r2, r2, lsl #2
 8000806:	4094      	lsls	r4, r2
        tmpreg1 &= ~tmpreg2;
 8000808:	ea23 0304 	bic.w	r3, r3, r4
        tmpreg2 = ( uint32_t )ADC_Channel << ( 5 * ( Rank - 7 ) );
 800080c:	fa01 f202 	lsl.w	r2, r1, r2
        tmpreg1 |= tmpreg2;
 8000810:	431a      	orrs	r2, r3
        ADCx->RSQR2 = tmpreg1;
 8000812:	6302      	str	r2, [r0, #48]	; 0x30
 8000814:	e7e3      	b.n	80007de <ADC_RegularChannelConfig+0x3c>
        tmpreg2 = RSQR1_SQ_Set << ( 5 * ( Rank - 13 ) );
 8000816:	241f      	movs	r4, #31
 8000818:	3a0d      	subs	r2, #13
        tmpreg1 = ADCx->RSQR1;
 800081a:	6ac3      	ldr	r3, [r0, #44]	; 0x2c
        tmpreg2 = RSQR1_SQ_Set << ( 5 * ( Rank - 13 ) );
 800081c:	eb02 0282 	add.w	r2, r2, r2, lsl #2
 8000820:	4094      	lsls	r4, r2
        tmpreg1 &= ~tmpreg2;
 8000822:	ea23 0304 	bic.w	r3, r3, r4
        tmpreg2 = ( uint32_t )ADC_Channel << ( 5 * ( Rank - 13 ) );
 8000826:	fa01 f202 	lsl.w	r2, r1, r2
        tmpreg1 |= tmpreg2;
 800082a:	431a      	orrs	r2, r3
        ADCx->RSQR1 = tmpreg1;
 800082c:	62c2      	str	r2, [r0, #44]	; 0x2c
}
 800082e:	e7d6      	b.n	80007de <ADC_RegularChannelConfig+0x3c>

08000830 <Get_CalibrationValue>:
 * @param   ADCx - where x can be 1 to select the ADC peripheral.
 *
 * @return  CalibrationValue
 */
int16_t Get_CalibrationValue( ADC_TypeDef *ADCx )
{
 8000830:	b57f      	push	{r0, r1, r2, r3, r4, r5, r6, lr}
 8000832:	4603      	mov	r3, r0
    __IO uint8_t i, j;
    uint16_t buf[10];
    __IO uint16_t t;

    for( i = 0; i < 10; i++ ){
 8000834:	2200      	movs	r2, #0
 8000836:	f88d 2000 	strb.w	r2, [sp]
 800083a:	f89d 2000 	ldrb.w	r2, [sp]
 800083e:	2a09      	cmp	r2, #9
 8000840:	d92b      	bls.n	800089a <Get_CalibrationValue+0x6a>
        ADC_StartCalibration( ADCx );
        while( ADC_GetCalibrationStatus( ADCx ) );
        buf[i] = ADCx->RDATAR;
    }

    for( i = 0; i < 10; i++ ){
 8000842:	2300      	movs	r3, #0
 8000844:	f88d 3000 	strb.w	r3, [sp]
 8000848:	f89d 2000 	ldrb.w	r2, [sp]
 800084c:	2a09      	cmp	r2, #9
 800084e:	d943      	bls.n	80008d8 <Get_CalibrationValue+0xa8>
                buf[j + 1] = t;
            }
        }
    }

    t = 0;
 8000850:	f8ad 3002 	strh.w	r3, [sp, #2]
    for( i = 0; i < 6; i++ ){
 8000854:	f88d 3000 	strb.w	r3, [sp]
 8000858:	f89d 3000 	ldrb.w	r3, [sp]
 800085c:	2b05      	cmp	r3, #5
 800085e:	d97a      	bls.n	8000956 <Get_CalibrationValue+0x126>
        t += buf[i + 2];
    }

    t = ( t / 6 ) + ( ( t % 6 ) / 3 );
 8000860:	2006      	movs	r0, #6
 8000862:	f8bd 2002 	ldrh.w	r2, [sp, #2]
 8000866:	f8bd 3002 	ldrh.w	r3, [sp, #2]
 800086a:	b292      	uxth	r2, r2
 800086c:	b299      	uxth	r1, r3
 800086e:	fbb1 f3f0 	udiv	r3, r1, r0
 8000872:	fb00 1313 	mls	r3, r0, r3, r1
 8000876:	2103      	movs	r1, #3
 8000878:	b29b      	uxth	r3, r3
 800087a:	fbb2 f2f0 	udiv	r2, r2, r0
 800087e:	fbb3 f3f1 	udiv	r3, r3, r1
 8000882:	4413      	add	r3, r2
 8000884:	b29b      	uxth	r3, r3
 8000886:	f8ad 3002 	strh.w	r3, [sp, #2]

    return ( int16_t )( 2048 - ( int16_t )t );
 800088a:	f8bd 0002 	ldrh.w	r0, [sp, #2]
 800088e:	f5c0 6000 	rsb	r0, r0, #2048	; 0x800
}
 8000892:	b200      	sxth	r0, r0
 8000894:	b007      	add	sp, #28
 8000896:	f85d fb04 	ldr.w	pc, [sp], #4
    ADCx->CTLR2 |= CTLR2_RSTCAL_Set;
 800089a:	689a      	ldr	r2, [r3, #8]
 800089c:	f042 0208 	orr.w	r2, r2, #8
 80008a0:	609a      	str	r2, [r3, #8]
        while( ADC_GetResetCalibrationStatus( ADCx ) );
 80008a2:	4618      	mov	r0, r3
 80008a4:	f7ff ff67 	bl	8000776 <ADC_GetResetCalibrationStatus>
 80008a8:	2800      	cmp	r0, #0
 80008aa:	d1fa      	bne.n	80008a2 <Get_CalibrationValue+0x72>
    ADCx->CTLR2 |= CTLR2_CAL_Set;
 80008ac:	689a      	ldr	r2, [r3, #8]
 80008ae:	f042 0204 	orr.w	r2, r2, #4
 80008b2:	609a      	str	r2, [r3, #8]
        while( ADC_GetCalibrationStatus( ADCx ) );
 80008b4:	4618      	mov	r0, r3
 80008b6:	f7ff ff67 	bl	8000788 <ADC_GetCalibrationStatus>
 80008ba:	2800      	cmp	r0, #0
 80008bc:	d1fa      	bne.n	80008b4 <Get_CalibrationValue+0x84>
        buf[i] = ADCx->RDATAR;
 80008be:	6cd9      	ldr	r1, [r3, #76]	; 0x4c
 80008c0:	f89d 2000 	ldrb.w	r2, [sp]
 80008c4:	a806      	add	r0, sp, #24
 80008c6:	eb00 0242 	add.w	r2, r0, r2, lsl #1
 80008ca:	f822 1c14 	strh.w	r1, [r2, #-20]
    for( i = 0; i < 10; i++ ){
 80008ce:	f89d 2000 	ldrb.w	r2, [sp]
 80008d2:	3201      	adds	r2, #1
 80008d4:	b2d2      	uxtb	r2, r2
 80008d6:	e7ae      	b.n	8000836 <Get_CalibrationValue+0x6>
        for( j = 0; j < 9; j++ ){
 80008d8:	f88d 3001 	strb.w	r3, [sp, #1]
 80008dc:	f89d 2001 	ldrb.w	r2, [sp, #1]
 80008e0:	2a08      	cmp	r2, #8
 80008e2:	d906      	bls.n	80008f2 <Get_CalibrationValue+0xc2>
    for( i = 0; i < 10; i++ ){
 80008e4:	f89d 2000 	ldrb.w	r2, [sp]
 80008e8:	3201      	adds	r2, #1
 80008ea:	b2d2      	uxtb	r2, r2
 80008ec:	f88d 2000 	strb.w	r2, [sp]
 80008f0:	e7aa      	b.n	8000848 <Get_CalibrationValue+0x18>
            if( buf[j] > buf[j + 1] )
 80008f2:	f89d 1001 	ldrb.w	r1, [sp, #1]
 80008f6:	f89d 2001 	ldrb.w	r2, [sp, #1]
 80008fa:	a806      	add	r0, sp, #24
 80008fc:	eb00 0141 	add.w	r1, r0, r1, lsl #1
 8000900:	eb00 0242 	add.w	r2, r0, r2, lsl #1
 8000904:	f831 1c14 	ldrh.w	r1, [r1, #-20]
 8000908:	f832 2c12 	ldrh.w	r2, [r2, #-18]
 800090c:	4291      	cmp	r1, r2
 800090e:	d91b      	bls.n	8000948 <Get_CalibrationValue+0x118>
                t = buf[j];
 8000910:	f89d 2001 	ldrb.w	r2, [sp, #1]
 8000914:	eb00 0242 	add.w	r2, r0, r2, lsl #1
 8000918:	f832 2c14 	ldrh.w	r2, [r2, #-20]
 800091c:	f8ad 2002 	strh.w	r2, [sp, #2]
                buf[j] = buf[j + 1];
 8000920:	f89d 1001 	ldrb.w	r1, [sp, #1]
 8000924:	f89d 2001 	ldrb.w	r2, [sp, #1]
 8000928:	eb00 0141 	add.w	r1, r0, r1, lsl #1
 800092c:	f831 1c12 	ldrh.w	r1, [r1, #-18]
 8000930:	eb00 0242 	add.w	r2, r0, r2, lsl #1
 8000934:	f822 1c14 	strh.w	r1, [r2, #-20]
                buf[j + 1] = t;
 8000938:	f89d 2001 	ldrb.w	r2, [sp, #1]
 800093c:	f8bd 1002 	ldrh.w	r1, [sp, #2]
 8000940:	eb00 0242 	add.w	r2, r0, r2, lsl #1
 8000944:	f822 1c12 	strh.w	r1, [r2, #-18]
        for( j = 0; j < 9; j++ ){
 8000948:	f89d 2001 	ldrb.w	r2, [sp, #1]
 800094c:	3201      	adds	r2, #1
 800094e:	b2d2      	uxtb	r2, r2
 8000950:	f88d 2001 	strb.w	r2, [sp, #1]
 8000954:	e7c2      	b.n	80008dc <Get_CalibrationValue+0xac>
        t += buf[i + 2];
 8000956:	f89d 2000 	ldrb.w	r2, [sp]
 800095a:	a906      	add	r1, sp, #24
 800095c:	eb01 0242 	add.w	r2, r1, r2, lsl #1
 8000960:	f8bd 3002 	ldrh.w	r3, [sp, #2]
 8000964:	f832 2c10 	ldrh.w	r2, [r2, #-16]
 8000968:	4413      	add	r3, r2
 800096a:	b29b      	uxth	r3, r3
 800096c:	f8ad 3002 	strh.w	r3, [sp, #2]
    for( i = 0; i < 6; i++ ){
 8000970:	f89d 3000 	ldrb.w	r3, [sp]
 8000974:	3301      	adds	r3, #1
 8000976:	b2db      	uxtb	r3, r3
 8000978:	e76c      	b.n	8000854 <Get_CalibrationValue+0x24>
	...

0800097c <DBGMCU_GetCHIPID>:
 *
 */
uint32_t DBGMCU_GetCHIPID( void )
{
    return( *( uint32_t * )0x1FFFF884 );
}
 800097c:	4b01      	ldr	r3, [pc, #4]	; (8000984 <DBGMCU_GetCHIPID+0x8>)
 800097e:	6818      	ldr	r0, [r3, #0]
 8000980:	4770      	bx	lr
 8000982:	bf00      	nop
 8000984:	1ffff884 	.word	0x1ffff884

08000988 <DMA_DeInit>:
 *
 * @return  none
 */
void DMA_DeInit( DMA_Channel_TypeDef *DMAy_Channelx )
{
    DMAy_Channelx->CFGR &= ( uint16_t )( ~DMA_CFGR1_EN );
 8000988:	6803      	ldr	r3, [r0, #0]
 800098a:	f023 0301 	bic.w	r3, r3, #1
 800098e:	041b      	lsls	r3, r3, #16
 8000990:	0c1b      	lsrs	r3, r3, #16
 8000992:	6003      	str	r3, [r0, #0]
    DMAy_Channelx->CFGR  = 0;
 8000994:	2300      	movs	r3, #0
 8000996:	6003      	str	r3, [r0, #0]
    DMAy_Channelx->CNTR = 0;
 8000998:	6043      	str	r3, [r0, #4]
    DMAy_Channelx->PADDR  = 0;
 800099a:	6083      	str	r3, [r0, #8]
    DMAy_Channelx->MADDR = 0;
 800099c:	60c3      	str	r3, [r0, #12]
    if( DMAy_Channelx == DMA1_Channel1 )
 800099e:	4b29      	ldr	r3, [pc, #164]	; (8000a44 <DMA_DeInit+0xbc>)
 80009a0:	4298      	cmp	r0, r3
 80009a2:	d104      	bne.n	80009ae <DMA_DeInit+0x26>
    {
        DMA1->INTFCR |= DMA1_Channel1_IT_Mask;
 80009a4:	4a28      	ldr	r2, [pc, #160]	; (8000a48 <DMA_DeInit+0xc0>)
    {
        DMA1->INTFCR |= DMA1_Channel7_IT_Mask;
    }
    else if( DMAy_Channelx == DMA2_Channel1 )
    {
        DMA2->INTFCR |= DMA2_Channel1_IT_Mask;
 80009a6:	6853      	ldr	r3, [r2, #4]
 80009a8:	f043 030f 	orr.w	r3, r3, #15
 80009ac:	e026      	b.n	80009fc <DMA_DeInit+0x74>
    else if( DMAy_Channelx == DMA1_Channel2 )
 80009ae:	4b27      	ldr	r3, [pc, #156]	; (8000a4c <DMA_DeInit+0xc4>)
 80009b0:	4298      	cmp	r0, r3
 80009b2:	d104      	bne.n	80009be <DMA_DeInit+0x36>
        DMA1->INTFCR |= DMA1_Channel2_IT_Mask;
 80009b4:	4a24      	ldr	r2, [pc, #144]	; (8000a48 <DMA_DeInit+0xc0>)
    }
    else if( DMAy_Channelx == DMA2_Channel2 )
    {
        DMA2->INTFCR |= DMA2_Channel2_IT_Mask;
 80009b6:	6853      	ldr	r3, [r2, #4]
 80009b8:	f043 03f0 	orr.w	r3, r3, #240	; 0xf0
 80009bc:	e01e      	b.n	80009fc <DMA_DeInit+0x74>
    else if( DMAy_Channelx == DMA1_Channel3 )
 80009be:	4b24      	ldr	r3, [pc, #144]	; (8000a50 <DMA_DeInit+0xc8>)
 80009c0:	4298      	cmp	r0, r3
 80009c2:	d104      	bne.n	80009ce <DMA_DeInit+0x46>
        DMA1->INTFCR |= DMA1_Channel3_IT_Mask;
 80009c4:	4a20      	ldr	r2, [pc, #128]	; (8000a48 <DMA_DeInit+0xc0>)
    }
    else if( DMAy_Channelx == DMA2_Channel3 )
    {
        DMA2->INTFCR |= DMA2_Channel3_IT_Mask;
 80009c6:	6853      	ldr	r3, [r2, #4]
 80009c8:	f443 6370 	orr.w	r3, r3, #3840	; 0xf00
 80009cc:	e016      	b.n	80009fc <DMA_DeInit+0x74>
    else if( DMAy_Channelx == DMA1_Channel4 )
 80009ce:	4b21      	ldr	r3, [pc, #132]	; (8000a54 <DMA_DeInit+0xcc>)
 80009d0:	4298      	cmp	r0, r3
 80009d2:	d104      	bne.n	80009de <DMA_DeInit+0x56>
        DMA1->INTFCR |= DMA1_Channel4_IT_Mask;
 80009d4:	4a1c      	ldr	r2, [pc, #112]	; (8000a48 <DMA_DeInit+0xc0>)
    }
    else if( DMAy_Channelx == DMA2_Channel4 )
    {
        DMA2->INTFCR |= DMA2_Channel4_IT_Mask;
 80009d6:	6853      	ldr	r3, [r2, #4]
 80009d8:	f443 4370 	orr.w	r3, r3, #61440	; 0xf000
 80009dc:	e00e      	b.n	80009fc <DMA_DeInit+0x74>
    else if( DMAy_Channelx == DMA1_Channel5 )
 80009de:	4b1e      	ldr	r3, [pc, #120]	; (8000a58 <DMA_DeInit+0xd0>)
 80009e0:	4298      	cmp	r0, r3
 80009e2:	d104      	bne.n	80009ee <DMA_DeInit+0x66>
        DMA1->INTFCR |= DMA1_Channel5_IT_Mask;
 80009e4:	4a18      	ldr	r2, [pc, #96]	; (8000a48 <DMA_DeInit+0xc0>)
    }
    else
    {
        if( DMAy_Channelx == DMA2_Channel5 )
        {
            DMA2->INTFCR |= DMA2_Channel5_IT_Mask;
 80009e6:	6853      	ldr	r3, [r2, #4]
 80009e8:	f443 2370 	orr.w	r3, r3, #983040	; 0xf0000
 80009ec:	e006      	b.n	80009fc <DMA_DeInit+0x74>
    else if( DMAy_Channelx == DMA1_Channel6 )
 80009ee:	4b1b      	ldr	r3, [pc, #108]	; (8000a5c <DMA_DeInit+0xd4>)
 80009f0:	4298      	cmp	r0, r3
 80009f2:	d105      	bne.n	8000a00 <DMA_DeInit+0x78>
        DMA1->INTFCR |= DMA1_Channel6_IT_Mask;
 80009f4:	4a14      	ldr	r2, [pc, #80]	; (8000a48 <DMA_DeInit+0xc0>)
 80009f6:	6853      	ldr	r3, [r2, #4]
 80009f8:	f443 0370 	orr.w	r3, r3, #15728640	; 0xf00000
            DMA2->INTFCR |= DMA2_Channel5_IT_Mask;
 80009fc:	6053      	str	r3, [r2, #4]
        }
    }
}
 80009fe:	4770      	bx	lr
    else if( DMAy_Channelx == DMA1_Channel7 )
 8000a00:	4b17      	ldr	r3, [pc, #92]	; (8000a60 <DMA_DeInit+0xd8>)
 8000a02:	4298      	cmp	r0, r3
 8000a04:	d104      	bne.n	8000a10 <DMA_DeInit+0x88>
        DMA1->INTFCR |= DMA1_Channel7_IT_Mask;
 8000a06:	4a10      	ldr	r2, [pc, #64]	; (8000a48 <DMA_DeInit+0xc0>)
 8000a08:	6853      	ldr	r3, [r2, #4]
 8000a0a:	f043 6370 	orr.w	r3, r3, #251658240	; 0xf000000
 8000a0e:	e7f5      	b.n	80009fc <DMA_DeInit+0x74>
    else if( DMAy_Channelx == DMA2_Channel1 )
 8000a10:	4b14      	ldr	r3, [pc, #80]	; (8000a64 <DMA_DeInit+0xdc>)
 8000a12:	4298      	cmp	r0, r3
 8000a14:	d101      	bne.n	8000a1a <DMA_DeInit+0x92>
        DMA2->INTFCR |= DMA2_Channel1_IT_Mask;
 8000a16:	4a14      	ldr	r2, [pc, #80]	; (8000a68 <DMA_DeInit+0xe0>)
 8000a18:	e7c5      	b.n	80009a6 <DMA_DeInit+0x1e>
    else if( DMAy_Channelx == DMA2_Channel2 )
 8000a1a:	4b14      	ldr	r3, [pc, #80]	; (8000a6c <DMA_DeInit+0xe4>)
 8000a1c:	4298      	cmp	r0, r3
 8000a1e:	d101      	bne.n	8000a24 <DMA_DeInit+0x9c>
        DMA2->INTFCR |= DMA2_Channel2_IT_Mask;
 8000a20:	4a11      	ldr	r2, [pc, #68]	; (8000a68 <DMA_DeInit+0xe0>)
 8000a22:	e7c8      	b.n	80009b6 <DMA_DeInit+0x2e>
    else if( DMAy_Channelx == DMA2_Channel3 )
 8000a24:	4b12      	ldr	r3, [pc, #72]	; (8000a70 <DMA_DeInit+0xe8>)
 8000a26:	4298      	cmp	r0, r3
 8000a28:	d101      	bne.n	8000a2e <DMA_DeInit+0xa6>
        DMA2->INTFCR |= DMA2_Channel3_IT_Mask;
 8000a2a:	4a0f      	ldr	r2, [pc, #60]	; (8000a68 <DMA_DeInit+0xe0>)
 8000a2c:	e7cb      	b.n	80009c6 <DMA_DeInit+0x3e>
    else if( DMAy_Channelx == DMA2_Channel4 )
 8000a2e:	4b11      	ldr	r3, [pc, #68]	; (8000a74 <DMA_DeInit+0xec>)
 8000a30:	4298      	cmp	r0, r3
 8000a32:	d101      	bne.n	8000a38 <DMA_DeInit+0xb0>
        DMA2->INTFCR |= DMA2_Channel4_IT_Mask;
 8000a34:	4a0c      	ldr	r2, [pc, #48]	; (8000a68 <DMA_DeInit+0xe0>)
 8000a36:	e7ce      	b.n	80009d6 <DMA_DeInit+0x4e>
        if( DMAy_Channelx == DMA2_Channel5 )
 8000a38:	4b0f      	ldr	r3, [pc, #60]	; (8000a78 <DMA_DeInit+0xf0>)
 8000a3a:	4298      	cmp	r0, r3
 8000a3c:	d1df      	bne.n	80009fe <DMA_DeInit+0x76>
            DMA2->INTFCR |= DMA2_Channel5_IT_Mask;
 8000a3e:	4a0a      	ldr	r2, [pc, #40]	; (8000a68 <DMA_DeInit+0xe0>)
 8000a40:	e7d1      	b.n	80009e6 <DMA_DeInit+0x5e>
 8000a42:	bf00      	nop
 8000a44:	40020008 	.word	0x40020008
 8000a48:	40020000 	.word	0x40020000
 8000a4c:	4002001c 	.word	0x4002001c
 8000a50:	40020030 	.word	0x40020030
 8000a54:	40020044 	.word	0x40020044
 8000a58:	40020058 	.word	0x40020058
 8000a5c:	4002006c 	.word	0x4002006c
 8000a60:	40020080 	.word	0x40020080
 8000a64:	40020408 	.word	0x40020408
 8000a68:	40020400 	.word	0x40020400
 8000a6c:	4002041c 	.word	0x4002041c
 8000a70:	40020430 	.word	0x40020430
 8000a74:	40020444 	.word	0x40020444
 8000a78:	40020458 	.word	0x40020458

08000a7c <DMA_Init>:
{
    uint32_t tmpreg = 0;

    tmpreg = DMAy_Channelx->CFGR;
    tmpreg &= CFGR_CLEAR_Mask;
    tmpreg |= DMA_InitStruct->DMA_DIR | DMA_InitStruct->DMA_Mode |
 8000a7c:	688b      	ldr	r3, [r1, #8]
{
 8000a7e:	b510      	push	{r4, lr}
    tmpreg |= DMA_InitStruct->DMA_DIR | DMA_InitStruct->DMA_Mode |
 8000a80:	6a0c      	ldr	r4, [r1, #32]
    tmpreg = DMAy_Channelx->CFGR;
 8000a82:	6802      	ldr	r2, [r0, #0]
    tmpreg |= DMA_InitStruct->DMA_DIR | DMA_InitStruct->DMA_Mode |
 8000a84:	4323      	orrs	r3, r4
 8000a86:	690c      	ldr	r4, [r1, #16]
    tmpreg &= CFGR_CLEAR_Mask;
 8000a88:	f422 42ff 	bic.w	r2, r2, #32640	; 0x7f80
    tmpreg |= DMA_InitStruct->DMA_DIR | DMA_InitStruct->DMA_Mode |
 8000a8c:	4323      	orrs	r3, r4
              DMA_InitStruct->DMA_PeripheralInc | DMA_InitStruct->DMA_MemoryInc |
 8000a8e:	694c      	ldr	r4, [r1, #20]
    tmpreg &= CFGR_CLEAR_Mask;
 8000a90:	f022 0270 	bic.w	r2, r2, #112	; 0x70
              DMA_InitStruct->DMA_PeripheralInc | DMA_InitStruct->DMA_MemoryInc |
 8000a94:	4323      	orrs	r3, r4
 8000a96:	698c      	ldr	r4, [r1, #24]
 8000a98:	4323      	orrs	r3, r4
              DMA_InitStruct->DMA_PeripheralDataSize | DMA_InitStruct->DMA_MemoryDataSize |
 8000a9a:	69cc      	ldr	r4, [r1, #28]
 8000a9c:	4323      	orrs	r3, r4
 8000a9e:	6a4c      	ldr	r4, [r1, #36]	; 0x24
 8000aa0:	4323      	orrs	r3, r4
              DMA_InitStruct->DMA_Priority | DMA_InitStruct->DMA_M2M;
 8000aa2:	6a8c      	ldr	r4, [r1, #40]	; 0x28
 8000aa4:	4323      	orrs	r3, r4
    tmpreg |= DMA_InitStruct->DMA_DIR | DMA_InitStruct->DMA_Mode |
 8000aa6:	4313      	orrs	r3, r2

    DMAy_Channelx->CFGR = tmpreg;
 8000aa8:	6003      	str	r3, [r0, #0]
    DMAy_Channelx->CNTR = DMA_InitStruct->DMA_BufferSize;
 8000aaa:	68cb      	ldr	r3, [r1, #12]
 8000aac:	6043      	str	r3, [r0, #4]
    DMAy_Channelx->PADDR = DMA_InitStruct->DMA_PeripheralBaseAddr;
 8000aae:	680b      	ldr	r3, [r1, #0]
 8000ab0:	6083      	str	r3, [r0, #8]
    DMAy_Channelx->MADDR = DMA_InitStruct->DMA_MemoryBaseAddr;
 8000ab2:	684b      	ldr	r3, [r1, #4]
 8000ab4:	60c3      	str	r3, [r0, #12]
}
 8000ab6:	bd10      	pop	{r4, pc}

08000ab8 <DMA_Cmd>:
 */
void DMA_Cmd( DMA_Channel_TypeDef *DMAy_Channelx, FunctionalState NewState )
{
    if( NewState != DISABLE )
    {
        DMAy_Channelx->CFGR |= DMA_CFGR1_EN;
 8000ab8:	6803      	ldr	r3, [r0, #0]
    if( NewState != DISABLE )
 8000aba:	b119      	cbz	r1, 8000ac4 <DMA_Cmd+0xc>
        DMAy_Channelx->CFGR |= DMA_CFGR1_EN;
 8000abc:	f043 0301 	orr.w	r3, r3, #1
    }
    else
    {
        DMAy_Channelx->CFGR &= ( uint16_t )( ~DMA_CFGR1_EN );
 8000ac0:	6003      	str	r3, [r0, #0]
    }
}
 8000ac2:	4770      	bx	lr
        DMAy_Channelx->CFGR &= ( uint16_t )( ~DMA_CFGR1_EN );
 8000ac4:	f023 0301 	bic.w	r3, r3, #1
 8000ac8:	041b      	lsls	r3, r3, #16
 8000aca:	0c1b      	lsrs	r3, r3, #16
 8000acc:	e7f8      	b.n	8000ac0 <DMA_Cmd+0x8>

08000ace <GPIO_Init>:
 *        contains the configuration information for the specified GPIO peripheral.
 *
 * @return  none
 */
void GPIO_Init( GPIO_TypeDef *GPIOx, GPIO_InitTypeDef *GPIO_InitStruct )
{
 8000ace:	e92d 41f0 	stmdb	sp!, {r4, r5, r6, r7, r8, lr}
    uint32_t currentmode = 0x00, currentpin = 0x00, pinpos = 0x00, pos = 0x00;
    uint32_t tmpreg = 0x00, pinmask = 0x00;

    currentmode = ( ( uint32_t )GPIO_InitStruct->GPIO_Mode ) & ( ( uint32_t )0x0F );
 8000ad2:	78cb      	ldrb	r3, [r1, #3]
    if( ( ( ( uint32_t )GPIO_InitStruct->GPIO_Mode ) & ( ( uint32_t )0x10 ) ) != 0x00 )
    {
        currentmode |= ( uint32_t )GPIO_InitStruct->GPIO_Speed;
    }

    if( ( ( uint32_t )GPIO_InitStruct->GPIO_Pin & ( ( uint32_t )0x00FF ) ) != 0x00 )
 8000ad4:	880e      	ldrh	r6, [r1, #0]
    if( ( ( ( uint32_t )GPIO_InitStruct->GPIO_Mode ) & ( ( uint32_t )0x10 ) ) != 0x00 )
 8000ad6:	06da      	lsls	r2, r3, #27
 8000ad8:	bf48      	it	mi
 8000ada:	788a      	ldrbmi	r2, [r1, #2]
 8000adc:	f003 050f 	and.w	r5, r3, #15
        currentmode |= ( uint32_t )GPIO_InitStruct->GPIO_Speed;
 8000ae0:	bf48      	it	mi
 8000ae2:	4315      	orrmi	r5, r2
    if( ( ( uint32_t )GPIO_InitStruct->GPIO_Pin & ( ( uint32_t )0x00FF ) ) != 0x00 )
 8000ae4:	780a      	ldrb	r2, [r1, #0]
 8000ae6:	b1d2      	cbz	r2, 8000b1e <GPIO_Init+0x50>
    {
        tmpreg = GPIOx->CFGLR;

        for( pinpos = 0x00; pinpos < 0x08; pinpos++ )
 8000ae8:	2100      	movs	r1, #0
        {
            pos = ( ( uint32_t )0x01 ) << pinpos;
 8000aea:	f04f 0c01 	mov.w	ip, #1
            currentpin = ( GPIO_InitStruct->GPIO_Pin ) & pos;

            if( currentpin == pos )
            {
                pos = pinpos << 2;
                pinmask = ( ( uint32_t )0x0F ) << pos;
 8000aee:	f04f 0e0f 	mov.w	lr, #15
        tmpreg = GPIOx->CFGLR;
 8000af2:	6802      	ldr	r2, [r0, #0]
            pos = ( ( uint32_t )0x01 ) << pinpos;
 8000af4:	fa0c f701 	lsl.w	r7, ip, r1
            if( currentpin == pos )
 8000af8:	ea37 0406 	bics.w	r4, r7, r6
 8000afc:	d10b      	bne.n	8000b16 <GPIO_Init+0x48>
                pos = pinpos << 2;
 8000afe:	008c      	lsls	r4, r1, #2
                pinmask = ( ( uint32_t )0x0F ) << pos;
 8000b00:	fa0e f804 	lsl.w	r8, lr, r4
                tmpreg &= ~pinmask;
 8000b04:	ea22 0208 	bic.w	r2, r2, r8
                tmpreg |= ( currentmode << pos );
 8000b08:	fa05 f404 	lsl.w	r4, r5, r4

                if( GPIO_InitStruct->GPIO_Mode == GPIO_Mode_IPD )
 8000b0c:	2b28      	cmp	r3, #40	; 0x28
                tmpreg |= ( currentmode << pos );
 8000b0e:	ea42 0204 	orr.w	r2, r2, r4
                if( GPIO_InitStruct->GPIO_Mode == GPIO_Mode_IPD )
 8000b12:	d124      	bne.n	8000b5e <GPIO_Init+0x90>
                {
                    GPIOx->BCR = ( ( ( uint32_t )0x01 ) << pinpos );
 8000b14:	6147      	str	r7, [r0, #20]
        for( pinpos = 0x00; pinpos < 0x08; pinpos++ )
 8000b16:	3101      	adds	r1, #1
 8000b18:	2908      	cmp	r1, #8
 8000b1a:	d1eb      	bne.n	8000af4 <GPIO_Init+0x26>
                        GPIOx->BSHR = ( ( ( uint32_t )0x01 ) << pinpos );
                    }
                }
            }
        }
        GPIOx->CFGLR = tmpreg;
 8000b1c:	6002      	str	r2, [r0, #0]
    }

    if( GPIO_InitStruct->GPIO_Pin > 0x00FF )
 8000b1e:	2eff      	cmp	r6, #255	; 0xff
 8000b20:	d91b      	bls.n	8000b5a <GPIO_Init+0x8c>
    {
        tmpreg = GPIOx->CFGHR;
 8000b22:	2408      	movs	r4, #8

        for( pinpos = 0x00; pinpos < 0x08; pinpos++ )
        {
            pos = ( ( ( uint32_t )0x01 ) << ( pinpos + 0x08 ) );
 8000b24:	f04f 0c01 	mov.w	ip, #1
            currentpin = ( ( GPIO_InitStruct->GPIO_Pin ) & pos );

            if( currentpin == pos )
            {
                pos = pinpos << 2;
                pinmask = ( ( uint32_t )0x0F ) << pos;
 8000b28:	f04f 0e0f 	mov.w	lr, #15
        tmpreg = GPIOx->CFGHR;
 8000b2c:	6841      	ldr	r1, [r0, #4]
            pos = ( ( ( uint32_t )0x01 ) << ( pinpos + 0x08 ) );
 8000b2e:	fa0c f704 	lsl.w	r7, ip, r4
            if( currentpin == pos )
 8000b32:	ea37 0206 	bics.w	r2, r7, r6
 8000b36:	d10c      	bne.n	8000b52 <GPIO_Init+0x84>
                pos = pinpos << 2;
 8000b38:	00a2      	lsls	r2, r4, #2
 8000b3a:	3a20      	subs	r2, #32
                pinmask = ( ( uint32_t )0x0F ) << pos;
 8000b3c:	fa0e f802 	lsl.w	r8, lr, r2
                tmpreg &= ~pinmask;
 8000b40:	ea21 0108 	bic.w	r1, r1, r8
                tmpreg |= ( currentmode << pos );
 8000b44:	fa05 f202 	lsl.w	r2, r5, r2

                if( GPIO_InitStruct->GPIO_Mode == GPIO_Mode_IPD )
 8000b48:	2b28      	cmp	r3, #40	; 0x28
                tmpreg |= ( currentmode << pos );
 8000b4a:	ea41 0102 	orr.w	r1, r1, r2
                if( GPIO_InitStruct->GPIO_Mode == GPIO_Mode_IPD )
 8000b4e:	d10a      	bne.n	8000b66 <GPIO_Init+0x98>
                {
                    GPIOx->BCR = ( ( ( uint32_t )0x01 ) << ( pinpos + 0x08 ) );
 8000b50:	6147      	str	r7, [r0, #20]
        for( pinpos = 0x00; pinpos < 0x08; pinpos++ )
 8000b52:	3401      	adds	r4, #1
 8000b54:	2c10      	cmp	r4, #16
 8000b56:	d1ea      	bne.n	8000b2e <GPIO_Init+0x60>
                {
                    GPIOx->BSHR = ( ( ( uint32_t )0x01 ) << ( pinpos + 0x08 ) );
                }
            }
        }
        GPIOx->CFGHR = tmpreg;
 8000b58:	6041      	str	r1, [r0, #4]
    }
}
 8000b5a:	e8bd 81f0 	ldmia.w	sp!, {r4, r5, r6, r7, r8, pc}
                    if( GPIO_InitStruct->GPIO_Mode == GPIO_Mode_IPU )
 8000b5e:	2b48      	cmp	r3, #72	; 0x48
                        GPIOx->BSHR = ( ( ( uint32_t )0x01 ) << pinpos );
 8000b60:	bf08      	it	eq
 8000b62:	6107      	streq	r7, [r0, #16]
 8000b64:	e7d7      	b.n	8000b16 <GPIO_Init+0x48>
                if( GPIO_InitStruct->GPIO_Mode == GPIO_Mode_IPU )
 8000b66:	2b48      	cmp	r3, #72	; 0x48
                    GPIOx->BSHR = ( ( ( uint32_t )0x01 ) << ( pinpos + 0x08 ) );
 8000b68:	bf08      	it	eq
 8000b6a:	6107      	streq	r7, [r0, #16]
 8000b6c:	e7f1      	b.n	8000b52 <GPIO_Init+0x84>
	...

08000b70 <I2C_DeInit>:
 * @param   I2Cx - where x can be 1 or 2 to select the I2C peripheral.
 *
 * @return  none
 */
void I2C_DeInit( I2C_TypeDef *I2Cx )
{
 8000b70:	b508      	push	{r3, lr}
    if( I2Cx == I2C1 )
 8000b72:	4b0b      	ldr	r3, [pc, #44]	; (8000ba0 <I2C_DeInit+0x30>)
    {
        RCC_APB1PeriphResetCmd( RCC_APB1Periph_I2C1, ENABLE );
 8000b74:	2101      	movs	r1, #1
    if( I2Cx == I2C1 )
 8000b76:	4298      	cmp	r0, r3
 8000b78:	d10a      	bne.n	8000b90 <I2C_DeInit+0x20>
        RCC_APB1PeriphResetCmd( RCC_APB1Periph_I2C1, ENABLE );
 8000b7a:	f44f 1000 	mov.w	r0, #2097152	; 0x200000
 8000b7e:	f000 f915 	bl	8000dac <RCC_APB1PeriphResetCmd>
        RCC_APB1PeriphResetCmd( RCC_APB1Periph_I2C1, DISABLE );
 8000b82:	2100      	movs	r1, #0
 8000b84:	f44f 1000 	mov.w	r0, #2097152	; 0x200000
    else
    {
        RCC_APB1PeriphResetCmd( RCC_APB1Periph_I2C2, ENABLE );
        RCC_APB1PeriphResetCmd( RCC_APB1Periph_I2C2, DISABLE );
    }
}
 8000b88:	e8bd 4008 	ldmia.w	sp!, {r3, lr}
        RCC_APB1PeriphResetCmd( RCC_APB1Periph_I2C2, DISABLE );
 8000b8c:	f000 b90e 	b.w	8000dac <RCC_APB1PeriphResetCmd>
        RCC_APB1PeriphResetCmd( RCC_APB1Periph_I2C2, ENABLE );
 8000b90:	f44f 0080 	mov.w	r0, #4194304	; 0x400000
 8000b94:	f000 f90a 	bl	8000dac <RCC_APB1PeriphResetCmd>
        RCC_APB1PeriphResetCmd( RCC_APB1Periph_I2C2, DISABLE );
 8000b98:	2100      	movs	r1, #0
 8000b9a:	f44f 0080 	mov.w	r0, #4194304	; 0x400000
 8000b9e:	e7f3      	b.n	8000b88 <I2C_DeInit+0x18>
 8000ba0:	40005400 	.word	0x40005400

08000ba4 <I2C_Init>:
 *        contains the configuration information for the specified I2C peripheral.
 *
 * @return  none
 */
void I2C_Init( I2C_TypeDef *I2Cx, I2C_InitTypeDef *I2C_InitStruct )
{
 8000ba4:	b570      	push	{r4, r5, r6, lr}
 8000ba6:	b086      	sub	sp, #24
 8000ba8:	4604      	mov	r4, r0
    uint16_t result = 0x04;
    uint32_t pclk1 = 8000000;

    RCC_ClocksTypeDef  rcc_clocks;

    tmpreg = I2Cx->CTLR2;
 8000baa:	8886      	ldrh	r6, [r0, #4]
    tmpreg &= CTLR2_FREQ_Reset;
    RCC_GetClocksFreq( &rcc_clocks );
 8000bac:	a801      	add	r0, sp, #4
{
 8000bae:	460d      	mov	r5, r1
    RCC_GetClocksFreq( &rcc_clocks );
 8000bb0:	f000 f884 	bl	8000cbc <RCC_GetClocksFreq>
    pclk1 = rcc_clocks.PCLK1_Frequency;
 8000bb4:	9a03      	ldr	r2, [sp, #12]
    freqrange = ( uint16_t )( pclk1 / 1000000 );
 8000bb6:	492e      	ldr	r1, [pc, #184]	; (8000c70 <I2C_Init+0xcc>)
    tmpreg &= CTLR2_FREQ_Reset;
 8000bb8:	f026 063f 	bic.w	r6, r6, #63	; 0x3f
    freqrange = ( uint16_t )( pclk1 / 1000000 );
 8000bbc:	fbb2 f1f1 	udiv	r1, r2, r1
    tmpreg &= CTLR2_FREQ_Reset;
 8000bc0:	0436      	lsls	r6, r6, #16
 8000bc2:	0c36      	lsrs	r6, r6, #16
    freqrange = ( uint16_t )( pclk1 / 1000000 );
 8000bc4:	b288      	uxth	r0, r1
    tmpreg |= freqrange;
 8000bc6:	4306      	orrs	r6, r0
    I2Cx->CTLR2 = tmpreg;
 8000bc8:	80a6      	strh	r6, [r4, #4]

    I2Cx->CTLR1 &= CTLR1_PE_Reset;
 8000bca:	8823      	ldrh	r3, [r4, #0]
    tmpreg = 0;

    if( I2C_InitStruct->I2C_ClockSpeed <= 100000 )
 8000bcc:	4e29      	ldr	r6, [pc, #164]	; (8000c74 <I2C_Init+0xd0>)
    I2Cx->CTLR1 &= CTLR1_PE_Reset;
 8000bce:	f023 0301 	bic.w	r3, r3, #1
 8000bd2:	041b      	lsls	r3, r3, #16
 8000bd4:	0c1b      	lsrs	r3, r3, #16
 8000bd6:	8023      	strh	r3, [r4, #0]
    if( I2C_InitStruct->I2C_ClockSpeed <= 100000 )
 8000bd8:	682b      	ldr	r3, [r5, #0]
 8000bda:	42b3      	cmp	r3, r6
 8000bdc:	d823      	bhi.n	8000c26 <I2C_Init+0x82>
    {
        result = ( uint16_t )( pclk1 / ( I2C_InitStruct->I2C_ClockSpeed << 1 ) );
 8000bde:	005b      	lsls	r3, r3, #1
 8000be0:	fbb2 f3f3 	udiv	r3, r2, r3
 8000be4:	b29b      	uxth	r3, r3

        if( result < 0x04 )
 8000be6:	2b04      	cmp	r3, #4
 8000be8:	bf38      	it	cc
 8000bea:	2304      	movcc	r3, #4
        {
            result = 0x04;
        }

        tmpreg |= result;
        I2Cx->RTR = freqrange + 1;
 8000bec:	3001      	adds	r0, #1
 8000bee:	b280      	uxth	r0, r0
 8000bf0:	8420      	strh	r0, [r4, #32]

        tmpreg |= ( uint16_t )( result | CKCFGR_FS_Set );
        I2Cx->RTR = ( uint16_t )( ( ( freqrange * ( uint16_t )300 ) / ( uint16_t )1000 ) + ( uint16_t )1 );
    }

    I2Cx->CKCFGR = tmpreg;
 8000bf2:	83a3      	strh	r3, [r4, #28]
    I2Cx->CTLR1 |= CTLR1_PE_Set;
 8000bf4:	8823      	ldrh	r3, [r4, #0]


    tmpreg = I2Cx->CTLR1;
    tmpreg &= CTLR1_CLEAR_Mask;
    tmpreg |= ( uint16_t )( ( uint32_t )I2C_InitStruct->I2C_Mode | I2C_InitStruct->I2C_Ack );
 8000bf6:	88aa      	ldrh	r2, [r5, #4]
    I2Cx->CTLR1 |= CTLR1_PE_Set;
 8000bf8:	b29b      	uxth	r3, r3
 8000bfa:	f043 0301 	orr.w	r3, r3, #1
 8000bfe:	8023      	strh	r3, [r4, #0]
    tmpreg = I2Cx->CTLR1;
 8000c00:	8823      	ldrh	r3, [r4, #0]
    tmpreg |= ( uint16_t )( ( uint32_t )I2C_InitStruct->I2C_Mode | I2C_InitStruct->I2C_Ack );
 8000c02:	8969      	ldrh	r1, [r5, #10]
    tmpreg &= CTLR1_CLEAR_Mask;
 8000c04:	f423 6381 	bic.w	r3, r3, #1032	; 0x408
 8000c08:	f023 0302 	bic.w	r3, r3, #2
 8000c0c:	041b      	lsls	r3, r3, #16
    tmpreg |= ( uint16_t )( ( uint32_t )I2C_InitStruct->I2C_Mode | I2C_InitStruct->I2C_Ack );
 8000c0e:	430a      	orrs	r2, r1
    tmpreg &= CTLR1_CLEAR_Mask;
 8000c10:	0c1b      	lsrs	r3, r3, #16
    tmpreg |= ( uint16_t )( ( uint32_t )I2C_InitStruct->I2C_Mode | I2C_InitStruct->I2C_Ack );
 8000c12:	4313      	orrs	r3, r2
 8000c14:	b29b      	uxth	r3, r3
    I2Cx->CTLR1 = tmpreg;

    I2Cx->OADDR1 = ( I2C_InitStruct->I2C_AcknowledgedAddress | I2C_InitStruct->I2C_OwnAddress1 );
 8000c16:	892a      	ldrh	r2, [r5, #8]
    I2Cx->CTLR1 = tmpreg;
 8000c18:	8023      	strh	r3, [r4, #0]
    I2Cx->OADDR1 = ( I2C_InitStruct->I2C_AcknowledgedAddress | I2C_InitStruct->I2C_OwnAddress1 );
 8000c1a:	89ab      	ldrh	r3, [r5, #12]
 8000c1c:	4313      	orrs	r3, r2
 8000c1e:	b29b      	uxth	r3, r3
 8000c20:	8123      	strh	r3, [r4, #8]
}
 8000c22:	b006      	add	sp, #24
 8000c24:	bd70      	pop	{r4, r5, r6, pc}
        if( I2C_InitStruct->I2C_DutyCycle == I2C_DutyCycle_2 )
 8000c26:	f64b 70ff 	movw	r0, #49151	; 0xbfff
 8000c2a:	88ee      	ldrh	r6, [r5, #6]
 8000c2c:	4286      	cmp	r6, r0
            result = ( uint16_t )( pclk1 / ( I2C_InitStruct->I2C_ClockSpeed * 25 ) );
 8000c2e:	bf1b      	ittet	ne
 8000c30:	2019      	movne	r0, #25
 8000c32:	4343      	mulne	r3, r0
            result = ( uint16_t )( pclk1 / ( I2C_InitStruct->I2C_ClockSpeed * 3 ) );
 8000c34:	eb03 0343 	addeq.w	r3, r3, r3, lsl #1
            result = ( uint16_t )( pclk1 / ( I2C_InitStruct->I2C_ClockSpeed * 25 ) );
 8000c38:	fbb2 f3f3 	udivne	r3, r2, r3
            result = ( uint16_t )( pclk1 / ( I2C_InitStruct->I2C_ClockSpeed * 3 ) );
 8000c3c:	bf0b      	itete	eq
 8000c3e:	fbb2 f3f3 	udiveq	r3, r2, r3
            result = ( uint16_t )( pclk1 / ( I2C_InitStruct->I2C_ClockSpeed * 25 ) );
 8000c42:	b29b      	uxthne	r3, r3
            result = ( uint16_t )( pclk1 / ( I2C_InitStruct->I2C_ClockSpeed * 3 ) );
 8000c44:	b29b      	uxtheq	r3, r3
            result |= I2C_DutyCycle_16_9;
 8000c46:	f443 4380 	orrne.w	r3, r3, #16384	; 0x4000
        if( ( result & CKCFGR_CCR_Set ) == 0 )
 8000c4a:	f3c3 020b 	ubfx	r2, r3, #0, #12
 8000c4e:	b90a      	cbnz	r2, 8000c54 <I2C_Init+0xb0>
            result |= ( uint16_t )0x0001;
 8000c50:	f043 0301 	orr.w	r3, r3, #1
        I2Cx->RTR = ( uint16_t )( ( ( freqrange * ( uint16_t )300 ) / ( uint16_t )1000 ) + ( uint16_t )1 );
 8000c54:	f44f 7296 	mov.w	r2, #300	; 0x12c
 8000c58:	434a      	muls	r2, r1
 8000c5a:	f44f 717a 	mov.w	r1, #1000	; 0x3e8
 8000c5e:	fbb2 f2f1 	udiv	r2, r2, r1
 8000c62:	3201      	adds	r2, #1
 8000c64:	b292      	uxth	r2, r2
        tmpreg |= ( uint16_t )( result | CKCFGR_FS_Set );
 8000c66:	f443 4300 	orr.w	r3, r3, #32768	; 0x8000
        I2Cx->RTR = ( uint16_t )( ( ( freqrange * ( uint16_t )300 ) / ( uint16_t )1000 ) + ( uint16_t )1 );
 8000c6a:	8422      	strh	r2, [r4, #32]
 8000c6c:	e7c1      	b.n	8000bf2 <I2C_Init+0x4e>
 8000c6e:	bf00      	nop
 8000c70:	000f4240 	.word	0x000f4240
 8000c74:	000186a0 	.word	0x000186a0

08000c78 <I2C_Cmd>:
 */
void I2C_Cmd( I2C_TypeDef *I2Cx, FunctionalState NewState )
{
    if( NewState != DISABLE )
    {
        I2Cx->CTLR1 |= CTLR1_PE_Set;
 8000c78:	8803      	ldrh	r3, [r0, #0]
    if( NewState != DISABLE )
 8000c7a:	b121      	cbz	r1, 8000c86 <I2C_Cmd+0xe>
        I2Cx->CTLR1 |= CTLR1_PE_Set;
 8000c7c:	b29b      	uxth	r3, r3
 8000c7e:	f043 0301 	orr.w	r3, r3, #1
    }
    else
    {
        I2Cx->CTLR1 &= CTLR1_PE_Reset;
 8000c82:	8003      	strh	r3, [r0, #0]
    }
}
 8000c84:	4770      	bx	lr
        I2Cx->CTLR1 &= CTLR1_PE_Reset;
 8000c86:	f023 0301 	bic.w	r3, r3, #1
 8000c8a:	041b      	lsls	r3, r3, #16
 8000c8c:	0c1b      	lsrs	r3, r3, #16
 8000c8e:	e7f8      	b.n	8000c82 <I2C_Cmd+0xa>

08000c90 <SysTick_CLKSourceConfig>:
 *          
 * @return  none
 */
void SysTick_CLKSourceConfig( uint32_t SysTick_CLKSource )
{
    if( SysTick_CLKSource == SysTick_CLKSource_HCLK )
 8000c90:	4b04      	ldr	r3, [pc, #16]	; (8000ca4 <SysTick_CLKSourceConfig+0x14>)
 8000c92:	2804      	cmp	r0, #4
    {
        SysTick->CTRL |= SysTick_CLKSource_HCLK;
 8000c94:	681a      	ldr	r2, [r3, #0]
 8000c96:	bf0c      	ite	eq
 8000c98:	f042 0204 	orreq.w	r2, r2, #4
    }
    else
    {
        SysTick->CTRL &= SysTick_CLKSource_HCLK_Div8;
 8000c9c:	f022 0204 	bicne.w	r2, r2, #4
 8000ca0:	601a      	str	r2, [r3, #0]
    }
}
 8000ca2:	4770      	bx	lr
 8000ca4:	e000e010 	.word	0xe000e010

08000ca8 <RCC_ADCCLKConfig>:
 */
void RCC_ADCCLKConfig( uint32_t RCC_PCLK2 )
{
    uint32_t tmpreg = 0;

    tmpreg = RCC->CFGR0;
 8000ca8:	4a03      	ldr	r2, [pc, #12]	; (8000cb8 <RCC_ADCCLKConfig+0x10>)
 8000caa:	6853      	ldr	r3, [r2, #4]
    tmpreg &= CFGR0_ADCPRE_Reset_Mask;
 8000cac:	f423 4340 	bic.w	r3, r3, #49152	; 0xc000
    tmpreg |= RCC_PCLK2;
 8000cb0:	4303      	orrs	r3, r0
    RCC->CFGR0 = tmpreg;
 8000cb2:	6053      	str	r3, [r2, #4]
}
 8000cb4:	4770      	bx	lr
 8000cb6:	bf00      	nop
 8000cb8:	40021000 	.word	0x40021000

08000cbc <RCC_GetClocksFreq>:
 */
void RCC_GetClocksFreq( RCC_ClocksTypeDef *RCC_Clocks )
{
    uint32_t tmp = 0, pllmull = 0, pllsource = 0, presc = 0;

    tmp = RCC->CFGR0 & CFGR0_SWS_Mask;
 8000cbc:	4a1d      	ldr	r2, [pc, #116]	; (8000d34 <RCC_GetClocksFreq+0x78>)
{
 8000cbe:	b510      	push	{r4, lr}
    tmp = RCC->CFGR0 & CFGR0_SWS_Mask;
 8000cc0:	6853      	ldr	r3, [r2, #4]
 8000cc2:	f003 030c 	and.w	r3, r3, #12

    switch( tmp )
 8000cc6:	2b08      	cmp	r3, #8
 8000cc8:	d01f      	beq.n	8000d0a <RCC_GetClocksFreq+0x4e>
    {
        case 0x00:
            RCC_Clocks->SYSCLK_Frequency = HSI_VALUE;
 8000cca:	4b1b      	ldr	r3, [pc, #108]	; (8000d38 <RCC_GetClocksFreq+0x7c>)
                {
                    RCC_Clocks->SYSCLK_Frequency = ( HSE_VALUE >> 1 ) * pllmull;
                }
                else
                {
                    RCC_Clocks->SYSCLK_Frequency = HSE_VALUE * pllmull;
 8000ccc:	6003      	str	r3, [r0, #0]
        default:
            RCC_Clocks->SYSCLK_Frequency = HSI_VALUE;
            break;
    }

    tmp = RCC->CFGR0 & CFGR0_HPRE_Set_Mask;
 8000cce:	6853      	ldr	r3, [r2, #4]
    tmp = tmp >> 4;
    presc = APBAHBPrescTable[tmp];
 8000cd0:	4c1a      	ldr	r4, [pc, #104]	; (8000d3c <RCC_GetClocksFreq+0x80>)
    tmp = tmp >> 4;
 8000cd2:	f3c3 1303 	ubfx	r3, r3, #4, #4
    presc = APBAHBPrescTable[tmp];
 8000cd6:	5ce1      	ldrb	r1, [r4, r3]
    RCC_Clocks->HCLK_Frequency = RCC_Clocks->SYSCLK_Frequency >> presc;
 8000cd8:	6803      	ldr	r3, [r0, #0]
 8000cda:	40cb      	lsrs	r3, r1
 8000cdc:	6043      	str	r3, [r0, #4]
    tmp = RCC->CFGR0 & CFGR0_PPRE1_Set_Mask;
 8000cde:	6851      	ldr	r1, [r2, #4]
    tmp = tmp >> 8;
 8000ce0:	f3c1 2102 	ubfx	r1, r1, #8, #3
    presc = APBAHBPrescTable[tmp];
 8000ce4:	5c61      	ldrb	r1, [r4, r1]
    RCC_Clocks->PCLK1_Frequency = RCC_Clocks->HCLK_Frequency >> presc;
 8000ce6:	fa23 f101 	lsr.w	r1, r3, r1
 8000cea:	6081      	str	r1, [r0, #8]
    tmp = RCC->CFGR0 & CFGR0_PPRE2_Set_Mask;
 8000cec:	6851      	ldr	r1, [r2, #4]
    tmp = tmp >> 11;
 8000cee:	f3c1 21c2 	ubfx	r1, r1, #11, #3
    presc = APBAHBPrescTable[tmp];
 8000cf2:	5c61      	ldrb	r1, [r4, r1]
    RCC_Clocks->PCLK2_Frequency = RCC_Clocks->HCLK_Frequency >> presc;
 8000cf4:	40cb      	lsrs	r3, r1
 8000cf6:	60c3      	str	r3, [r0, #12]
    tmp = RCC->CFGR0 & CFGR0_ADCPRE_Set_Mask;
 8000cf8:	6852      	ldr	r2, [r2, #4]
    tmp = tmp >> 14;
    presc = ADCPrescTable[tmp];
 8000cfa:	4911      	ldr	r1, [pc, #68]	; (8000d40 <RCC_GetClocksFreq+0x84>)
    tmp = tmp >> 14;
 8000cfc:	f3c2 3281 	ubfx	r2, r2, #14, #2
    presc = ADCPrescTable[tmp];
 8000d00:	5c8a      	ldrb	r2, [r1, r2]
    RCC_Clocks->ADCCLK_Frequency = RCC_Clocks->PCLK2_Frequency / presc;
 8000d02:	fbb3 f3f2 	udiv	r3, r3, r2
 8000d06:	6103      	str	r3, [r0, #16]
}
 8000d08:	bd10      	pop	{r4, pc}
            pllmull = RCC->CFGR0 & CFGR0_PLLMull_Mask;
 8000d0a:	6853      	ldr	r3, [r2, #4]
            pllsource = RCC->CFGR0 & CFGR0_PLLSRC_Mask;
 8000d0c:	6851      	ldr	r1, [r2, #4]
            pllmull = ( pllmull >> 18 ) + 2;
 8000d0e:	f3c3 4383 	ubfx	r3, r3, #18, #4
            if( pllsource == 0x00 )
 8000d12:	03c9      	lsls	r1, r1, #15
            pllmull = ( pllmull >> 18 ) + 2;
 8000d14:	f103 0302 	add.w	r3, r3, #2
            if( pllsource == 0x00 )
 8000d18:	d405      	bmi.n	8000d26 <RCC_GetClocksFreq+0x6a>
                if( EXTEN->EXTEN_CTR & EXTEN_PLL_HSI_PRE )
 8000d1a:	490a      	ldr	r1, [pc, #40]	; (8000d44 <RCC_GetClocksFreq+0x88>)
 8000d1c:	6809      	ldr	r1, [r1, #0]
 8000d1e:	06cc      	lsls	r4, r1, #27
 8000d20:	d504      	bpl.n	8000d2c <RCC_GetClocksFreq+0x70>
                    RCC_Clocks->SYSCLK_Frequency = HSE_VALUE * pllmull;
 8000d22:	4905      	ldr	r1, [pc, #20]	; (8000d38 <RCC_GetClocksFreq+0x7c>)
 8000d24:	e003      	b.n	8000d2e <RCC_GetClocksFreq+0x72>
                if( ( RCC->CFGR0 & CFGR0_PLLXTPRE_Mask ) != ( uint32_t )RESET )
 8000d26:	6851      	ldr	r1, [r2, #4]
 8000d28:	0389      	lsls	r1, r1, #14
 8000d2a:	d5fa      	bpl.n	8000d22 <RCC_GetClocksFreq+0x66>
                    RCC_Clocks->SYSCLK_Frequency = ( HSE_VALUE >> 1 ) * pllmull;
 8000d2c:	4906      	ldr	r1, [pc, #24]	; (8000d48 <RCC_GetClocksFreq+0x8c>)
                    RCC_Clocks->SYSCLK_Frequency = HSE_VALUE * pllmull;
 8000d2e:	434b      	muls	r3, r1
 8000d30:	e7cc      	b.n	8000ccc <RCC_GetClocksFreq+0x10>
 8000d32:	bf00      	nop
 8000d34:	40021000 	.word	0x40021000
 8000d38:	007a1200 	.word	0x007a1200
 8000d3c:	20000018 	.word	0x20000018
 8000d40:	20000014 	.word	0x20000014
 8000d44:	40023800 	.word	0x40023800
 8000d48:	003d0900 	.word	0x003d0900

08000d4c <RCC_AHBPeriphClockCmd>:
 *          NewState: ENABLE or DISABLE.
 * @return  none
 */
void RCC_AHBPeriphClockCmd( uint32_t RCC_AHBPeriph, FunctionalState NewState )
{
    if( NewState != DISABLE )
 8000d4c:	4b04      	ldr	r3, [pc, #16]	; (8000d60 <RCC_AHBPeriphClockCmd+0x14>)
    {
        RCC->AHBPCENR |= RCC_AHBPeriph;
 8000d4e:	695a      	ldr	r2, [r3, #20]
    if( NewState != DISABLE )
 8000d50:	b111      	cbz	r1, 8000d58 <RCC_AHBPeriphClockCmd+0xc>
        RCC->AHBPCENR |= RCC_AHBPeriph;
 8000d52:	4310      	orrs	r0, r2
    }
    else
    {
        RCC->AHBPCENR &= ~RCC_AHBPeriph;
 8000d54:	6158      	str	r0, [r3, #20]
    }
}
 8000d56:	4770      	bx	lr
        RCC->AHBPCENR &= ~RCC_AHBPeriph;
 8000d58:	ea22 0000 	bic.w	r0, r2, r0
 8000d5c:	e7fa      	b.n	8000d54 <RCC_AHBPeriphClockCmd+0x8>
 8000d5e:	bf00      	nop
 8000d60:	40021000 	.word	0x40021000

08000d64 <RCC_APB2PeriphClockCmd>:
 *
 * @return  none
 */
void RCC_APB2PeriphClockCmd( uint32_t RCC_APB2Periph, FunctionalState NewState )
{
    if( NewState != DISABLE )
 8000d64:	4b04      	ldr	r3, [pc, #16]	; (8000d78 <RCC_APB2PeriphClockCmd+0x14>)
    {
        RCC->APB2PCENR |= RCC_APB2Periph;
 8000d66:	699a      	ldr	r2, [r3, #24]
    if( NewState != DISABLE )
 8000d68:	b111      	cbz	r1, 8000d70 <RCC_APB2PeriphClockCmd+0xc>
        RCC->APB2PCENR |= RCC_APB2Periph;
 8000d6a:	4310      	orrs	r0, r2
    }
    else
    {
        RCC->APB2PCENR &= ~RCC_APB2Periph;
 8000d6c:	6198      	str	r0, [r3, #24]
    }
}
 8000d6e:	4770      	bx	lr
        RCC->APB2PCENR &= ~RCC_APB2Periph;
 8000d70:	ea22 0000 	bic.w	r0, r2, r0
 8000d74:	e7fa      	b.n	8000d6c <RCC_APB2PeriphClockCmd+0x8>
 8000d76:	bf00      	nop
 8000d78:	40021000 	.word	0x40021000

08000d7c <RCC_APB1PeriphClockCmd>:
 *
 * @return  none
 */
void RCC_APB1PeriphClockCmd( uint32_t RCC_APB1Periph, FunctionalState NewState )
{
    if( NewState != DISABLE )
 8000d7c:	4b04      	ldr	r3, [pc, #16]	; (8000d90 <RCC_APB1PeriphClockCmd+0x14>)
    {
        RCC->APB1PCENR |= RCC_APB1Periph;
 8000d7e:	69da      	ldr	r2, [r3, #28]
    if( NewState != DISABLE )
 8000d80:	b111      	cbz	r1, 8000d88 <RCC_APB1PeriphClockCmd+0xc>
        RCC->APB1PCENR |= RCC_APB1Periph;
 8000d82:	4310      	orrs	r0, r2
    }
    else
    {
        RCC->APB1PCENR &= ~RCC_APB1Periph;
 8000d84:	61d8      	str	r0, [r3, #28]
    }
}
 8000d86:	4770      	bx	lr
        RCC->APB1PCENR &= ~RCC_APB1Periph;
 8000d88:	ea22 0000 	bic.w	r0, r2, r0
 8000d8c:	e7fa      	b.n	8000d84 <RCC_APB1PeriphClockCmd+0x8>
 8000d8e:	bf00      	nop
 8000d90:	40021000 	.word	0x40021000

08000d94 <RCC_APB2PeriphResetCmd>:
 *
 * @return  none
 */
void RCC_APB2PeriphResetCmd( uint32_t RCC_APB2Periph, FunctionalState NewState )
{
    if( NewState != DISABLE )
 8000d94:	4b04      	ldr	r3, [pc, #16]	; (8000da8 <RCC_APB2PeriphResetCmd+0x14>)
    {
        RCC->APB2PRSTR |= RCC_APB2Periph;
 8000d96:	68da      	ldr	r2, [r3, #12]
    if( NewState != DISABLE )
 8000d98:	b111      	cbz	r1, 8000da0 <RCC_APB2PeriphResetCmd+0xc>
        RCC->APB2PRSTR |= RCC_APB2Periph;
 8000d9a:	4310      	orrs	r0, r2
    }
    else
    {
        RCC->APB2PRSTR &= ~RCC_APB2Periph;
 8000d9c:	60d8      	str	r0, [r3, #12]
    }
}
 8000d9e:	4770      	bx	lr
        RCC->APB2PRSTR &= ~RCC_APB2Periph;
 8000da0:	ea22 0000 	bic.w	r0, r2, r0
 8000da4:	e7fa      	b.n	8000d9c <RCC_APB2PeriphResetCmd+0x8>
 8000da6:	bf00      	nop
 8000da8:	40021000 	.word	0x40021000

08000dac <RCC_APB1PeriphResetCmd>:
 *
 * @return  none
 */
void RCC_APB1PeriphResetCmd( uint32_t RCC_APB1Periph, FunctionalState NewState )
{
    if( NewState != DISABLE )
 8000dac:	4b04      	ldr	r3, [pc, #16]	; (8000dc0 <RCC_APB1PeriphResetCmd+0x14>)
    {
        RCC->APB1PRSTR |= RCC_APB1Periph;
 8000dae:	691a      	ldr	r2, [r3, #16]
    if( NewState != DISABLE )
 8000db0:	b111      	cbz	r1, 8000db8 <RCC_APB1PeriphResetCmd+0xc>
        RCC->APB1PRSTR |= RCC_APB1Periph;
 8000db2:	4310      	orrs	r0, r2
    }
    else
    {
        RCC->APB1PRSTR &= ~RCC_APB1Periph;
 8000db4:	6118      	str	r0, [r3, #16]
    }
}
 8000db6:	4770      	bx	lr
        RCC->APB1PRSTR &= ~RCC_APB1Periph;
 8000db8:	ea22 0000 	bic.w	r0, r2, r0
 8000dbc:	e7fa      	b.n	8000db4 <RCC_APB1PeriphResetCmd+0x8>
 8000dbe:	bf00      	nop
 8000dc0:	40021000 	.word	0x40021000

08000dc4 <TIM_TimeBaseInit>:
{
    uint16_t tmpcr1 = 0;

    tmpcr1 = TIMx->CTLR1;

    if( ( TIMx == TIM1 ) || ( TIMx == TIM2 ) || ( TIMx == TIM3 ) || ( TIMx == TIM4 ) )
 8000dc4:	4a12      	ldr	r2, [pc, #72]	; (8000e10 <TIM_TimeBaseInit+0x4c>)
    tmpcr1 = TIMx->CTLR1;
 8000dc6:	8803      	ldrh	r3, [r0, #0]
    if( ( TIMx == TIM1 ) || ( TIMx == TIM2 ) || ( TIMx == TIM3 ) || ( TIMx == TIM4 ) )
 8000dc8:	4290      	cmp	r0, r2
    tmpcr1 = TIMx->CTLR1;
 8000dca:	b29b      	uxth	r3, r3
    if( ( TIMx == TIM1 ) || ( TIMx == TIM2 ) || ( TIMx == TIM3 ) || ( TIMx == TIM4 ) )
 8000dcc:	d00a      	beq.n	8000de4 <TIM_TimeBaseInit+0x20>
 8000dce:	f1b0 4f80 	cmp.w	r0, #1073741824	; 0x40000000
 8000dd2:	d007      	beq.n	8000de4 <TIM_TimeBaseInit+0x20>
 8000dd4:	f5a2 3294 	sub.w	r2, r2, #75776	; 0x12800
 8000dd8:	4290      	cmp	r0, r2
 8000dda:	d003      	beq.n	8000de4 <TIM_TimeBaseInit+0x20>
 8000ddc:	f502 6280 	add.w	r2, r2, #1024	; 0x400
 8000de0:	4290      	cmp	r0, r2
 8000de2:	d103      	bne.n	8000dec <TIM_TimeBaseInit+0x28>
    {
        tmpcr1 &= ( uint16_t )( ~( ( uint16_t )( TIM_DIR | TIM_CMS ) ) );
        tmpcr1 |= ( uint32_t )TIM_TimeBaseInitStruct->TIM_CounterMode;
 8000de4:	884a      	ldrh	r2, [r1, #2]
        tmpcr1 &= ( uint16_t )( ~( ( uint16_t )( TIM_DIR | TIM_CMS ) ) );
 8000de6:	f023 0370 	bic.w	r3, r3, #112	; 0x70
        tmpcr1 |= ( uint32_t )TIM_TimeBaseInitStruct->TIM_CounterMode;
 8000dea:	4313      	orrs	r3, r2
    }

    tmpcr1 &= ( uint16_t )( ~( ( uint16_t )TIM_CTLR1_CKD ) );
    tmpcr1 |= ( uint32_t )TIM_TimeBaseInitStruct->TIM_ClockDivision;
 8000dec:	88ca      	ldrh	r2, [r1, #6]
    tmpcr1 &= ( uint16_t )( ~( ( uint16_t )TIM_CTLR1_CKD ) );
 8000dee:	f423 7340 	bic.w	r3, r3, #768	; 0x300
 8000df2:	b29b      	uxth	r3, r3
    tmpcr1 |= ( uint32_t )TIM_TimeBaseInitStruct->TIM_ClockDivision;
 8000df4:	4313      	orrs	r3, r2

    TIMx->CTLR1 = tmpcr1;
 8000df6:	8003      	strh	r3, [r0, #0]
    TIMx->ATRLR = TIM_TimeBaseInitStruct->TIM_Period ;
 8000df8:	888b      	ldrh	r3, [r1, #4]
 8000dfa:	8583      	strh	r3, [r0, #44]	; 0x2c
    TIMx->PSC = TIM_TimeBaseInitStruct->TIM_Prescaler;
 8000dfc:	880b      	ldrh	r3, [r1, #0]
 8000dfe:	8503      	strh	r3, [r0, #40]	; 0x28

    if( TIMx == TIM1 )
 8000e00:	4b03      	ldr	r3, [pc, #12]	; (8000e10 <TIM_TimeBaseInit+0x4c>)
 8000e02:	4298      	cmp	r0, r3
    {
        TIMx->RPTCR = TIM_TimeBaseInitStruct->TIM_RepetitionCounter;
 8000e04:	bf04      	itt	eq
 8000e06:	7a0b      	ldrbeq	r3, [r1, #8]
 8000e08:	8603      	strheq	r3, [r0, #48]	; 0x30
    }

    TIMx->SWEVGR = TIM_PSCReloadMode_Immediate;
 8000e0a:	2301      	movs	r3, #1
 8000e0c:	8283      	strh	r3, [r0, #20]
}
 8000e0e:	4770      	bx	lr
 8000e10:	40012c00 	.word	0x40012c00

08000e14 <TIM_OC1Init>:
 */
void TIM_OC1Init( TIM_TypeDef *TIMx, TIM_OCInitTypeDef *TIM_OCInitStruct )
{
    uint16_t tmpccmrx = 0, tmpccer = 0, tmpcr2 = 0;

    TIMx->CCER &= ( uint16_t )( ~( uint16_t )TIM_CC1E );
 8000e14:	8c03      	ldrh	r3, [r0, #32]
{
 8000e16:	b570      	push	{r4, r5, r6, lr}
    TIMx->CCER &= ( uint16_t )( ~( uint16_t )TIM_CC1E );
 8000e18:	f023 0301 	bic.w	r3, r3, #1
 8000e1c:	041b      	lsls	r3, r3, #16
 8000e1e:	0c1b      	lsrs	r3, r3, #16
 8000e20:	8403      	strh	r3, [r0, #32]
    tmpccer = TIMx->CCER;
 8000e22:	8c03      	ldrh	r3, [r0, #32]
    tmpcr2 =  TIMx->CTLR2;
 8000e24:	8882      	ldrh	r2, [r0, #4]
    tmpccmrx = TIMx->CHCTLR1;
 8000e26:	8b04      	ldrh	r4, [r0, #24]
    tmpccmrx &= ( uint16_t )( ~( ( uint16_t )TIM_OC1M ) );
    tmpccmrx &= ( uint16_t )( ~( ( uint16_t )TIM_CC1S ) );
    tmpccmrx |= TIM_OCInitStruct->TIM_OCMode;
 8000e28:	880d      	ldrh	r5, [r1, #0]
    tmpccmrx &= ( uint16_t )( ~( ( uint16_t )TIM_CC1S ) );
 8000e2a:	f024 0473 	bic.w	r4, r4, #115	; 0x73
 8000e2e:	0424      	lsls	r4, r4, #16
 8000e30:	0c24      	lsrs	r4, r4, #16
    tmpccer &= ( uint16_t )( ~( ( uint16_t )TIM_CC1P ) );
    tmpccer |= TIM_OCInitStruct->TIM_OCPolarity;
    tmpccer |= TIM_OCInitStruct->TIM_OutputState;
 8000e32:	884e      	ldrh	r6, [r1, #2]
    tmpccmrx |= TIM_OCInitStruct->TIM_OCMode;
 8000e34:	432c      	orrs	r4, r5
    tmpccer &= ( uint16_t )( ~( ( uint16_t )TIM_CC1P ) );
 8000e36:	f023 0302 	bic.w	r3, r3, #2
    tmpccer |= TIM_OCInitStruct->TIM_OutputState;
 8000e3a:	890d      	ldrh	r5, [r1, #8]
    tmpccer &= ( uint16_t )( ~( ( uint16_t )TIM_CC1P ) );
 8000e3c:	041b      	lsls	r3, r3, #16
    tmpccer |= TIM_OCInitStruct->TIM_OutputState;
 8000e3e:	4335      	orrs	r5, r6
    tmpccer &= ( uint16_t )( ~( ( uint16_t )TIM_CC1P ) );
 8000e40:	0c1b      	lsrs	r3, r3, #16
    tmpccer |= TIM_OCInitStruct->TIM_OutputState;
 8000e42:	432b      	orrs	r3, r5

    if( TIMx == TIM1 )
 8000e44:	4d0c      	ldr	r5, [pc, #48]	; (8000e78 <TIM_OC1Init+0x64>)
    tmpcr2 =  TIMx->CTLR2;
 8000e46:	b292      	uxth	r2, r2
    if( TIMx == TIM1 )
 8000e48:	42a8      	cmp	r0, r5
    tmpccer |= TIM_OCInitStruct->TIM_OutputState;
 8000e4a:	b29b      	uxth	r3, r3
    if( TIMx == TIM1 )
 8000e4c:	d10e      	bne.n	8000e6c <TIM_OC1Init+0x58>
    {
        tmpccer &= ( uint16_t )( ~( ( uint16_t )TIM_CC1NP ) );
        tmpccer |= TIM_OCInitStruct->TIM_OCNPolarity;
 8000e4e:	894d      	ldrh	r5, [r1, #10]
        tmpccer &= ( uint16_t )( ~( ( uint16_t )TIM_CC1NP ) );
 8000e50:	f023 0308 	bic.w	r3, r3, #8
        tmpccer |= TIM_OCInitStruct->TIM_OCNPolarity;
 8000e54:	432b      	orrs	r3, r5

        tmpccer &= ( uint16_t )( ~( ( uint16_t )TIM_CC1NE ) );
        tmpccer |= TIM_OCInitStruct->TIM_OutputNState;
 8000e56:	888d      	ldrh	r5, [r1, #4]
        tmpccer &= ( uint16_t )( ~( ( uint16_t )TIM_CC1NE ) );
 8000e58:	f023 0304 	bic.w	r3, r3, #4

        tmpcr2 &= ( uint16_t )( ~( ( uint16_t )TIM_OIS1 ) );
        tmpcr2 &= ( uint16_t )( ~( ( uint16_t )TIM_OIS1N ) );

        tmpcr2 |= TIM_OCInitStruct->TIM_OCIdleState;
        tmpcr2 |= TIM_OCInitStruct->TIM_OCNIdleState;
 8000e5c:	89ce      	ldrh	r6, [r1, #14]
        tmpccer |= TIM_OCInitStruct->TIM_OutputNState;
 8000e5e:	432b      	orrs	r3, r5
        tmpcr2 |= TIM_OCInitStruct->TIM_OCNIdleState;
 8000e60:	898d      	ldrh	r5, [r1, #12]
        tmpcr2 &= ( uint16_t )( ~( ( uint16_t )TIM_OIS1N ) );
 8000e62:	f422 7240 	bic.w	r2, r2, #768	; 0x300
        tmpcr2 |= TIM_OCInitStruct->TIM_OCNIdleState;
 8000e66:	4335      	orrs	r5, r6
 8000e68:	432a      	orrs	r2, r5
 8000e6a:	b292      	uxth	r2, r2
    }

    TIMx->CTLR2 = tmpcr2;
 8000e6c:	8082      	strh	r2, [r0, #4]
    TIMx->CHCTLR1 = tmpccmrx;
    TIMx->CH1CVR = TIM_OCInitStruct->TIM_Pulse;
 8000e6e:	88ca      	ldrh	r2, [r1, #6]
    TIMx->CHCTLR1 = tmpccmrx;
 8000e70:	8304      	strh	r4, [r0, #24]
    TIMx->CH1CVR = TIM_OCInitStruct->TIM_Pulse;
 8000e72:	8682      	strh	r2, [r0, #52]	; 0x34
    TIMx->CCER = tmpccer;
 8000e74:	8403      	strh	r3, [r0, #32]
}
 8000e76:	bd70      	pop	{r4, r5, r6, pc}
 8000e78:	40012c00 	.word	0x40012c00

08000e7c <TIM_Cmd>:
 */
void TIM_Cmd( TIM_TypeDef *TIMx, FunctionalState NewState )
{
    if( NewState != DISABLE )
    {
        TIMx->CTLR1 |= TIM_CEN;
 8000e7c:	8803      	ldrh	r3, [r0, #0]
    if( NewState != DISABLE )
 8000e7e:	b121      	cbz	r1, 8000e8a <TIM_Cmd+0xe>
        TIMx->CTLR1 |= TIM_CEN;
 8000e80:	b29b      	uxth	r3, r3
 8000e82:	f043 0301 	orr.w	r3, r3, #1
    }
    else
    {
        TIMx->CTLR1 &= ( uint16_t )( ~( ( uint16_t )TIM_CEN ) );
 8000e86:	8003      	strh	r3, [r0, #0]
    }
}
 8000e88:	4770      	bx	lr
        TIMx->CTLR1 &= ( uint16_t )( ~( ( uint16_t )TIM_CEN ) );
 8000e8a:	f023 0301 	bic.w	r3, r3, #1
 8000e8e:	041b      	lsls	r3, r3, #16
 8000e90:	0c1b      	lsrs	r3, r3, #16
 8000e92:	e7f8      	b.n	8000e86 <TIM_Cmd+0xa>

08000e94 <TIM_ARRPreloadConfig>:
 */
void TIM_ARRPreloadConfig( TIM_TypeDef *TIMx, FunctionalState NewState )
{
    if( NewState != DISABLE )
    {
        TIMx->CTLR1 |= TIM_ARPE;
 8000e94:	8803      	ldrh	r3, [r0, #0]
    if( NewState != DISABLE )
 8000e96:	b121      	cbz	r1, 8000ea2 <TIM_ARRPreloadConfig+0xe>
        TIMx->CTLR1 |= TIM_ARPE;
 8000e98:	b29b      	uxth	r3, r3
 8000e9a:	f043 0380 	orr.w	r3, r3, #128	; 0x80
    }
    else
    {
        TIMx->CTLR1 &= ( uint16_t )~( ( uint16_t )TIM_ARPE );
 8000e9e:	8003      	strh	r3, [r0, #0]
    }
}
 8000ea0:	4770      	bx	lr
        TIMx->CTLR1 &= ( uint16_t )~( ( uint16_t )TIM_ARPE );
 8000ea2:	f023 0380 	bic.w	r3, r3, #128	; 0x80
 8000ea6:	041b      	lsls	r3, r3, #16
 8000ea8:	0c1b      	lsrs	r3, r3, #16
 8000eaa:	e7f8      	b.n	8000e9e <TIM_ARRPreloadConfig+0xa>

08000eac <TIM_OC1PreloadConfig>:
 */
void TIM_OC1PreloadConfig( TIM_TypeDef *TIMx, uint16_t TIM_OCPreload )
{
    uint16_t tmpccmr1 = 0;

    tmpccmr1 = TIMx->CHCTLR1;
 8000eac:	8b03      	ldrh	r3, [r0, #24]
    tmpccmr1 &= ( uint16_t )~( ( uint16_t )TIM_OC1PE );
 8000eae:	f023 0308 	bic.w	r3, r3, #8
 8000eb2:	041b      	lsls	r3, r3, #16
 8000eb4:	0c1b      	lsrs	r3, r3, #16
    tmpccmr1 |= TIM_OCPreload;
 8000eb6:	430b      	orrs	r3, r1
    TIMx->CHCTLR1 = tmpccmr1;
 8000eb8:	8303      	strh	r3, [r0, #24]
}
 8000eba:	4770      	bx	lr

08000ebc <TIM_SetCompare1>:
 *
 * @return  none
 */
void TIM_SetCompare1( TIM_TypeDef *TIMx, uint16_t Compare1 )
{
    TIMx->CH1CVR = Compare1;
 8000ebc:	8681      	strh	r1, [r0, #52]	; 0x34
}
 8000ebe:	4770      	bx	lr

08000ec0 <USART_Init>:
 *        USART peripheral.
 *
 * @return  none
 */
void USART_Init( USART_TypeDef *USARTx, USART_InitTypeDef *USART_InitStruct )
{
 8000ec0:	b530      	push	{r4, r5, lr}
 8000ec2:	460d      	mov	r5, r1
 8000ec4:	4604      	mov	r4, r0
    if( USART_InitStruct->USART_HardwareFlowControl != USART_HardwareFlowControl_None )
    {
    }

    usartxbase = ( uint32_t )USARTx;
    tmpreg = USARTx->CTLR2;
 8000ec6:	8a03      	ldrh	r3, [r0, #16]
    if( USART_InitStruct->USART_HardwareFlowControl != USART_HardwareFlowControl_None )
 8000ec8:	898a      	ldrh	r2, [r1, #12]
    tmpreg = USARTx->CTLR2;
 8000eca:	b29b      	uxth	r3, r3
    tmpreg &= CTLR2_STOP_CLEAR_Mask;
    tmpreg |= ( uint32_t )USART_InitStruct->USART_StopBits;
 8000ecc:	88c9      	ldrh	r1, [r1, #6]
 8000ece:	f423 5340 	bic.w	r3, r3, #12288	; 0x3000
 8000ed2:	430b      	orrs	r3, r1

    USARTx->CTLR2 = ( uint16_t )tmpreg;
 8000ed4:	8203      	strh	r3, [r0, #16]
    tmpreg = USARTx->CTLR1;
 8000ed6:	8983      	ldrh	r3, [r0, #12]
    tmpreg &= CTLR1_CLEAR_Mask;
    tmpreg |= ( uint32_t )USART_InitStruct->USART_WordLength | USART_InitStruct->USART_Parity |
 8000ed8:	88a9      	ldrh	r1, [r5, #4]
 8000eda:	f423 53b0 	bic.w	r3, r3, #5632	; 0x1600
 8000ede:	f023 030c 	bic.w	r3, r3, #12
 8000ee2:	041b      	lsls	r3, r3, #16
 8000ee4:	0c1b      	lsrs	r3, r3, #16
 8000ee6:	430b      	orrs	r3, r1
 8000ee8:	8929      	ldrh	r1, [r5, #8]
{
 8000eea:	b087      	sub	sp, #28
 8000eec:	430b      	orrs	r3, r1
 8000eee:	8969      	ldrh	r1, [r5, #10]
 8000ef0:	430b      	orrs	r3, r1
 8000ef2:	b29b      	uxth	r3, r3
              USART_InitStruct->USART_Mode;
    USARTx->CTLR1 = ( uint16_t )tmpreg;
 8000ef4:	8183      	strh	r3, [r0, #12]

    tmpreg = USARTx->CTLR3;
 8000ef6:	8a83      	ldrh	r3, [r0, #20]
 8000ef8:	b29b      	uxth	r3, r3
    tmpreg &= CTLR3_CLEAR_Mask;
    tmpreg |= USART_InitStruct->USART_HardwareFlowControl;
 8000efa:	f423 7340 	bic.w	r3, r3, #768	; 0x300
 8000efe:	4313      	orrs	r3, r2
    USARTx->CTLR3 = ( uint16_t )tmpreg;
 8000f00:	8283      	strh	r3, [r0, #20]

    RCC_GetClocksFreq( &RCC_ClocksStatus );
 8000f02:	a801      	add	r0, sp, #4
 8000f04:	f7ff feda 	bl	8000cbc <RCC_GetClocksFreq>

    if( usartxbase == USART1_BASE )
    {
        apbclock = RCC_ClocksStatus.PCLK2_Frequency;
 8000f08:	e9dd 2303 	ldrd	r2, r3, [sp, #12]
 8000f0c:	490d      	ldr	r1, [pc, #52]	; (8000f44 <USART_Init+0x84>)
 8000f0e:	428c      	cmp	r4, r1
 8000f10:	bf08      	it	eq
 8000f12:	461a      	moveq	r2, r3
    }
    else
    {
        apbclock = RCC_ClocksStatus.PCLK1_Frequency;
    }
    integerdivider = ( ( 25 * apbclock ) / ( 4 * ( USART_InitStruct->USART_BaudRate ) ) );
 8000f14:	2319      	movs	r3, #25
 8000f16:	4353      	muls	r3, r2
 8000f18:	682a      	ldr	r2, [r5, #0]
 8000f1a:	0092      	lsls	r2, r2, #2
 8000f1c:	fbb3 f3f2 	udiv	r3, r3, r2
    tmpreg = ( integerdivider / 100 ) << 4;
 8000f20:	2264      	movs	r2, #100	; 0x64
 8000f22:	fbb3 f1f2 	udiv	r1, r3, r2
    fractionaldivider = integerdivider - ( 100 * ( tmpreg >> 4 ) );
    tmpreg |= ( ( ( ( fractionaldivider * 16 ) + 50 ) / 100 ) ) & ( ( uint8_t )0x0F );
 8000f26:	fb02 3311 	mls	r3, r2, r1, r3
 8000f2a:	011b      	lsls	r3, r3, #4
 8000f2c:	3332      	adds	r3, #50	; 0x32
 8000f2e:	fbb3 f3f2 	udiv	r3, r3, r2
 8000f32:	f003 030f 	and.w	r3, r3, #15
 8000f36:	ea43 1301 	orr.w	r3, r3, r1, lsl #4
    USARTx->BRR = ( uint16_t )tmpreg;
 8000f3a:	b29b      	uxth	r3, r3
 8000f3c:	8123      	strh	r3, [r4, #8]
}
 8000f3e:	b007      	add	sp, #28
 8000f40:	bd30      	pop	{r4, r5, pc}
 8000f42:	bf00      	nop
 8000f44:	40013800 	.word	0x40013800

08000f48 <USART_Cmd>:
 */
void USART_Cmd( USART_TypeDef *USARTx, FunctionalState NewState )
{
    if( NewState != DISABLE )
    {
        USARTx->CTLR1 |= CTLR1_UE_Set;
 8000f48:	8983      	ldrh	r3, [r0, #12]
    if( NewState != DISABLE )
 8000f4a:	b121      	cbz	r1, 8000f56 <USART_Cmd+0xe>
        USARTx->CTLR1 |= CTLR1_UE_Set;
 8000f4c:	b29b      	uxth	r3, r3
 8000f4e:	f443 5300 	orr.w	r3, r3, #8192	; 0x2000
    }
    else
    {
        USARTx->CTLR1 &= CTLR1_UE_Reset;
 8000f52:	8183      	strh	r3, [r0, #12]
    }
}
 8000f54:	4770      	bx	lr
        USARTx->CTLR1 &= CTLR1_UE_Reset;
 8000f56:	f423 5300 	bic.w	r3, r3, #8192	; 0x2000
 8000f5a:	041b      	lsls	r3, r3, #16
 8000f5c:	0c1b      	lsrs	r3, r3, #16
 8000f5e:	e7f8      	b.n	8000f52 <USART_Cmd+0xa>

08000f60 <USART_SendData>:
 *
 * @return  none
 */
void USART_SendData( USART_TypeDef *USARTx, uint16_t Data )
{
    USARTx->DATAR = ( Data & ( uint16_t )0x01FF );
 8000f60:	f3c1 0108 	ubfx	r1, r1, #0, #9
 8000f64:	8081      	strh	r1, [r0, #4]
}
 8000f66:	4770      	bx	lr

08000f68 <USART_GetFlagStatus>:
FlagStatus USART_GetFlagStatus( USART_TypeDef *USARTx, uint16_t USART_FLAG )
{
    FlagStatus bitstatus = RESET;


    if( ( USARTx->STATR & USART_FLAG ) != ( uint16_t )RESET )
 8000f68:	8803      	ldrh	r3, [r0, #0]
 8000f6a:	4219      	tst	r1, r3
    else
    {
        bitstatus = RESET;
    }
    return bitstatus;
}
 8000f6c:	bf14      	ite	ne
 8000f6e:	2001      	movne	r0, #1
 8000f70:	2000      	moveq	r0, #0
 8000f72:	4770      	bx	lr

08000f74 <Delay_Init>:
 * @brief   Initializes Delay Funcation.
 *
 * @return  none
 */	
void Delay_Init(void)
{
 8000f74:	b508      	push	{r3, lr}
	SysTick_CLKSourceConfig(SysTick_CLKSource_HCLK_Div8);	
 8000f76:	f06f 0004 	mvn.w	r0, #4
 8000f7a:	f7ff fe89 	bl	8000c90 <SysTick_CLKSourceConfig>
	p_us=SystemCoreClock/8000000;			  
 8000f7e:	4b08      	ldr	r3, [pc, #32]	; (8000fa0 <Delay_Init+0x2c>)
 8000f80:	4a08      	ldr	r2, [pc, #32]	; (8000fa4 <Delay_Init+0x30>)
 8000f82:	681b      	ldr	r3, [r3, #0]
 8000f84:	fbb3 f3f2 	udiv	r3, r3, r2
 8000f88:	4a07      	ldr	r2, [pc, #28]	; (8000fa8 <Delay_Init+0x34>)
 8000f8a:	b2db      	uxtb	r3, r3
 8000f8c:	7013      	strb	r3, [r2, #0]
	p_ms=(u16)p_us*1000;					   
 8000f8e:	ebc3 1243 	rsb	r2, r3, r3, lsl #5
 8000f92:	eb03 0382 	add.w	r3, r3, r2, lsl #2
 8000f96:	4a05      	ldr	r2, [pc, #20]	; (8000fac <Delay_Init+0x38>)
 8000f98:	00db      	lsls	r3, r3, #3
 8000f9a:	8013      	strh	r3, [r2, #0]
}								    
 8000f9c:	bd08      	pop	{r3, pc}
 8000f9e:	bf00      	nop
 8000fa0:	20000010 	.word	0x20000010
 8000fa4:	007a1200 	.word	0x007a1200
 8000fa8:	20000890 	.word	0x20000890
 8000fac:	2000088e 	.word	0x2000088e

08000fb0 <Delay_Ms>:
void Delay_Ms(u16 n)
{	 		  	  
	u32 i;	
	
	SysTick->LOAD=(u32)n*p_ms;				
	SysTick->VAL =0x00;							
 8000fb0:	2200      	movs	r2, #0
	SysTick->LOAD=(u32)n*p_ms;				
 8000fb2:	4b0b      	ldr	r3, [pc, #44]	; (8000fe0 <Delay_Ms+0x30>)
 8000fb4:	881b      	ldrh	r3, [r3, #0]
 8000fb6:	4358      	muls	r0, r3
 8000fb8:	4b0a      	ldr	r3, [pc, #40]	; (8000fe4 <Delay_Ms+0x34>)
 8000fba:	6058      	str	r0, [r3, #4]
	SysTick->VAL =0x00;							
 8000fbc:	609a      	str	r2, [r3, #8]
	SysTick->CTRL|=SysTick_CTRL_ENABLE_Msk ;
 8000fbe:	681a      	ldr	r2, [r3, #0]
 8000fc0:	f042 0201 	orr.w	r2, r2, #1
 8000fc4:	601a      	str	r2, [r3, #0]
	
	do
	{
		i=SysTick->CTRL;
 8000fc6:	681a      	ldr	r2, [r3, #0]
	}while((i&0x01)&&!(i&(1<<16)));	
 8000fc8:	f002 1201 	and.w	r2, r2, #65537	; 0x10001
 8000fcc:	2a01      	cmp	r2, #1
 8000fce:	d0fa      	beq.n	8000fc6 <Delay_Ms+0x16>
	
	SysTick->CTRL&=~SysTick_CTRL_ENABLE_Msk;	
 8000fd0:	681a      	ldr	r2, [r3, #0]
 8000fd2:	f022 0201 	bic.w	r2, r2, #1
 8000fd6:	601a      	str	r2, [r3, #0]
	SysTick->VAL =0X00;        	    
 8000fd8:	2200      	movs	r2, #0
 8000fda:	609a      	str	r2, [r3, #8]
} 
 8000fdc:	4770      	bx	lr
 8000fde:	bf00      	nop
 8000fe0:	2000088e 	.word	0x2000088e
 8000fe4:	e000e010 	.word	0xe000e010

08000fe8 <USART_Printf_Init>:
 * @param   baudrate - USART communication baud rate.
 *
 * @return  None
 */
void USART_Printf_Init(u32 baudrate)
{
 8000fe8:	b510      	push	{r4, lr}
  GPIO_InitTypeDef GPIO_InitStructure;
  USART_InitTypeDef USART_InitStructure;
	
#if (DEBUG == DEBUG_UART1)	
  RCC_APB2PeriphClockCmd(RCC_APB2Periph_USART1|RCC_APB2Periph_GPIOA, ENABLE);	
 8000fea:	2101      	movs	r1, #1
{
 8000fec:	b086      	sub	sp, #24
 8000fee:	4604      	mov	r4, r0
  RCC_APB2PeriphClockCmd(RCC_APB2Periph_USART1|RCC_APB2Periph_GPIOA, ENABLE);	
 8000ff0:	f244 0004 	movw	r0, #16388	; 0x4004
 8000ff4:	f7ff feb6 	bl	8000d64 <RCC_APB2PeriphClockCmd>
  
  GPIO_InitStructure.GPIO_Pin = GPIO_Pin_9; 
 8000ff8:	4b0c      	ldr	r3, [pc, #48]	; (800102c <USART_Printf_Init+0x44>)
  GPIO_InitStructure.GPIO_Speed = GPIO_Speed_50MHz;
  GPIO_InitStructure.GPIO_Mode = GPIO_Mode_AF_PP;	
  GPIO_Init(GPIOA, &GPIO_InitStructure);
 8000ffa:	a901      	add	r1, sp, #4
 8000ffc:	480c      	ldr	r0, [pc, #48]	; (8001030 <USART_Printf_Init+0x48>)
  GPIO_InitStructure.GPIO_Pin = GPIO_Pin_9; 
 8000ffe:	9301      	str	r3, [sp, #4]
  GPIO_Init(GPIOA, &GPIO_InitStructure);
 8001000:	f7ff fd65 	bl	8000ace <GPIO_Init>
#endif	
   
  USART_InitStructure.USART_BaudRate = baudrate;
  USART_InitStructure.USART_WordLength = USART_WordLength_8b;
  USART_InitStructure.USART_StopBits = USART_StopBits_1;
  USART_InitStructure.USART_Parity = USART_Parity_No;
 8001004:	2300      	movs	r3, #0
 8001006:	f44f 2200 	mov.w	r2, #524288	; 0x80000
  USART_InitStructure.USART_BaudRate = baudrate;
 800100a:	9402      	str	r4, [sp, #8]
  USART_InitStructure.USART_HardwareFlowControl = USART_HardwareFlowControl_None;
  USART_InitStructure.USART_Mode = USART_Mode_Tx;

#if (DEBUG == DEBUG_UART1)	
  USART_Init(USART1, &USART_InitStructure); 
 800100c:	4c09      	ldr	r4, [pc, #36]	; (8001034 <USART_Printf_Init+0x4c>)
 800100e:	a902      	add	r1, sp, #8
 8001010:	4620      	mov	r0, r4
  USART_InitStructure.USART_Parity = USART_Parity_No;
 8001012:	e9cd 3203 	strd	r3, r2, [sp, #12]
  USART_InitStructure.USART_HardwareFlowControl = USART_HardwareFlowControl_None;
 8001016:	f8ad 3014 	strh.w	r3, [sp, #20]
  USART_Init(USART1, &USART_InitStructure); 
 800101a:	f7ff ff51 	bl	8000ec0 <USART_Init>
  USART_Cmd(USART1, ENABLE);  
 800101e:	2101      	movs	r1, #1
 8001020:	4620      	mov	r0, r4
 8001022:	f7ff ff91 	bl	8000f48 <USART_Cmd>
#elif (DEBUG == DEBUG_UART3)
  USART_Init(USART3, &USART_InitStructure); 
  USART_Cmd(USART3, ENABLE);
	
#endif	
}
 8001026:	b006      	add	sp, #24
 8001028:	bd10      	pop	{r4, pc}
 800102a:	bf00      	nop
 800102c:	18030200 	.word	0x18030200
 8001030:	40010800 	.word	0x40010800
 8001034:	40013800 	.word	0x40013800

08001038 <_write>:
* Input          : *buf: UART send Data.
*                  size: Data length
* Return         : size: Data length
*******************************************************************************/
int _write(int fd, char *buf, int size)
{
 8001038:	b5f8      	push	{r3, r4, r5, r6, r7, lr}
 800103a:	460e      	mov	r6, r1
 800103c:	4614      	mov	r4, r2
  int i;

  for(i=0; i<size; i++)
 800103e:	2500      	movs	r5, #0
  {
#if (DEBUG == DEBUG_UART1)
    while (USART_GetFlagStatus(USART1, USART_FLAG_TC) == RESET);
 8001040:	4f08      	ldr	r7, [pc, #32]	; (8001064 <_write+0x2c>)
  for(i=0; i<size; i++)
 8001042:	42a5      	cmp	r5, r4
 8001044:	db01      	blt.n	800104a <_write+0x12>
    USART_SendData(USART3, *buf++);
#endif
  }

  return size;
}
 8001046:	4620      	mov	r0, r4
 8001048:	bdf8      	pop	{r3, r4, r5, r6, r7, pc}
    while (USART_GetFlagStatus(USART1, USART_FLAG_TC) == RESET);
 800104a:	2140      	movs	r1, #64	; 0x40
 800104c:	4805      	ldr	r0, [pc, #20]	; (8001064 <_write+0x2c>)
 800104e:	f7ff ff8b 	bl	8000f68 <USART_GetFlagStatus>
 8001052:	2800      	cmp	r0, #0
 8001054:	d0f9      	beq.n	800104a <_write+0x12>
    USART_SendData(USART1, *buf++);
 8001056:	5771      	ldrsb	r1, [r6, r5]
 8001058:	4638      	mov	r0, r7
 800105a:	b289      	uxth	r1, r1
 800105c:	f7ff ff80 	bl	8000f60 <USART_SendData>
  for(i=0; i<size; i++)
 8001060:	3501      	adds	r5, #1
 8001062:	e7ee      	b.n	8001042 <_write+0xa>
 8001064:	40013800 	.word	0x40013800

08001068 <memset>:
 8001068:	4603      	mov	r3, r0
 800106a:	4402      	add	r2, r0
 800106c:	4293      	cmp	r3, r2
 800106e:	d100      	bne.n	8001072 <memset+0xa>
 8001070:	4770      	bx	lr
 8001072:	f803 1b01 	strb.w	r1, [r3], #1
 8001076:	e7f9      	b.n	800106c <memset+0x4>

08001078 <iprintf>:
 8001078:	b40f      	push	{r0, r1, r2, r3}
 800107a:	4b0a      	ldr	r3, [pc, #40]	; (80010a4 <iprintf+0x2c>)
 800107c:	b513      	push	{r0, r1, r4, lr}
 800107e:	681c      	ldr	r4, [r3, #0]
 8001080:	b124      	cbz	r4, 800108c <iprintf+0x14>
 8001082:	69a3      	ldr	r3, [r4, #24]
 8001084:	b913      	cbnz	r3, 800108c <iprintf+0x14>
 8001086:	4620      	mov	r0, r4
 8001088:	f000 f886 	bl	8001198 <__sinit>
 800108c:	ab05      	add	r3, sp, #20
 800108e:	4620      	mov	r0, r4
 8001090:	9a04      	ldr	r2, [sp, #16]
 8001092:	68a1      	ldr	r1, [r4, #8]
 8001094:	9301      	str	r3, [sp, #4]
 8001096:	f000 fafd 	bl	8001694 <_vfiprintf_r>
 800109a:	b002      	add	sp, #8
 800109c:	e8bd 4010 	ldmia.w	sp!, {r4, lr}
 80010a0:	b004      	add	sp, #16
 80010a2:	4770      	bx	lr
 80010a4:	20000028 	.word	0x20000028

080010a8 <siprintf>:
 80010a8:	b40e      	push	{r1, r2, r3}
 80010aa:	f06f 4100 	mvn.w	r1, #2147483648	; 0x80000000
 80010ae:	b500      	push	{lr}
 80010b0:	b09c      	sub	sp, #112	; 0x70
 80010b2:	ab1d      	add	r3, sp, #116	; 0x74
 80010b4:	9002      	str	r0, [sp, #8]
 80010b6:	9006      	str	r0, [sp, #24]
 80010b8:	9107      	str	r1, [sp, #28]
 80010ba:	9104      	str	r1, [sp, #16]
 80010bc:	4808      	ldr	r0, [pc, #32]	; (80010e0 <siprintf+0x38>)
 80010be:	4909      	ldr	r1, [pc, #36]	; (80010e4 <siprintf+0x3c>)
 80010c0:	f853 2b04 	ldr.w	r2, [r3], #4
 80010c4:	9105      	str	r1, [sp, #20]
 80010c6:	6800      	ldr	r0, [r0, #0]
 80010c8:	a902      	add	r1, sp, #8
 80010ca:	9301      	str	r3, [sp, #4]
 80010cc:	f000 f9ba 	bl	8001444 <_svfiprintf_r>
 80010d0:	2200      	movs	r2, #0
 80010d2:	9b02      	ldr	r3, [sp, #8]
 80010d4:	701a      	strb	r2, [r3, #0]
 80010d6:	b01c      	add	sp, #112	; 0x70
 80010d8:	f85d eb04 	ldr.w	lr, [sp], #4
 80010dc:	b003      	add	sp, #12
 80010de:	4770      	bx	lr
 80010e0:	20000028 	.word	0x20000028
 80010e4:	ffff0208 	.word	0xffff0208

080010e8 <std>:
 80010e8:	2300      	movs	r3, #0
 80010ea:	b510      	push	{r4, lr}
 80010ec:	4604      	mov	r4, r0
 80010ee:	e9c0 3300 	strd	r3, r3, [r0]
 80010f2:	e9c0 3304 	strd	r3, r3, [r0, #16]
 80010f6:	6083      	str	r3, [r0, #8]
 80010f8:	8181      	strh	r1, [r0, #12]
 80010fa:	6643      	str	r3, [r0, #100]	; 0x64
 80010fc:	81c2      	strh	r2, [r0, #14]
 80010fe:	6183      	str	r3, [r0, #24]
 8001100:	4619      	mov	r1, r3
 8001102:	2208      	movs	r2, #8
 8001104:	305c      	adds	r0, #92	; 0x5c
 8001106:	f7ff ffaf 	bl	8001068 <memset>
 800110a:	4b05      	ldr	r3, [pc, #20]	; (8001120 <std+0x38>)
 800110c:	6224      	str	r4, [r4, #32]
 800110e:	6263      	str	r3, [r4, #36]	; 0x24
 8001110:	4b04      	ldr	r3, [pc, #16]	; (8001124 <std+0x3c>)
 8001112:	62a3      	str	r3, [r4, #40]	; 0x28
 8001114:	4b04      	ldr	r3, [pc, #16]	; (8001128 <std+0x40>)
 8001116:	62e3      	str	r3, [r4, #44]	; 0x2c
 8001118:	4b04      	ldr	r3, [pc, #16]	; (800112c <std+0x44>)
 800111a:	6323      	str	r3, [r4, #48]	; 0x30
 800111c:	bd10      	pop	{r4, pc}
 800111e:	bf00      	nop
 8001120:	08001c41 	.word	0x08001c41
 8001124:	08001c63 	.word	0x08001c63
 8001128:	08001c9b 	.word	0x08001c9b
 800112c:	08001cbf 	.word	0x08001cbf

08001130 <_cleanup_r>:
 8001130:	4901      	ldr	r1, [pc, #4]	; (8001138 <_cleanup_r+0x8>)
 8001132:	f000 b8af 	b.w	8001294 <_fwalk_reent>
 8001136:	bf00      	nop
 8001138:	08001f99 	.word	0x08001f99

0800113c <__sfmoreglue>:
 800113c:	b570      	push	{r4, r5, r6, lr}
 800113e:	2568      	movs	r5, #104	; 0x68
 8001140:	1e4a      	subs	r2, r1, #1
 8001142:	4355      	muls	r5, r2
 8001144:	460e      	mov	r6, r1
 8001146:	f105 0174 	add.w	r1, r5, #116	; 0x74
 800114a:	f000 f8c5 	bl	80012d8 <_malloc_r>
 800114e:	4604      	mov	r4, r0
 8001150:	b140      	cbz	r0, 8001164 <__sfmoreglue+0x28>
 8001152:	2100      	movs	r1, #0
 8001154:	e9c0 1600 	strd	r1, r6, [r0]
 8001158:	300c      	adds	r0, #12
 800115a:	60a0      	str	r0, [r4, #8]
 800115c:	f105 0268 	add.w	r2, r5, #104	; 0x68
 8001160:	f7ff ff82 	bl	8001068 <memset>
 8001164:	4620      	mov	r0, r4
 8001166:	bd70      	pop	{r4, r5, r6, pc}

08001168 <__sfp_lock_acquire>:
 8001168:	4801      	ldr	r0, [pc, #4]	; (8001170 <__sfp_lock_acquire+0x8>)
 800116a:	f000 b8b3 	b.w	80012d4 <__retarget_lock_acquire_recursive>
 800116e:	bf00      	nop
 8001170:	200008a8 	.word	0x200008a8

08001174 <__sfp_lock_release>:
 8001174:	4801      	ldr	r0, [pc, #4]	; (800117c <__sfp_lock_release+0x8>)
 8001176:	f000 b8ae 	b.w	80012d6 <__retarget_lock_release_recursive>
 800117a:	bf00      	nop
 800117c:	200008a8 	.word	0x200008a8

08001180 <__sinit_lock_acquire>:
 8001180:	4801      	ldr	r0, [pc, #4]	; (8001188 <__sinit_lock_acquire+0x8>)
 8001182:	f000 b8a7 	b.w	80012d4 <__retarget_lock_acquire_recursive>
 8001186:	bf00      	nop
 8001188:	200008a3 	.word	0x200008a3

0800118c <__sinit_lock_release>:
 800118c:	4801      	ldr	r0, [pc, #4]	; (8001194 <__sinit_lock_release+0x8>)
 800118e:	f000 b8a2 	b.w	80012d6 <__retarget_lock_release_recursive>
 8001192:	bf00      	nop
 8001194:	200008a3 	.word	0x200008a3

08001198 <__sinit>:
 8001198:	b510      	push	{r4, lr}
 800119a:	4604      	mov	r4, r0
 800119c:	f7ff fff0 	bl	8001180 <__sinit_lock_acquire>
 80011a0:	69a3      	ldr	r3, [r4, #24]
 80011a2:	b11b      	cbz	r3, 80011ac <__sinit+0x14>
 80011a4:	e8bd 4010 	ldmia.w	sp!, {r4, lr}
 80011a8:	f7ff bff0 	b.w	800118c <__sinit_lock_release>
 80011ac:	e9c4 3312 	strd	r3, r3, [r4, #72]	; 0x48
 80011b0:	6523      	str	r3, [r4, #80]	; 0x50
 80011b2:	4b13      	ldr	r3, [pc, #76]	; (8001200 <__sinit+0x68>)
 80011b4:	4a13      	ldr	r2, [pc, #76]	; (8001204 <__sinit+0x6c>)
 80011b6:	681b      	ldr	r3, [r3, #0]
 80011b8:	62a2      	str	r2, [r4, #40]	; 0x28
 80011ba:	42a3      	cmp	r3, r4
 80011bc:	bf08      	it	eq
 80011be:	2301      	moveq	r3, #1
 80011c0:	4620      	mov	r0, r4
 80011c2:	bf08      	it	eq
 80011c4:	61a3      	streq	r3, [r4, #24]
 80011c6:	f000 f81f 	bl	8001208 <__sfp>
 80011ca:	6060      	str	r0, [r4, #4]
 80011cc:	4620      	mov	r0, r4
 80011ce:	f000 f81b 	bl	8001208 <__sfp>
 80011d2:	60a0      	str	r0, [r4, #8]
 80011d4:	4620      	mov	r0, r4
 80011d6:	f000 f817 	bl	8001208 <__sfp>
 80011da:	2200      	movs	r2, #0
 80011dc:	2104      	movs	r1, #4
 80011de:	60e0      	str	r0, [r4, #12]
 80011e0:	6860      	ldr	r0, [r4, #4]
 80011e2:	f7ff ff81 	bl	80010e8 <std>
 80011e6:	2201      	movs	r2, #1
 80011e8:	2109      	movs	r1, #9
 80011ea:	68a0      	ldr	r0, [r4, #8]
 80011ec:	f7ff ff7c 	bl	80010e8 <std>
 80011f0:	2202      	movs	r2, #2
 80011f2:	2112      	movs	r1, #18
 80011f4:	68e0      	ldr	r0, [r4, #12]
 80011f6:	f7ff ff77 	bl	80010e8 <std>
 80011fa:	2301      	movs	r3, #1
 80011fc:	61a3      	str	r3, [r4, #24]
 80011fe:	e7d1      	b.n	80011a4 <__sinit+0xc>
 8001200:	08002414 	.word	0x08002414
 8001204:	08001131 	.word	0x08001131

08001208 <__sfp>:
 8001208:	b5f8      	push	{r3, r4, r5, r6, r7, lr}
 800120a:	4607      	mov	r7, r0
 800120c:	f7ff ffac 	bl	8001168 <__sfp_lock_acquire>
 8001210:	4b1e      	ldr	r3, [pc, #120]	; (800128c <__sfp+0x84>)
 8001212:	681e      	ldr	r6, [r3, #0]
 8001214:	69b3      	ldr	r3, [r6, #24]
 8001216:	b913      	cbnz	r3, 800121e <__sfp+0x16>
 8001218:	4630      	mov	r0, r6
 800121a:	f7ff ffbd 	bl	8001198 <__sinit>
 800121e:	3648      	adds	r6, #72	; 0x48
 8001220:	e9d6 3401 	ldrd	r3, r4, [r6, #4]
 8001224:	3b01      	subs	r3, #1
 8001226:	d503      	bpl.n	8001230 <__sfp+0x28>
 8001228:	6833      	ldr	r3, [r6, #0]
 800122a:	b30b      	cbz	r3, 8001270 <__sfp+0x68>
 800122c:	6836      	ldr	r6, [r6, #0]
 800122e:	e7f7      	b.n	8001220 <__sfp+0x18>
 8001230:	f9b4 500c 	ldrsh.w	r5, [r4, #12]
 8001234:	b9d5      	cbnz	r5, 800126c <__sfp+0x64>
 8001236:	4b16      	ldr	r3, [pc, #88]	; (8001290 <__sfp+0x88>)
 8001238:	f104 0058 	add.w	r0, r4, #88	; 0x58
 800123c:	60e3      	str	r3, [r4, #12]
 800123e:	6665      	str	r5, [r4, #100]	; 0x64
 8001240:	f000 f847 	bl	80012d2 <__retarget_lock_init_recursive>
 8001244:	f7ff ff96 	bl	8001174 <__sfp_lock_release>
 8001248:	2208      	movs	r2, #8
 800124a:	4629      	mov	r1, r5
 800124c:	e9c4 5501 	strd	r5, r5, [r4, #4]
 8001250:	e9c4 5504 	strd	r5, r5, [r4, #16]
 8001254:	6025      	str	r5, [r4, #0]
 8001256:	61a5      	str	r5, [r4, #24]
 8001258:	f104 005c 	add.w	r0, r4, #92	; 0x5c
 800125c:	f7ff ff04 	bl	8001068 <memset>
 8001260:	e9c4 550d 	strd	r5, r5, [r4, #52]	; 0x34
 8001264:	e9c4 5512 	strd	r5, r5, [r4, #72]	; 0x48
 8001268:	4620      	mov	r0, r4
 800126a:	bdf8      	pop	{r3, r4, r5, r6, r7, pc}
 800126c:	3468      	adds	r4, #104	; 0x68
 800126e:	e7d9      	b.n	8001224 <__sfp+0x1c>
 8001270:	2104      	movs	r1, #4
 8001272:	4638      	mov	r0, r7
 8001274:	f7ff ff62 	bl	800113c <__sfmoreglue>
 8001278:	4604      	mov	r4, r0
 800127a:	6030      	str	r0, [r6, #0]
 800127c:	2800      	cmp	r0, #0
 800127e:	d1d5      	bne.n	800122c <__sfp+0x24>
 8001280:	f7ff ff78 	bl	8001174 <__sfp_lock_release>
 8001284:	230c      	movs	r3, #12
 8001286:	603b      	str	r3, [r7, #0]
 8001288:	e7ee      	b.n	8001268 <__sfp+0x60>
 800128a:	bf00      	nop
 800128c:	08002414 	.word	0x08002414
 8001290:	ffff0001 	.word	0xffff0001

08001294 <_fwalk_reent>:
 8001294:	e92d 43f8 	stmdb	sp!, {r3, r4, r5, r6, r7, r8, r9, lr}
 8001298:	4606      	mov	r6, r0
 800129a:	4688      	mov	r8, r1
 800129c:	2700      	movs	r7, #0
 800129e:	f100 0448 	add.w	r4, r0, #72	; 0x48
 80012a2:	e9d4 9501 	ldrd	r9, r5, [r4, #4]
 80012a6:	f1b9 0901 	subs.w	r9, r9, #1
 80012aa:	d505      	bpl.n	80012b8 <_fwalk_reent+0x24>
 80012ac:	6824      	ldr	r4, [r4, #0]
 80012ae:	2c00      	cmp	r4, #0
 80012b0:	d1f7      	bne.n	80012a2 <_fwalk_reent+0xe>
 80012b2:	4638      	mov	r0, r7
 80012b4:	e8bd 83f8 	ldmia.w	sp!, {r3, r4, r5, r6, r7, r8, r9, pc}
 80012b8:	89ab      	ldrh	r3, [r5, #12]
 80012ba:	2b01      	cmp	r3, #1
 80012bc:	d907      	bls.n	80012ce <_fwalk_reent+0x3a>
 80012be:	f9b5 300e 	ldrsh.w	r3, [r5, #14]
 80012c2:	3301      	adds	r3, #1
 80012c4:	d003      	beq.n	80012ce <_fwalk_reent+0x3a>
 80012c6:	4629      	mov	r1, r5
 80012c8:	4630      	mov	r0, r6
 80012ca:	47c0      	blx	r8
 80012cc:	4307      	orrs	r7, r0
 80012ce:	3568      	adds	r5, #104	; 0x68
 80012d0:	e7e9      	b.n	80012a6 <_fwalk_reent+0x12>

080012d2 <__retarget_lock_init_recursive>:
 80012d2:	4770      	bx	lr

080012d4 <__retarget_lock_acquire_recursive>:
 80012d4:	4770      	bx	lr

080012d6 <__retarget_lock_release_recursive>:
 80012d6:	4770      	bx	lr

080012d8 <_malloc_r>:
 80012d8:	b5f8      	push	{r3, r4, r5, r6, r7, lr}
 80012da:	1ccd      	adds	r5, r1, #3
 80012dc:	f025 0503 	bic.w	r5, r5, #3
 80012e0:	3508      	adds	r5, #8
 80012e2:	2d0c      	cmp	r5, #12
 80012e4:	bf38      	it	cc
 80012e6:	250c      	movcc	r5, #12
 80012e8:	2d00      	cmp	r5, #0
 80012ea:	4606      	mov	r6, r0
 80012ec:	db01      	blt.n	80012f2 <_malloc_r+0x1a>
 80012ee:	42a9      	cmp	r1, r5
 80012f0:	d903      	bls.n	80012fa <_malloc_r+0x22>
 80012f2:	230c      	movs	r3, #12
 80012f4:	6033      	str	r3, [r6, #0]
 80012f6:	2000      	movs	r0, #0
 80012f8:	bdf8      	pop	{r3, r4, r5, r6, r7, pc}
 80012fa:	f000 ff35 	bl	8002168 <__malloc_lock>
 80012fe:	4921      	ldr	r1, [pc, #132]	; (8001384 <_malloc_r+0xac>)
 8001300:	680a      	ldr	r2, [r1, #0]
 8001302:	4614      	mov	r4, r2
 8001304:	b99c      	cbnz	r4, 800132e <_malloc_r+0x56>
 8001306:	4f20      	ldr	r7, [pc, #128]	; (8001388 <_malloc_r+0xb0>)
 8001308:	683b      	ldr	r3, [r7, #0]
 800130a:	b923      	cbnz	r3, 8001316 <_malloc_r+0x3e>
 800130c:	4621      	mov	r1, r4
 800130e:	4630      	mov	r0, r6
 8001310:	f000 fc86 	bl	8001c20 <_sbrk_r>
 8001314:	6038      	str	r0, [r7, #0]
 8001316:	4629      	mov	r1, r5
 8001318:	4630      	mov	r0, r6
 800131a:	f000 fc81 	bl	8001c20 <_sbrk_r>
 800131e:	1c43      	adds	r3, r0, #1
 8001320:	d123      	bne.n	800136a <_malloc_r+0x92>
 8001322:	230c      	movs	r3, #12
 8001324:	4630      	mov	r0, r6
 8001326:	6033      	str	r3, [r6, #0]
 8001328:	f000 ff24 	bl	8002174 <__malloc_unlock>
 800132c:	e7e3      	b.n	80012f6 <_malloc_r+0x1e>
 800132e:	6823      	ldr	r3, [r4, #0]
 8001330:	1b5b      	subs	r3, r3, r5
 8001332:	d417      	bmi.n	8001364 <_malloc_r+0x8c>
 8001334:	2b0b      	cmp	r3, #11
 8001336:	d903      	bls.n	8001340 <_malloc_r+0x68>
 8001338:	6023      	str	r3, [r4, #0]
 800133a:	441c      	add	r4, r3
 800133c:	6025      	str	r5, [r4, #0]
 800133e:	e004      	b.n	800134a <_malloc_r+0x72>
 8001340:	6863      	ldr	r3, [r4, #4]
 8001342:	42a2      	cmp	r2, r4
 8001344:	bf0c      	ite	eq
 8001346:	600b      	streq	r3, [r1, #0]
 8001348:	6053      	strne	r3, [r2, #4]
 800134a:	4630      	mov	r0, r6
 800134c:	f000 ff12 	bl	8002174 <__malloc_unlock>
 8001350:	f104 000b 	add.w	r0, r4, #11
 8001354:	1d23      	adds	r3, r4, #4
 8001356:	f020 0007 	bic.w	r0, r0, #7
 800135a:	1ac2      	subs	r2, r0, r3
 800135c:	d0cc      	beq.n	80012f8 <_malloc_r+0x20>
 800135e:	1a1b      	subs	r3, r3, r0
 8001360:	50a3      	str	r3, [r4, r2]
 8001362:	e7c9      	b.n	80012f8 <_malloc_r+0x20>
 8001364:	4622      	mov	r2, r4
 8001366:	6864      	ldr	r4, [r4, #4]
 8001368:	e7cc      	b.n	8001304 <_malloc_r+0x2c>
 800136a:	1cc4      	adds	r4, r0, #3
 800136c:	f024 0403 	bic.w	r4, r4, #3
 8001370:	42a0      	cmp	r0, r4
 8001372:	d0e3      	beq.n	800133c <_malloc_r+0x64>
 8001374:	1a21      	subs	r1, r4, r0
 8001376:	4630      	mov	r0, r6
 8001378:	f000 fc52 	bl	8001c20 <_sbrk_r>
 800137c:	3001      	adds	r0, #1
 800137e:	d1dd      	bne.n	800133c <_malloc_r+0x64>
 8001380:	e7cf      	b.n	8001322 <_malloc_r+0x4a>
 8001382:	bf00      	nop
 8001384:	20000894 	.word	0x20000894
 8001388:	20000898 	.word	0x20000898

0800138c <__ssputs_r>:
 800138c:	e92d 47f0 	stmdb	sp!, {r4, r5, r6, r7, r8, r9, sl, lr}
 8001390:	688e      	ldr	r6, [r1, #8]
 8001392:	4682      	mov	sl, r0
 8001394:	429e      	cmp	r6, r3
 8001396:	460c      	mov	r4, r1
 8001398:	4690      	mov	r8, r2
 800139a:	461f      	mov	r7, r3
 800139c:	d838      	bhi.n	8001410 <__ssputs_r+0x84>
 800139e:	898a      	ldrh	r2, [r1, #12]
 80013a0:	f412 6f90 	tst.w	r2, #1152	; 0x480
 80013a4:	d032      	beq.n	800140c <__ssputs_r+0x80>
 80013a6:	6825      	ldr	r5, [r4, #0]
 80013a8:	6909      	ldr	r1, [r1, #16]
 80013aa:	3301      	adds	r3, #1
 80013ac:	eba5 0901 	sub.w	r9, r5, r1
 80013b0:	6965      	ldr	r5, [r4, #20]
 80013b2:	444b      	add	r3, r9
 80013b4:	eb05 0545 	add.w	r5, r5, r5, lsl #1
 80013b8:	eb05 75d5 	add.w	r5, r5, r5, lsr #31
 80013bc:	106d      	asrs	r5, r5, #1
 80013be:	429d      	cmp	r5, r3
 80013c0:	bf38      	it	cc
 80013c2:	461d      	movcc	r5, r3
 80013c4:	0553      	lsls	r3, r2, #21
 80013c6:	d531      	bpl.n	800142c <__ssputs_r+0xa0>
 80013c8:	4629      	mov	r1, r5
 80013ca:	f7ff ff85 	bl	80012d8 <_malloc_r>
 80013ce:	4606      	mov	r6, r0
 80013d0:	b950      	cbnz	r0, 80013e8 <__ssputs_r+0x5c>
 80013d2:	230c      	movs	r3, #12
 80013d4:	f04f 30ff 	mov.w	r0, #4294967295
 80013d8:	f8ca 3000 	str.w	r3, [sl]
 80013dc:	89a3      	ldrh	r3, [r4, #12]
 80013de:	f043 0340 	orr.w	r3, r3, #64	; 0x40
 80013e2:	81a3      	strh	r3, [r4, #12]
 80013e4:	e8bd 87f0 	ldmia.w	sp!, {r4, r5, r6, r7, r8, r9, sl, pc}
 80013e8:	464a      	mov	r2, r9
 80013ea:	6921      	ldr	r1, [r4, #16]
 80013ec:	f000 fe94 	bl	8002118 <memcpy>
 80013f0:	89a3      	ldrh	r3, [r4, #12]
 80013f2:	f423 6390 	bic.w	r3, r3, #1152	; 0x480
 80013f6:	f043 0380 	orr.w	r3, r3, #128	; 0x80
 80013fa:	81a3      	strh	r3, [r4, #12]
 80013fc:	6126      	str	r6, [r4, #16]
 80013fe:	444e      	add	r6, r9
 8001400:	6026      	str	r6, [r4, #0]
 8001402:	463e      	mov	r6, r7
 8001404:	6165      	str	r5, [r4, #20]
 8001406:	eba5 0509 	sub.w	r5, r5, r9
 800140a:	60a5      	str	r5, [r4, #8]
 800140c:	42be      	cmp	r6, r7
 800140e:	d900      	bls.n	8001412 <__ssputs_r+0x86>
 8001410:	463e      	mov	r6, r7
 8001412:	4632      	mov	r2, r6
 8001414:	4641      	mov	r1, r8
 8001416:	6820      	ldr	r0, [r4, #0]
 8001418:	f000 fe8c 	bl	8002134 <memmove>
 800141c:	68a3      	ldr	r3, [r4, #8]
 800141e:	6822      	ldr	r2, [r4, #0]
 8001420:	1b9b      	subs	r3, r3, r6
 8001422:	4432      	add	r2, r6
 8001424:	2000      	movs	r0, #0
 8001426:	60a3      	str	r3, [r4, #8]
 8001428:	6022      	str	r2, [r4, #0]
 800142a:	e7db      	b.n	80013e4 <__ssputs_r+0x58>
 800142c:	462a      	mov	r2, r5
 800142e:	f000 fef3 	bl	8002218 <_realloc_r>
 8001432:	4606      	mov	r6, r0
 8001434:	2800      	cmp	r0, #0
 8001436:	d1e1      	bne.n	80013fc <__ssputs_r+0x70>
 8001438:	4650      	mov	r0, sl
 800143a:	6921      	ldr	r1, [r4, #16]
 800143c:	f000 fea0 	bl	8002180 <_free_r>
 8001440:	e7c7      	b.n	80013d2 <__ssputs_r+0x46>
	...

08001444 <_svfiprintf_r>:
 8001444:	e92d 4ff0 	stmdb	sp!, {r4, r5, r6, r7, r8, r9, sl, fp, lr}
 8001448:	4698      	mov	r8, r3
 800144a:	898b      	ldrh	r3, [r1, #12]
 800144c:	4607      	mov	r7, r0
 800144e:	061b      	lsls	r3, r3, #24
 8001450:	460d      	mov	r5, r1
 8001452:	4614      	mov	r4, r2
 8001454:	b09d      	sub	sp, #116	; 0x74
 8001456:	d50e      	bpl.n	8001476 <_svfiprintf_r+0x32>
 8001458:	690b      	ldr	r3, [r1, #16]
 800145a:	b963      	cbnz	r3, 8001476 <_svfiprintf_r+0x32>
 800145c:	2140      	movs	r1, #64	; 0x40
 800145e:	f7ff ff3b 	bl	80012d8 <_malloc_r>
 8001462:	6028      	str	r0, [r5, #0]
 8001464:	6128      	str	r0, [r5, #16]
 8001466:	b920      	cbnz	r0, 8001472 <_svfiprintf_r+0x2e>
 8001468:	230c      	movs	r3, #12
 800146a:	603b      	str	r3, [r7, #0]
 800146c:	f04f 30ff 	mov.w	r0, #4294967295
 8001470:	e0d1      	b.n	8001616 <_svfiprintf_r+0x1d2>
 8001472:	2340      	movs	r3, #64	; 0x40
 8001474:	616b      	str	r3, [r5, #20]
 8001476:	2300      	movs	r3, #0
 8001478:	9309      	str	r3, [sp, #36]	; 0x24
 800147a:	2320      	movs	r3, #32
 800147c:	f88d 3029 	strb.w	r3, [sp, #41]	; 0x29
 8001480:	2330      	movs	r3, #48	; 0x30
 8001482:	f04f 0901 	mov.w	r9, #1
 8001486:	f8cd 800c 	str.w	r8, [sp, #12]
 800148a:	f8df 81a4 	ldr.w	r8, [pc, #420]	; 8001630 <_svfiprintf_r+0x1ec>
 800148e:	f88d 302a 	strb.w	r3, [sp, #42]	; 0x2a
 8001492:	4623      	mov	r3, r4
 8001494:	469a      	mov	sl, r3
 8001496:	f813 2b01 	ldrb.w	r2, [r3], #1
 800149a:	b10a      	cbz	r2, 80014a0 <_svfiprintf_r+0x5c>
 800149c:	2a25      	cmp	r2, #37	; 0x25
 800149e:	d1f9      	bne.n	8001494 <_svfiprintf_r+0x50>
 80014a0:	ebba 0b04 	subs.w	fp, sl, r4
 80014a4:	d00b      	beq.n	80014be <_svfiprintf_r+0x7a>
 80014a6:	465b      	mov	r3, fp
 80014a8:	4622      	mov	r2, r4
 80014aa:	4629      	mov	r1, r5
 80014ac:	4638      	mov	r0, r7
 80014ae:	f7ff ff6d 	bl	800138c <__ssputs_r>
 80014b2:	3001      	adds	r0, #1
 80014b4:	f000 80aa 	beq.w	800160c <_svfiprintf_r+0x1c8>
 80014b8:	9a09      	ldr	r2, [sp, #36]	; 0x24
 80014ba:	445a      	add	r2, fp
 80014bc:	9209      	str	r2, [sp, #36]	; 0x24
 80014be:	f89a 3000 	ldrb.w	r3, [sl]
 80014c2:	2b00      	cmp	r3, #0
 80014c4:	f000 80a2 	beq.w	800160c <_svfiprintf_r+0x1c8>
 80014c8:	2300      	movs	r3, #0
 80014ca:	f04f 32ff 	mov.w	r2, #4294967295
 80014ce:	e9cd 2305 	strd	r2, r3, [sp, #20]
 80014d2:	f10a 0a01 	add.w	sl, sl, #1
 80014d6:	9304      	str	r3, [sp, #16]
 80014d8:	9307      	str	r3, [sp, #28]
 80014da:	f88d 3053 	strb.w	r3, [sp, #83]	; 0x53
 80014de:	931a      	str	r3, [sp, #104]	; 0x68
 80014e0:	4654      	mov	r4, sl
 80014e2:	2205      	movs	r2, #5
 80014e4:	f814 1b01 	ldrb.w	r1, [r4], #1
 80014e8:	4851      	ldr	r0, [pc, #324]	; (8001630 <_svfiprintf_r+0x1ec>)
 80014ea:	f000 fe07 	bl	80020fc <memchr>
 80014ee:	9a04      	ldr	r2, [sp, #16]
 80014f0:	b9d8      	cbnz	r0, 800152a <_svfiprintf_r+0xe6>
 80014f2:	06d0      	lsls	r0, r2, #27
 80014f4:	bf44      	itt	mi
 80014f6:	2320      	movmi	r3, #32
 80014f8:	f88d 3053 	strbmi.w	r3, [sp, #83]	; 0x53
 80014fc:	0711      	lsls	r1, r2, #28
 80014fe:	bf44      	itt	mi
 8001500:	232b      	movmi	r3, #43	; 0x2b
 8001502:	f88d 3053 	strbmi.w	r3, [sp, #83]	; 0x53
 8001506:	f89a 3000 	ldrb.w	r3, [sl]
 800150a:	2b2a      	cmp	r3, #42	; 0x2a
 800150c:	d015      	beq.n	800153a <_svfiprintf_r+0xf6>
 800150e:	4654      	mov	r4, sl
 8001510:	2000      	movs	r0, #0
 8001512:	f04f 0c0a 	mov.w	ip, #10
 8001516:	9a07      	ldr	r2, [sp, #28]
 8001518:	4621      	mov	r1, r4
 800151a:	f811 3b01 	ldrb.w	r3, [r1], #1
 800151e:	3b30      	subs	r3, #48	; 0x30
 8001520:	2b09      	cmp	r3, #9
 8001522:	d94e      	bls.n	80015c2 <_svfiprintf_r+0x17e>
 8001524:	b1b0      	cbz	r0, 8001554 <_svfiprintf_r+0x110>
 8001526:	9207      	str	r2, [sp, #28]
 8001528:	e014      	b.n	8001554 <_svfiprintf_r+0x110>
 800152a:	eba0 0308 	sub.w	r3, r0, r8
 800152e:	fa09 f303 	lsl.w	r3, r9, r3
 8001532:	4313      	orrs	r3, r2
 8001534:	46a2      	mov	sl, r4
 8001536:	9304      	str	r3, [sp, #16]
 8001538:	e7d2      	b.n	80014e0 <_svfiprintf_r+0x9c>
 800153a:	9b03      	ldr	r3, [sp, #12]
 800153c:	1d19      	adds	r1, r3, #4
 800153e:	681b      	ldr	r3, [r3, #0]
 8001540:	9103      	str	r1, [sp, #12]
 8001542:	2b00      	cmp	r3, #0
 8001544:	bfbb      	ittet	lt
 8001546:	425b      	neglt	r3, r3
 8001548:	f042 0202 	orrlt.w	r2, r2, #2
 800154c:	9307      	strge	r3, [sp, #28]
 800154e:	9307      	strlt	r3, [sp, #28]
 8001550:	bfb8      	it	lt
 8001552:	9204      	strlt	r2, [sp, #16]
 8001554:	7823      	ldrb	r3, [r4, #0]
 8001556:	2b2e      	cmp	r3, #46	; 0x2e
 8001558:	d10c      	bne.n	8001574 <_svfiprintf_r+0x130>
 800155a:	7863      	ldrb	r3, [r4, #1]
 800155c:	2b2a      	cmp	r3, #42	; 0x2a
 800155e:	d135      	bne.n	80015cc <_svfiprintf_r+0x188>
 8001560:	9b03      	ldr	r3, [sp, #12]
 8001562:	3402      	adds	r4, #2
 8001564:	1d1a      	adds	r2, r3, #4
 8001566:	681b      	ldr	r3, [r3, #0]
 8001568:	9203      	str	r2, [sp, #12]
 800156a:	2b00      	cmp	r3, #0
 800156c:	bfb8      	it	lt
 800156e:	f04f 33ff 	movlt.w	r3, #4294967295
 8001572:	9305      	str	r3, [sp, #20]
 8001574:	f8df a0c8 	ldr.w	sl, [pc, #200]	; 8001640 <_svfiprintf_r+0x1fc>
 8001578:	2203      	movs	r2, #3
 800157a:	4650      	mov	r0, sl
 800157c:	7821      	ldrb	r1, [r4, #0]
 800157e:	f000 fdbd 	bl	80020fc <memchr>
 8001582:	b140      	cbz	r0, 8001596 <_svfiprintf_r+0x152>
 8001584:	2340      	movs	r3, #64	; 0x40
 8001586:	eba0 000a 	sub.w	r0, r0, sl
 800158a:	fa03 f000 	lsl.w	r0, r3, r0
 800158e:	9b04      	ldr	r3, [sp, #16]
 8001590:	3401      	adds	r4, #1
 8001592:	4303      	orrs	r3, r0
 8001594:	9304      	str	r3, [sp, #16]
 8001596:	f814 1b01 	ldrb.w	r1, [r4], #1
 800159a:	2206      	movs	r2, #6
 800159c:	4825      	ldr	r0, [pc, #148]	; (8001634 <_svfiprintf_r+0x1f0>)
 800159e:	f88d 1028 	strb.w	r1, [sp, #40]	; 0x28
 80015a2:	f000 fdab 	bl	80020fc <memchr>
 80015a6:	2800      	cmp	r0, #0
 80015a8:	d038      	beq.n	800161c <_svfiprintf_r+0x1d8>
 80015aa:	4b23      	ldr	r3, [pc, #140]	; (8001638 <_svfiprintf_r+0x1f4>)
 80015ac:	bb1b      	cbnz	r3, 80015f6 <_svfiprintf_r+0x1b2>
 80015ae:	9b03      	ldr	r3, [sp, #12]
 80015b0:	3307      	adds	r3, #7
 80015b2:	f023 0307 	bic.w	r3, r3, #7
 80015b6:	3308      	adds	r3, #8
 80015b8:	9303      	str	r3, [sp, #12]
 80015ba:	9b09      	ldr	r3, [sp, #36]	; 0x24
 80015bc:	4433      	add	r3, r6
 80015be:	9309      	str	r3, [sp, #36]	; 0x24
 80015c0:	e767      	b.n	8001492 <_svfiprintf_r+0x4e>
 80015c2:	460c      	mov	r4, r1
 80015c4:	2001      	movs	r0, #1
 80015c6:	fb0c 3202 	mla	r2, ip, r2, r3
 80015ca:	e7a5      	b.n	8001518 <_svfiprintf_r+0xd4>
 80015cc:	2300      	movs	r3, #0
 80015ce:	f04f 0c0a 	mov.w	ip, #10
 80015d2:	4619      	mov	r1, r3
 80015d4:	3401      	adds	r4, #1
 80015d6:	9305      	str	r3, [sp, #20]
 80015d8:	4620      	mov	r0, r4
 80015da:	f810 2b01 	ldrb.w	r2, [r0], #1
 80015de:	3a30      	subs	r2, #48	; 0x30
 80015e0:	2a09      	cmp	r2, #9
 80015e2:	d903      	bls.n	80015ec <_svfiprintf_r+0x1a8>
 80015e4:	2b00      	cmp	r3, #0
 80015e6:	d0c5      	beq.n	8001574 <_svfiprintf_r+0x130>
 80015e8:	9105      	str	r1, [sp, #20]
 80015ea:	e7c3      	b.n	8001574 <_svfiprintf_r+0x130>
 80015ec:	4604      	mov	r4, r0
 80015ee:	2301      	movs	r3, #1
 80015f0:	fb0c 2101 	mla	r1, ip, r1, r2
 80015f4:	e7f0      	b.n	80015d8 <_svfiprintf_r+0x194>
 80015f6:	ab03      	add	r3, sp, #12
 80015f8:	9300      	str	r3, [sp, #0]
 80015fa:	462a      	mov	r2, r5
 80015fc:	4638      	mov	r0, r7
 80015fe:	4b0f      	ldr	r3, [pc, #60]	; (800163c <_svfiprintf_r+0x1f8>)
 8001600:	a904      	add	r1, sp, #16
 8001602:	f3af 8000 	nop.w
 8001606:	1c42      	adds	r2, r0, #1
 8001608:	4606      	mov	r6, r0
 800160a:	d1d6      	bne.n	80015ba <_svfiprintf_r+0x176>
 800160c:	89ab      	ldrh	r3, [r5, #12]
 800160e:	065b      	lsls	r3, r3, #25
 8001610:	f53f af2c 	bmi.w	800146c <_svfiprintf_r+0x28>
 8001614:	9809      	ldr	r0, [sp, #36]	; 0x24
 8001616:	b01d      	add	sp, #116	; 0x74
 8001618:	e8bd 8ff0 	ldmia.w	sp!, {r4, r5, r6, r7, r8, r9, sl, fp, pc}
 800161c:	ab03      	add	r3, sp, #12
 800161e:	9300      	str	r3, [sp, #0]
 8001620:	462a      	mov	r2, r5
 8001622:	4638      	mov	r0, r7
 8001624:	4b05      	ldr	r3, [pc, #20]	; (800163c <_svfiprintf_r+0x1f8>)
 8001626:	a904      	add	r1, sp, #16
 8001628:	f000 f9d4 	bl	80019d4 <_printf_i>
 800162c:	e7eb      	b.n	8001606 <_svfiprintf_r+0x1c2>
 800162e:	bf00      	nop
 8001630:	08002418 	.word	0x08002418
 8001634:	08002422 	.word	0x08002422
 8001638:	00000000 	.word	0x00000000
 800163c:	0800138d 	.word	0x0800138d
 8001640:	0800241e 	.word	0x0800241e

08001644 <__sfputc_r>:
 8001644:	6893      	ldr	r3, [r2, #8]
 8001646:	b410      	push	{r4}
 8001648:	3b01      	subs	r3, #1
 800164a:	2b00      	cmp	r3, #0
 800164c:	6093      	str	r3, [r2, #8]
 800164e:	da07      	bge.n	8001660 <__sfputc_r+0x1c>
 8001650:	6994      	ldr	r4, [r2, #24]
 8001652:	42a3      	cmp	r3, r4
 8001654:	db01      	blt.n	800165a <__sfputc_r+0x16>
 8001656:	290a      	cmp	r1, #10
 8001658:	d102      	bne.n	8001660 <__sfputc_r+0x1c>
 800165a:	bc10      	pop	{r4}
 800165c:	f000 bb34 	b.w	8001cc8 <__swbuf_r>
 8001660:	6813      	ldr	r3, [r2, #0]
 8001662:	1c58      	adds	r0, r3, #1
 8001664:	6010      	str	r0, [r2, #0]
 8001666:	7019      	strb	r1, [r3, #0]
 8001668:	4608      	mov	r0, r1
 800166a:	bc10      	pop	{r4}
 800166c:	4770      	bx	lr

0800166e <__sfputs_r>:
 800166e:	b5f8      	push	{r3, r4, r5, r6, r7, lr}
 8001670:	4606      	mov	r6, r0
 8001672:	460f      	mov	r7, r1
 8001674:	4614      	mov	r4, r2
 8001676:	18d5      	adds	r5, r2, r3
 8001678:	42ac      	cmp	r4, r5
 800167a:	d101      	bne.n	8001680 <__sfputs_r+0x12>
 800167c:	2000      	movs	r0, #0
 800167e:	e007      	b.n	8001690 <__sfputs_r+0x22>
 8001680:	463a      	mov	r2, r7
 8001682:	4630      	mov	r0, r6
 8001684:	f814 1b01 	ldrb.w	r1, [r4], #1
 8001688:	f7ff ffdc 	bl	8001644 <__sfputc_r>
 800168c:	1c43      	adds	r3, r0, #1
 800168e:	d1f3      	bne.n	8001678 <__sfputs_r+0xa>
 8001690:	bdf8      	pop	{r3, r4, r5, r6, r7, pc}
	...

08001694 <_vfiprintf_r>:
 8001694:	e92d 4ff0 	stmdb	sp!, {r4, r5, r6, r7, r8, r9, sl, fp, lr}
 8001698:	460d      	mov	r5, r1
 800169a:	4614      	mov	r4, r2
 800169c:	4698      	mov	r8, r3
 800169e:	4606      	mov	r6, r0
 80016a0:	b09d      	sub	sp, #116	; 0x74
 80016a2:	b118      	cbz	r0, 80016ac <_vfiprintf_r+0x18>
 80016a4:	6983      	ldr	r3, [r0, #24]
 80016a6:	b90b      	cbnz	r3, 80016ac <_vfiprintf_r+0x18>
 80016a8:	f7ff fd76 	bl	8001198 <__sinit>
 80016ac:	4b89      	ldr	r3, [pc, #548]	; (80018d4 <_vfiprintf_r+0x240>)
 80016ae:	429d      	cmp	r5, r3
 80016b0:	d11b      	bne.n	80016ea <_vfiprintf_r+0x56>
 80016b2:	6875      	ldr	r5, [r6, #4]
 80016b4:	6e6b      	ldr	r3, [r5, #100]	; 0x64
 80016b6:	07d9      	lsls	r1, r3, #31
 80016b8:	d405      	bmi.n	80016c6 <_vfiprintf_r+0x32>
 80016ba:	89ab      	ldrh	r3, [r5, #12]
 80016bc:	059a      	lsls	r2, r3, #22
 80016be:	d402      	bmi.n	80016c6 <_vfiprintf_r+0x32>
 80016c0:	6da8      	ldr	r0, [r5, #88]	; 0x58
 80016c2:	f7ff fe07 	bl	80012d4 <__retarget_lock_acquire_recursive>
 80016c6:	89ab      	ldrh	r3, [r5, #12]
 80016c8:	071b      	lsls	r3, r3, #28
 80016ca:	d501      	bpl.n	80016d0 <_vfiprintf_r+0x3c>
 80016cc:	692b      	ldr	r3, [r5, #16]
 80016ce:	b9eb      	cbnz	r3, 800170c <_vfiprintf_r+0x78>
 80016d0:	4629      	mov	r1, r5
 80016d2:	4630      	mov	r0, r6
 80016d4:	f000 fb5c 	bl	8001d90 <__swsetup_r>
 80016d8:	b1c0      	cbz	r0, 800170c <_vfiprintf_r+0x78>
 80016da:	6e6b      	ldr	r3, [r5, #100]	; 0x64
 80016dc:	07dc      	lsls	r4, r3, #31
 80016de:	d50e      	bpl.n	80016fe <_vfiprintf_r+0x6a>
 80016e0:	f04f 30ff 	mov.w	r0, #4294967295
 80016e4:	b01d      	add	sp, #116	; 0x74
 80016e6:	e8bd 8ff0 	ldmia.w	sp!, {r4, r5, r6, r7, r8, r9, sl, fp, pc}
 80016ea:	4b7b      	ldr	r3, [pc, #492]	; (80018d8 <_vfiprintf_r+0x244>)
 80016ec:	429d      	cmp	r5, r3
 80016ee:	d101      	bne.n	80016f4 <_vfiprintf_r+0x60>
 80016f0:	68b5      	ldr	r5, [r6, #8]
 80016f2:	e7df      	b.n	80016b4 <_vfiprintf_r+0x20>
 80016f4:	4b79      	ldr	r3, [pc, #484]	; (80018dc <_vfiprintf_r+0x248>)
 80016f6:	429d      	cmp	r5, r3
 80016f8:	bf08      	it	eq
 80016fa:	68f5      	ldreq	r5, [r6, #12]
 80016fc:	e7da      	b.n	80016b4 <_vfiprintf_r+0x20>
 80016fe:	89ab      	ldrh	r3, [r5, #12]
 8001700:	0598      	lsls	r0, r3, #22
 8001702:	d4ed      	bmi.n	80016e0 <_vfiprintf_r+0x4c>
 8001704:	6da8      	ldr	r0, [r5, #88]	; 0x58
 8001706:	f7ff fde6 	bl	80012d6 <__retarget_lock_release_recursive>
 800170a:	e7e9      	b.n	80016e0 <_vfiprintf_r+0x4c>
 800170c:	2300      	movs	r3, #0
 800170e:	9309      	str	r3, [sp, #36]	; 0x24
 8001710:	2320      	movs	r3, #32
 8001712:	f88d 3029 	strb.w	r3, [sp, #41]	; 0x29
 8001716:	2330      	movs	r3, #48	; 0x30
 8001718:	f04f 0901 	mov.w	r9, #1
 800171c:	f8cd 800c 	str.w	r8, [sp, #12]
 8001720:	f8df 81bc 	ldr.w	r8, [pc, #444]	; 80018e0 <_vfiprintf_r+0x24c>
 8001724:	f88d 302a 	strb.w	r3, [sp, #42]	; 0x2a
 8001728:	4623      	mov	r3, r4
 800172a:	469a      	mov	sl, r3
 800172c:	f813 2b01 	ldrb.w	r2, [r3], #1
 8001730:	b10a      	cbz	r2, 8001736 <_vfiprintf_r+0xa2>
 8001732:	2a25      	cmp	r2, #37	; 0x25
 8001734:	d1f9      	bne.n	800172a <_vfiprintf_r+0x96>
 8001736:	ebba 0b04 	subs.w	fp, sl, r4
 800173a:	d00b      	beq.n	8001754 <_vfiprintf_r+0xc0>
 800173c:	465b      	mov	r3, fp
 800173e:	4622      	mov	r2, r4
 8001740:	4629      	mov	r1, r5
 8001742:	4630      	mov	r0, r6
 8001744:	f7ff ff93 	bl	800166e <__sfputs_r>
 8001748:	3001      	adds	r0, #1
 800174a:	f000 80aa 	beq.w	80018a2 <_vfiprintf_r+0x20e>
 800174e:	9a09      	ldr	r2, [sp, #36]	; 0x24
 8001750:	445a      	add	r2, fp
 8001752:	9209      	str	r2, [sp, #36]	; 0x24
 8001754:	f89a 3000 	ldrb.w	r3, [sl]
 8001758:	2b00      	cmp	r3, #0
 800175a:	f000 80a2 	beq.w	80018a2 <_vfiprintf_r+0x20e>
 800175e:	2300      	movs	r3, #0
 8001760:	f04f 32ff 	mov.w	r2, #4294967295
 8001764:	e9cd 2305 	strd	r2, r3, [sp, #20]
 8001768:	f10a 0a01 	add.w	sl, sl, #1
 800176c:	9304      	str	r3, [sp, #16]
 800176e:	9307      	str	r3, [sp, #28]
 8001770:	f88d 3053 	strb.w	r3, [sp, #83]	; 0x53
 8001774:	931a      	str	r3, [sp, #104]	; 0x68
 8001776:	4654      	mov	r4, sl
 8001778:	2205      	movs	r2, #5
 800177a:	f814 1b01 	ldrb.w	r1, [r4], #1
 800177e:	4858      	ldr	r0, [pc, #352]	; (80018e0 <_vfiprintf_r+0x24c>)
 8001780:	f000 fcbc 	bl	80020fc <memchr>
 8001784:	9a04      	ldr	r2, [sp, #16]
 8001786:	b9d8      	cbnz	r0, 80017c0 <_vfiprintf_r+0x12c>
 8001788:	06d1      	lsls	r1, r2, #27
 800178a:	bf44      	itt	mi
 800178c:	2320      	movmi	r3, #32
 800178e:	f88d 3053 	strbmi.w	r3, [sp, #83]	; 0x53
 8001792:	0713      	lsls	r3, r2, #28
 8001794:	bf44      	itt	mi
 8001796:	232b      	movmi	r3, #43	; 0x2b
 8001798:	f88d 3053 	strbmi.w	r3, [sp, #83]	; 0x53
 800179c:	f89a 3000 	ldrb.w	r3, [sl]
 80017a0:	2b2a      	cmp	r3, #42	; 0x2a
 80017a2:	d015      	beq.n	80017d0 <_vfiprintf_r+0x13c>
 80017a4:	4654      	mov	r4, sl
 80017a6:	2000      	movs	r0, #0
 80017a8:	f04f 0c0a 	mov.w	ip, #10
 80017ac:	9a07      	ldr	r2, [sp, #28]
 80017ae:	4621      	mov	r1, r4
 80017b0:	f811 3b01 	ldrb.w	r3, [r1], #1
 80017b4:	3b30      	subs	r3, #48	; 0x30
 80017b6:	2b09      	cmp	r3, #9
 80017b8:	d94e      	bls.n	8001858 <_vfiprintf_r+0x1c4>
 80017ba:	b1b0      	cbz	r0, 80017ea <_vfiprintf_r+0x156>
 80017bc:	9207      	str	r2, [sp, #28]
 80017be:	e014      	b.n	80017ea <_vfiprintf_r+0x156>
 80017c0:	eba0 0308 	sub.w	r3, r0, r8
 80017c4:	fa09 f303 	lsl.w	r3, r9, r3
 80017c8:	4313      	orrs	r3, r2
 80017ca:	46a2      	mov	sl, r4
 80017cc:	9304      	str	r3, [sp, #16]
 80017ce:	e7d2      	b.n	8001776 <_vfiprintf_r+0xe2>
 80017d0:	9b03      	ldr	r3, [sp, #12]
 80017d2:	1d19      	adds	r1, r3, #4
 80017d4:	681b      	ldr	r3, [r3, #0]
 80017d6:	9103      	str	r1, [sp, #12]
 80017d8:	2b00      	cmp	r3, #0
 80017da:	bfbb      	ittet	lt
 80017dc:	425b      	neglt	r3, r3
 80017de:	f042 0202 	orrlt.w	r2, r2, #2
 80017e2:	9307      	strge	r3, [sp, #28]
 80017e4:	9307      	strlt	r3, [sp, #28]
 80017e6:	bfb8      	it	lt
 80017e8:	9204      	strlt	r2, [sp, #16]
 80017ea:	7823      	ldrb	r3, [r4, #0]
 80017ec:	2b2e      	cmp	r3, #46	; 0x2e
 80017ee:	d10c      	bne.n	800180a <_vfiprintf_r+0x176>
 80017f0:	7863      	ldrb	r3, [r4, #1]
 80017f2:	2b2a      	cmp	r3, #42	; 0x2a
 80017f4:	d135      	bne.n	8001862 <_vfiprintf_r+0x1ce>
 80017f6:	9b03      	ldr	r3, [sp, #12]
 80017f8:	3402      	adds	r4, #2
 80017fa:	1d1a      	adds	r2, r3, #4
 80017fc:	681b      	ldr	r3, [r3, #0]
 80017fe:	9203      	str	r2, [sp, #12]
 8001800:	2b00      	cmp	r3, #0
 8001802:	bfb8      	it	lt
 8001804:	f04f 33ff 	movlt.w	r3, #4294967295
 8001808:	9305      	str	r3, [sp, #20]
 800180a:	f8df a0e4 	ldr.w	sl, [pc, #228]	; 80018f0 <_vfiprintf_r+0x25c>
 800180e:	2203      	movs	r2, #3
 8001810:	4650      	mov	r0, sl
 8001812:	7821      	ldrb	r1, [r4, #0]
 8001814:	f000 fc72 	bl	80020fc <memchr>
 8001818:	b140      	cbz	r0, 800182c <_vfiprintf_r+0x198>
 800181a:	2340      	movs	r3, #64	; 0x40
 800181c:	eba0 000a 	sub.w	r0, r0, sl
 8001820:	fa03 f000 	lsl.w	r0, r3, r0
 8001824:	9b04      	ldr	r3, [sp, #16]
 8001826:	3401      	adds	r4, #1
 8001828:	4303      	orrs	r3, r0
 800182a:	9304      	str	r3, [sp, #16]
 800182c:	f814 1b01 	ldrb.w	r1, [r4], #1
 8001830:	2206      	movs	r2, #6
 8001832:	482c      	ldr	r0, [pc, #176]	; (80018e4 <_vfiprintf_r+0x250>)
 8001834:	f88d 1028 	strb.w	r1, [sp, #40]	; 0x28
 8001838:	f000 fc60 	bl	80020fc <memchr>
 800183c:	2800      	cmp	r0, #0
 800183e:	d03f      	beq.n	80018c0 <_vfiprintf_r+0x22c>
 8001840:	4b29      	ldr	r3, [pc, #164]	; (80018e8 <_vfiprintf_r+0x254>)
 8001842:	bb1b      	cbnz	r3, 800188c <_vfiprintf_r+0x1f8>
 8001844:	9b03      	ldr	r3, [sp, #12]
 8001846:	3307      	adds	r3, #7
 8001848:	f023 0307 	bic.w	r3, r3, #7
 800184c:	3308      	adds	r3, #8
 800184e:	9303      	str	r3, [sp, #12]
 8001850:	9b09      	ldr	r3, [sp, #36]	; 0x24
 8001852:	443b      	add	r3, r7
 8001854:	9309      	str	r3, [sp, #36]	; 0x24
 8001856:	e767      	b.n	8001728 <_vfiprintf_r+0x94>
 8001858:	460c      	mov	r4, r1
 800185a:	2001      	movs	r0, #1
 800185c:	fb0c 3202 	mla	r2, ip, r2, r3
 8001860:	e7a5      	b.n	80017ae <_vfiprintf_r+0x11a>
 8001862:	2300      	movs	r3, #0
 8001864:	f04f 0c0a 	mov.w	ip, #10
 8001868:	4619      	mov	r1, r3
 800186a:	3401      	adds	r4, #1
 800186c:	9305      	str	r3, [sp, #20]
 800186e:	4620      	mov	r0, r4
 8001870:	f810 2b01 	ldrb.w	r2, [r0], #1
 8001874:	3a30      	subs	r2, #48	; 0x30
 8001876:	2a09      	cmp	r2, #9
 8001878:	d903      	bls.n	8001882 <_vfiprintf_r+0x1ee>
 800187a:	2b00      	cmp	r3, #0
 800187c:	d0c5      	beq.n	800180a <_vfiprintf_r+0x176>
 800187e:	9105      	str	r1, [sp, #20]
 8001880:	e7c3      	b.n	800180a <_vfiprintf_r+0x176>
 8001882:	4604      	mov	r4, r0
 8001884:	2301      	movs	r3, #1
 8001886:	fb0c 2101 	mla	r1, ip, r1, r2
 800188a:	e7f0      	b.n	800186e <_vfiprintf_r+0x1da>
 800188c:	ab03      	add	r3, sp, #12
 800188e:	9300      	str	r3, [sp, #0]
 8001890:	462a      	mov	r2, r5
 8001892:	4630      	mov	r0, r6
 8001894:	4b15      	ldr	r3, [pc, #84]	; (80018ec <_vfiprintf_r+0x258>)
 8001896:	a904      	add	r1, sp, #16
 8001898:	f3af 8000 	nop.w
 800189c:	4607      	mov	r7, r0
 800189e:	1c78      	adds	r0, r7, #1
 80018a0:	d1d6      	bne.n	8001850 <_vfiprintf_r+0x1bc>
 80018a2:	6e6b      	ldr	r3, [r5, #100]	; 0x64
 80018a4:	07d9      	lsls	r1, r3, #31
 80018a6:	d405      	bmi.n	80018b4 <_vfiprintf_r+0x220>
 80018a8:	89ab      	ldrh	r3, [r5, #12]
 80018aa:	059a      	lsls	r2, r3, #22
 80018ac:	d402      	bmi.n	80018b4 <_vfiprintf_r+0x220>
 80018ae:	6da8      	ldr	r0, [r5, #88]	; 0x58
 80018b0:	f7ff fd11 	bl	80012d6 <__retarget_lock_release_recursive>
 80018b4:	89ab      	ldrh	r3, [r5, #12]
 80018b6:	065b      	lsls	r3, r3, #25
 80018b8:	f53f af12 	bmi.w	80016e0 <_vfiprintf_r+0x4c>
 80018bc:	9809      	ldr	r0, [sp, #36]	; 0x24
 80018be:	e711      	b.n	80016e4 <_vfiprintf_r+0x50>
 80018c0:	ab03      	add	r3, sp, #12
 80018c2:	9300      	str	r3, [sp, #0]
 80018c4:	462a      	mov	r2, r5
 80018c6:	4630      	mov	r0, r6
 80018c8:	4b08      	ldr	r3, [pc, #32]	; (80018ec <_vfiprintf_r+0x258>)
 80018ca:	a904      	add	r1, sp, #16
 80018cc:	f000 f882 	bl	80019d4 <_printf_i>
 80018d0:	e7e4      	b.n	800189c <_vfiprintf_r+0x208>
 80018d2:	bf00      	nop
 80018d4:	080023d4 	.word	0x080023d4
 80018d8:	080023f4 	.word	0x080023f4
 80018dc:	080023b4 	.word	0x080023b4
 80018e0:	08002418 	.word	0x08002418
 80018e4:	08002422 	.word	0x08002422
 80018e8:	00000000 	.word	0x00000000
 80018ec:	0800166f 	.word	0x0800166f
 80018f0:	0800241e 	.word	0x0800241e

080018f4 <_printf_common>:
 80018f4:	e92d 47f0 	stmdb	sp!, {r4, r5, r6, r7, r8, r9, sl, lr}
 80018f8:	4616      	mov	r6, r2
 80018fa:	4699      	mov	r9, r3
 80018fc:	688a      	ldr	r2, [r1, #8]
 80018fe:	690b      	ldr	r3, [r1, #16]
 8001900:	4607      	mov	r7, r0
 8001902:	4293      	cmp	r3, r2
 8001904:	bfb8      	it	lt
 8001906:	4613      	movlt	r3, r2
 8001908:	6033      	str	r3, [r6, #0]
 800190a:	f891 2043 	ldrb.w	r2, [r1, #67]	; 0x43
 800190e:	460c      	mov	r4, r1
 8001910:	f8dd 8020 	ldr.w	r8, [sp, #32]
 8001914:	b10a      	cbz	r2, 800191a <_printf_common+0x26>
 8001916:	3301      	adds	r3, #1
 8001918:	6033      	str	r3, [r6, #0]
 800191a:	6823      	ldr	r3, [r4, #0]
 800191c:	0699      	lsls	r1, r3, #26
 800191e:	bf42      	ittt	mi
 8001920:	6833      	ldrmi	r3, [r6, #0]
 8001922:	3302      	addmi	r3, #2
 8001924:	6033      	strmi	r3, [r6, #0]
 8001926:	6825      	ldr	r5, [r4, #0]
 8001928:	f015 0506 	ands.w	r5, r5, #6
 800192c:	d106      	bne.n	800193c <_printf_common+0x48>
 800192e:	f104 0a19 	add.w	sl, r4, #25
 8001932:	68e3      	ldr	r3, [r4, #12]
 8001934:	6832      	ldr	r2, [r6, #0]
 8001936:	1a9b      	subs	r3, r3, r2
 8001938:	42ab      	cmp	r3, r5
 800193a:	dc28      	bgt.n	800198e <_printf_common+0x9a>
 800193c:	f894 2043 	ldrb.w	r2, [r4, #67]	; 0x43
 8001940:	1e13      	subs	r3, r2, #0
 8001942:	6822      	ldr	r2, [r4, #0]
 8001944:	bf18      	it	ne
 8001946:	2301      	movne	r3, #1
 8001948:	0692      	lsls	r2, r2, #26
 800194a:	d42d      	bmi.n	80019a8 <_printf_common+0xb4>
 800194c:	4649      	mov	r1, r9
 800194e:	4638      	mov	r0, r7
 8001950:	f104 0243 	add.w	r2, r4, #67	; 0x43
 8001954:	47c0      	blx	r8
 8001956:	3001      	adds	r0, #1
 8001958:	d020      	beq.n	800199c <_printf_common+0xa8>
 800195a:	6823      	ldr	r3, [r4, #0]
 800195c:	68e5      	ldr	r5, [r4, #12]
 800195e:	f003 0306 	and.w	r3, r3, #6
 8001962:	2b04      	cmp	r3, #4
 8001964:	bf18      	it	ne
 8001966:	2500      	movne	r5, #0
 8001968:	6832      	ldr	r2, [r6, #0]
 800196a:	f04f 0600 	mov.w	r6, #0
 800196e:	68a3      	ldr	r3, [r4, #8]
 8001970:	bf08      	it	eq
 8001972:	1aad      	subeq	r5, r5, r2
 8001974:	6922      	ldr	r2, [r4, #16]
 8001976:	bf08      	it	eq
 8001978:	ea25 75e5 	biceq.w	r5, r5, r5, asr #31
 800197c:	4293      	cmp	r3, r2
 800197e:	bfc4      	itt	gt
 8001980:	1a9b      	subgt	r3, r3, r2
 8001982:	18ed      	addgt	r5, r5, r3
 8001984:	341a      	adds	r4, #26
 8001986:	42b5      	cmp	r5, r6
 8001988:	d11a      	bne.n	80019c0 <_printf_common+0xcc>
 800198a:	2000      	movs	r0, #0
 800198c:	e008      	b.n	80019a0 <_printf_common+0xac>
 800198e:	2301      	movs	r3, #1
 8001990:	4652      	mov	r2, sl
 8001992:	4649      	mov	r1, r9
 8001994:	4638      	mov	r0, r7
 8001996:	47c0      	blx	r8
 8001998:	3001      	adds	r0, #1
 800199a:	d103      	bne.n	80019a4 <_printf_common+0xb0>
 800199c:	f04f 30ff 	mov.w	r0, #4294967295
 80019a0:	e8bd 87f0 	ldmia.w	sp!, {r4, r5, r6, r7, r8, r9, sl, pc}
 80019a4:	3501      	adds	r5, #1
 80019a6:	e7c4      	b.n	8001932 <_printf_common+0x3e>
 80019a8:	2030      	movs	r0, #48	; 0x30
 80019aa:	18e1      	adds	r1, r4, r3
 80019ac:	f881 0043 	strb.w	r0, [r1, #67]	; 0x43
 80019b0:	1c5a      	adds	r2, r3, #1
 80019b2:	f894 1045 	ldrb.w	r1, [r4, #69]	; 0x45
 80019b6:	4422      	add	r2, r4
 80019b8:	3302      	adds	r3, #2
 80019ba:	f882 1043 	strb.w	r1, [r2, #67]	; 0x43
 80019be:	e7c5      	b.n	800194c <_printf_common+0x58>
 80019c0:	2301      	movs	r3, #1
 80019c2:	4622      	mov	r2, r4
 80019c4:	4649      	mov	r1, r9
 80019c6:	4638      	mov	r0, r7
 80019c8:	47c0      	blx	r8
 80019ca:	3001      	adds	r0, #1
 80019cc:	d0e6      	beq.n	800199c <_printf_common+0xa8>
 80019ce:	3601      	adds	r6, #1
 80019d0:	e7d9      	b.n	8001986 <_printf_common+0x92>
	...

080019d4 <_printf_i>:
 80019d4:	e92d 47ff 	stmdb	sp!, {r0, r1, r2, r3, r4, r5, r6, r7, r8, r9, sl, lr}
 80019d8:	460c      	mov	r4, r1
 80019da:	7e27      	ldrb	r7, [r4, #24]
 80019dc:	4691      	mov	r9, r2
 80019de:	2f78      	cmp	r7, #120	; 0x78
 80019e0:	4680      	mov	r8, r0
 80019e2:	469a      	mov	sl, r3
 80019e4:	990c      	ldr	r1, [sp, #48]	; 0x30
 80019e6:	f104 0243 	add.w	r2, r4, #67	; 0x43
 80019ea:	d807      	bhi.n	80019fc <_printf_i+0x28>
 80019ec:	2f62      	cmp	r7, #98	; 0x62
 80019ee:	d80a      	bhi.n	8001a06 <_printf_i+0x32>
 80019f0:	2f00      	cmp	r7, #0
 80019f2:	f000 80d9 	beq.w	8001ba8 <_printf_i+0x1d4>
 80019f6:	2f58      	cmp	r7, #88	; 0x58
 80019f8:	f000 80a4 	beq.w	8001b44 <_printf_i+0x170>
 80019fc:	f104 0642 	add.w	r6, r4, #66	; 0x42
 8001a00:	f884 7042 	strb.w	r7, [r4, #66]	; 0x42
 8001a04:	e03a      	b.n	8001a7c <_printf_i+0xa8>
 8001a06:	f1a7 0363 	sub.w	r3, r7, #99	; 0x63
 8001a0a:	2b15      	cmp	r3, #21
 8001a0c:	d8f6      	bhi.n	80019fc <_printf_i+0x28>
 8001a0e:	a001      	add	r0, pc, #4	; (adr r0, 8001a14 <_printf_i+0x40>)
 8001a10:	f850 f023 	ldr.w	pc, [r0, r3, lsl #2]
 8001a14:	08001a6d 	.word	0x08001a6d
 8001a18:	08001a81 	.word	0x08001a81
 8001a1c:	080019fd 	.word	0x080019fd
 8001a20:	080019fd 	.word	0x080019fd
 8001a24:	080019fd 	.word	0x080019fd
 8001a28:	080019fd 	.word	0x080019fd
 8001a2c:	08001a81 	.word	0x08001a81
 8001a30:	080019fd 	.word	0x080019fd
 8001a34:	080019fd 	.word	0x080019fd
 8001a38:	080019fd 	.word	0x080019fd
 8001a3c:	080019fd 	.word	0x080019fd
 8001a40:	08001b8f 	.word	0x08001b8f
 8001a44:	08001ab1 	.word	0x08001ab1
 8001a48:	08001b71 	.word	0x08001b71
 8001a4c:	080019fd 	.word	0x080019fd
 8001a50:	080019fd 	.word	0x080019fd
 8001a54:	08001bb1 	.word	0x08001bb1
 8001a58:	080019fd 	.word	0x080019fd
 8001a5c:	08001ab1 	.word	0x08001ab1
 8001a60:	080019fd 	.word	0x080019fd
 8001a64:	080019fd 	.word	0x080019fd
 8001a68:	08001b79 	.word	0x08001b79
 8001a6c:	680b      	ldr	r3, [r1, #0]
 8001a6e:	f104 0642 	add.w	r6, r4, #66	; 0x42
 8001a72:	1d1a      	adds	r2, r3, #4
 8001a74:	681b      	ldr	r3, [r3, #0]
 8001a76:	600a      	str	r2, [r1, #0]
 8001a78:	f884 3042 	strb.w	r3, [r4, #66]	; 0x42
 8001a7c:	2301      	movs	r3, #1
 8001a7e:	e0a4      	b.n	8001bca <_printf_i+0x1f6>
 8001a80:	6825      	ldr	r5, [r4, #0]
 8001a82:	6808      	ldr	r0, [r1, #0]
 8001a84:	062e      	lsls	r6, r5, #24
 8001a86:	f100 0304 	add.w	r3, r0, #4
 8001a8a:	d50a      	bpl.n	8001aa2 <_printf_i+0xce>
 8001a8c:	6805      	ldr	r5, [r0, #0]
 8001a8e:	600b      	str	r3, [r1, #0]
 8001a90:	2d00      	cmp	r5, #0
 8001a92:	da03      	bge.n	8001a9c <_printf_i+0xc8>
 8001a94:	232d      	movs	r3, #45	; 0x2d
 8001a96:	426d      	negs	r5, r5
 8001a98:	f884 3043 	strb.w	r3, [r4, #67]	; 0x43
 8001a9c:	230a      	movs	r3, #10
 8001a9e:	485e      	ldr	r0, [pc, #376]	; (8001c18 <_printf_i+0x244>)
 8001aa0:	e019      	b.n	8001ad6 <_printf_i+0x102>
 8001aa2:	f015 0f40 	tst.w	r5, #64	; 0x40
 8001aa6:	6805      	ldr	r5, [r0, #0]
 8001aa8:	600b      	str	r3, [r1, #0]
 8001aaa:	bf18      	it	ne
 8001aac:	b22d      	sxthne	r5, r5
 8001aae:	e7ef      	b.n	8001a90 <_printf_i+0xbc>
 8001ab0:	680b      	ldr	r3, [r1, #0]
 8001ab2:	6825      	ldr	r5, [r4, #0]
 8001ab4:	1d18      	adds	r0, r3, #4
 8001ab6:	6008      	str	r0, [r1, #0]
 8001ab8:	0628      	lsls	r0, r5, #24
 8001aba:	d501      	bpl.n	8001ac0 <_printf_i+0xec>
 8001abc:	681d      	ldr	r5, [r3, #0]
 8001abe:	e002      	b.n	8001ac6 <_printf_i+0xf2>
 8001ac0:	0669      	lsls	r1, r5, #25
 8001ac2:	d5fb      	bpl.n	8001abc <_printf_i+0xe8>
 8001ac4:	881d      	ldrh	r5, [r3, #0]
 8001ac6:	2f6f      	cmp	r7, #111	; 0x6f
 8001ac8:	bf0c      	ite	eq
 8001aca:	2308      	moveq	r3, #8
 8001acc:	230a      	movne	r3, #10
 8001ace:	4852      	ldr	r0, [pc, #328]	; (8001c18 <_printf_i+0x244>)
 8001ad0:	2100      	movs	r1, #0
 8001ad2:	f884 1043 	strb.w	r1, [r4, #67]	; 0x43
 8001ad6:	6866      	ldr	r6, [r4, #4]
 8001ad8:	2e00      	cmp	r6, #0
 8001ada:	bfa8      	it	ge
 8001adc:	6821      	ldrge	r1, [r4, #0]
 8001ade:	60a6      	str	r6, [r4, #8]
 8001ae0:	bfa4      	itt	ge
 8001ae2:	f021 0104 	bicge.w	r1, r1, #4
 8001ae6:	6021      	strge	r1, [r4, #0]
 8001ae8:	b90d      	cbnz	r5, 8001aee <_printf_i+0x11a>
 8001aea:	2e00      	cmp	r6, #0
 8001aec:	d04d      	beq.n	8001b8a <_printf_i+0x1b6>
 8001aee:	4616      	mov	r6, r2
 8001af0:	fbb5 f1f3 	udiv	r1, r5, r3
 8001af4:	fb03 5711 	mls	r7, r3, r1, r5
 8001af8:	5dc7      	ldrb	r7, [r0, r7]
 8001afa:	f806 7d01 	strb.w	r7, [r6, #-1]!
 8001afe:	462f      	mov	r7, r5
 8001b00:	42bb      	cmp	r3, r7
 8001b02:	460d      	mov	r5, r1
 8001b04:	d9f4      	bls.n	8001af0 <_printf_i+0x11c>
 8001b06:	2b08      	cmp	r3, #8
 8001b08:	d10b      	bne.n	8001b22 <_printf_i+0x14e>
 8001b0a:	6823      	ldr	r3, [r4, #0]
 8001b0c:	07df      	lsls	r7, r3, #31
 8001b0e:	d508      	bpl.n	8001b22 <_printf_i+0x14e>
 8001b10:	6923      	ldr	r3, [r4, #16]
 8001b12:	6861      	ldr	r1, [r4, #4]
 8001b14:	4299      	cmp	r1, r3
 8001b16:	bfde      	ittt	le
 8001b18:	2330      	movle	r3, #48	; 0x30
 8001b1a:	f806 3c01 	strble.w	r3, [r6, #-1]
 8001b1e:	f106 36ff 	addle.w	r6, r6, #4294967295
 8001b22:	1b92      	subs	r2, r2, r6
 8001b24:	6122      	str	r2, [r4, #16]
 8001b26:	464b      	mov	r3, r9
 8001b28:	4621      	mov	r1, r4
 8001b2a:	4640      	mov	r0, r8
 8001b2c:	f8cd a000 	str.w	sl, [sp]
 8001b30:	aa03      	add	r2, sp, #12
 8001b32:	f7ff fedf 	bl	80018f4 <_printf_common>
 8001b36:	3001      	adds	r0, #1
 8001b38:	d14c      	bne.n	8001bd4 <_printf_i+0x200>
 8001b3a:	f04f 30ff 	mov.w	r0, #4294967295
 8001b3e:	b004      	add	sp, #16
 8001b40:	e8bd 87f0 	ldmia.w	sp!, {r4, r5, r6, r7, r8, r9, sl, pc}
 8001b44:	4834      	ldr	r0, [pc, #208]	; (8001c18 <_printf_i+0x244>)
 8001b46:	f884 7045 	strb.w	r7, [r4, #69]	; 0x45
 8001b4a:	680e      	ldr	r6, [r1, #0]
 8001b4c:	6823      	ldr	r3, [r4, #0]
 8001b4e:	f856 5b04 	ldr.w	r5, [r6], #4
 8001b52:	061f      	lsls	r7, r3, #24
 8001b54:	600e      	str	r6, [r1, #0]
 8001b56:	d514      	bpl.n	8001b82 <_printf_i+0x1ae>
 8001b58:	07d9      	lsls	r1, r3, #31
 8001b5a:	bf44      	itt	mi
 8001b5c:	f043 0320 	orrmi.w	r3, r3, #32
 8001b60:	6023      	strmi	r3, [r4, #0]
 8001b62:	b91d      	cbnz	r5, 8001b6c <_printf_i+0x198>
 8001b64:	6823      	ldr	r3, [r4, #0]
 8001b66:	f023 0320 	bic.w	r3, r3, #32
 8001b6a:	6023      	str	r3, [r4, #0]
 8001b6c:	2310      	movs	r3, #16
 8001b6e:	e7af      	b.n	8001ad0 <_printf_i+0xfc>
 8001b70:	6823      	ldr	r3, [r4, #0]
 8001b72:	f043 0320 	orr.w	r3, r3, #32
 8001b76:	6023      	str	r3, [r4, #0]
 8001b78:	2378      	movs	r3, #120	; 0x78
 8001b7a:	4828      	ldr	r0, [pc, #160]	; (8001c1c <_printf_i+0x248>)
 8001b7c:	f884 3045 	strb.w	r3, [r4, #69]	; 0x45
 8001b80:	e7e3      	b.n	8001b4a <_printf_i+0x176>
 8001b82:	065e      	lsls	r6, r3, #25
 8001b84:	bf48      	it	mi
 8001b86:	b2ad      	uxthmi	r5, r5
 8001b88:	e7e6      	b.n	8001b58 <_printf_i+0x184>
 8001b8a:	4616      	mov	r6, r2
 8001b8c:	e7bb      	b.n	8001b06 <_printf_i+0x132>
 8001b8e:	680b      	ldr	r3, [r1, #0]
 8001b90:	6826      	ldr	r6, [r4, #0]
 8001b92:	1d1d      	adds	r5, r3, #4
 8001b94:	6960      	ldr	r0, [r4, #20]
 8001b96:	600d      	str	r5, [r1, #0]
 8001b98:	0635      	lsls	r5, r6, #24
 8001b9a:	681b      	ldr	r3, [r3, #0]
 8001b9c:	d501      	bpl.n	8001ba2 <_printf_i+0x1ce>
 8001b9e:	6018      	str	r0, [r3, #0]
 8001ba0:	e002      	b.n	8001ba8 <_printf_i+0x1d4>
 8001ba2:	0671      	lsls	r1, r6, #25
 8001ba4:	d5fb      	bpl.n	8001b9e <_printf_i+0x1ca>
 8001ba6:	8018      	strh	r0, [r3, #0]
 8001ba8:	2300      	movs	r3, #0
 8001baa:	4616      	mov	r6, r2
 8001bac:	6123      	str	r3, [r4, #16]
 8001bae:	e7ba      	b.n	8001b26 <_printf_i+0x152>
 8001bb0:	680b      	ldr	r3, [r1, #0]
 8001bb2:	1d1a      	adds	r2, r3, #4
 8001bb4:	600a      	str	r2, [r1, #0]
 8001bb6:	681e      	ldr	r6, [r3, #0]
 8001bb8:	2100      	movs	r1, #0
 8001bba:	4630      	mov	r0, r6
 8001bbc:	6862      	ldr	r2, [r4, #4]
 8001bbe:	f000 fa9d 	bl	80020fc <memchr>
 8001bc2:	b108      	cbz	r0, 8001bc8 <_printf_i+0x1f4>
 8001bc4:	1b80      	subs	r0, r0, r6
 8001bc6:	6060      	str	r0, [r4, #4]
 8001bc8:	6863      	ldr	r3, [r4, #4]
 8001bca:	6123      	str	r3, [r4, #16]
 8001bcc:	2300      	movs	r3, #0
 8001bce:	f884 3043 	strb.w	r3, [r4, #67]	; 0x43
 8001bd2:	e7a8      	b.n	8001b26 <_printf_i+0x152>
 8001bd4:	4632      	mov	r2, r6
 8001bd6:	4649      	mov	r1, r9
 8001bd8:	4640      	mov	r0, r8
 8001bda:	6923      	ldr	r3, [r4, #16]
 8001bdc:	47d0      	blx	sl
 8001bde:	3001      	adds	r0, #1
 8001be0:	d0ab      	beq.n	8001b3a <_printf_i+0x166>
 8001be2:	6823      	ldr	r3, [r4, #0]
 8001be4:	079b      	lsls	r3, r3, #30
 8001be6:	d413      	bmi.n	8001c10 <_printf_i+0x23c>
 8001be8:	68e0      	ldr	r0, [r4, #12]
 8001bea:	9b03      	ldr	r3, [sp, #12]
 8001bec:	4298      	cmp	r0, r3
 8001bee:	bfb8      	it	lt
 8001bf0:	4618      	movlt	r0, r3
 8001bf2:	e7a4      	b.n	8001b3e <_printf_i+0x16a>
 8001bf4:	2301      	movs	r3, #1
 8001bf6:	4632      	mov	r2, r6
 8001bf8:	4649      	mov	r1, r9
 8001bfa:	4640      	mov	r0, r8
 8001bfc:	47d0      	blx	sl
 8001bfe:	3001      	adds	r0, #1
 8001c00:	d09b      	beq.n	8001b3a <_printf_i+0x166>
 8001c02:	3501      	adds	r5, #1
 8001c04:	68e3      	ldr	r3, [r4, #12]
 8001c06:	9903      	ldr	r1, [sp, #12]
 8001c08:	1a5b      	subs	r3, r3, r1
 8001c0a:	42ab      	cmp	r3, r5
 8001c0c:	dcf2      	bgt.n	8001bf4 <_printf_i+0x220>
 8001c0e:	e7eb      	b.n	8001be8 <_printf_i+0x214>
 8001c10:	2500      	movs	r5, #0
 8001c12:	f104 0619 	add.w	r6, r4, #25
 8001c16:	e7f5      	b.n	8001c04 <_printf_i+0x230>
 8001c18:	08002429 	.word	0x08002429
 8001c1c:	0800243a 	.word	0x0800243a

08001c20 <_sbrk_r>:
 8001c20:	b538      	push	{r3, r4, r5, lr}
 8001c22:	2300      	movs	r3, #0
 8001c24:	4d05      	ldr	r5, [pc, #20]	; (8001c3c <_sbrk_r+0x1c>)
 8001c26:	4604      	mov	r4, r0
 8001c28:	4608      	mov	r0, r1
 8001c2a:	602b      	str	r3, [r5, #0]
 8001c2c:	f000 fb7e 	bl	800232c <_sbrk>
 8001c30:	1c43      	adds	r3, r0, #1
 8001c32:	d102      	bne.n	8001c3a <_sbrk_r+0x1a>
 8001c34:	682b      	ldr	r3, [r5, #0]
 8001c36:	b103      	cbz	r3, 8001c3a <_sbrk_r+0x1a>
 8001c38:	6023      	str	r3, [r4, #0]
 8001c3a:	bd38      	pop	{r3, r4, r5, pc}
 8001c3c:	200008ac 	.word	0x200008ac

08001c40 <__sread>:
 8001c40:	b510      	push	{r4, lr}
 8001c42:	460c      	mov	r4, r1
 8001c44:	f9b1 100e 	ldrsh.w	r1, [r1, #14]
 8001c48:	f000 fb0c 	bl	8002264 <_read_r>
 8001c4c:	2800      	cmp	r0, #0
 8001c4e:	bfab      	itete	ge
 8001c50:	6d63      	ldrge	r3, [r4, #84]	; 0x54
 8001c52:	89a3      	ldrhlt	r3, [r4, #12]
 8001c54:	181b      	addge	r3, r3, r0
 8001c56:	f423 5380 	biclt.w	r3, r3, #4096	; 0x1000
 8001c5a:	bfac      	ite	ge
 8001c5c:	6563      	strge	r3, [r4, #84]	; 0x54
 8001c5e:	81a3      	strhlt	r3, [r4, #12]
 8001c60:	bd10      	pop	{r4, pc}

08001c62 <__swrite>:
 8001c62:	e92d 41f0 	stmdb	sp!, {r4, r5, r6, r7, r8, lr}
 8001c66:	461f      	mov	r7, r3
 8001c68:	898b      	ldrh	r3, [r1, #12]
 8001c6a:	4605      	mov	r5, r0
 8001c6c:	05db      	lsls	r3, r3, #23
 8001c6e:	460c      	mov	r4, r1
 8001c70:	4616      	mov	r6, r2
 8001c72:	d505      	bpl.n	8001c80 <__swrite+0x1e>
 8001c74:	2302      	movs	r3, #2
 8001c76:	2200      	movs	r2, #0
 8001c78:	f9b1 100e 	ldrsh.w	r1, [r1, #14]
 8001c7c:	f000 f9c8 	bl	8002010 <_lseek_r>
 8001c80:	89a3      	ldrh	r3, [r4, #12]
 8001c82:	4632      	mov	r2, r6
 8001c84:	f423 5380 	bic.w	r3, r3, #4096	; 0x1000
 8001c88:	81a3      	strh	r3, [r4, #12]
 8001c8a:	4628      	mov	r0, r5
 8001c8c:	463b      	mov	r3, r7
 8001c8e:	f9b4 100e 	ldrsh.w	r1, [r4, #14]
 8001c92:	e8bd 41f0 	ldmia.w	sp!, {r4, r5, r6, r7, r8, lr}
 8001c96:	f000 b869 	b.w	8001d6c <_write_r>

08001c9a <__sseek>:
 8001c9a:	b510      	push	{r4, lr}
 8001c9c:	460c      	mov	r4, r1
 8001c9e:	f9b1 100e 	ldrsh.w	r1, [r1, #14]
 8001ca2:	f000 f9b5 	bl	8002010 <_lseek_r>
 8001ca6:	1c43      	adds	r3, r0, #1
 8001ca8:	89a3      	ldrh	r3, [r4, #12]
 8001caa:	bf15      	itete	ne
 8001cac:	6560      	strne	r0, [r4, #84]	; 0x54
 8001cae:	f423 5380 	biceq.w	r3, r3, #4096	; 0x1000
 8001cb2:	f443 5380 	orrne.w	r3, r3, #4096	; 0x1000
 8001cb6:	81a3      	strheq	r3, [r4, #12]
 8001cb8:	bf18      	it	ne
 8001cba:	81a3      	strhne	r3, [r4, #12]
 8001cbc:	bd10      	pop	{r4, pc}

08001cbe <__sclose>:
 8001cbe:	f9b1 100e 	ldrsh.w	r1, [r1, #14]
 8001cc2:	f000 b8d3 	b.w	8001e6c <_close_r>
	...

08001cc8 <__swbuf_r>:
 8001cc8:	b5f8      	push	{r3, r4, r5, r6, r7, lr}
 8001cca:	460e      	mov	r6, r1
 8001ccc:	4614      	mov	r4, r2
 8001cce:	4605      	mov	r5, r0
 8001cd0:	b118      	cbz	r0, 8001cda <__swbuf_r+0x12>
 8001cd2:	6983      	ldr	r3, [r0, #24]
 8001cd4:	b90b      	cbnz	r3, 8001cda <__swbuf_r+0x12>
 8001cd6:	f7ff fa5f 	bl	8001198 <__sinit>
 8001cda:	4b21      	ldr	r3, [pc, #132]	; (8001d60 <__swbuf_r+0x98>)
 8001cdc:	429c      	cmp	r4, r3
 8001cde:	d12b      	bne.n	8001d38 <__swbuf_r+0x70>
 8001ce0:	686c      	ldr	r4, [r5, #4]
 8001ce2:	69a3      	ldr	r3, [r4, #24]
 8001ce4:	60a3      	str	r3, [r4, #8]
 8001ce6:	89a3      	ldrh	r3, [r4, #12]
 8001ce8:	071a      	lsls	r2, r3, #28
 8001cea:	d52f      	bpl.n	8001d4c <__swbuf_r+0x84>
 8001cec:	6923      	ldr	r3, [r4, #16]
 8001cee:	b36b      	cbz	r3, 8001d4c <__swbuf_r+0x84>
 8001cf0:	6923      	ldr	r3, [r4, #16]
 8001cf2:	6820      	ldr	r0, [r4, #0]
 8001cf4:	b2f6      	uxtb	r6, r6
 8001cf6:	1ac0      	subs	r0, r0, r3
 8001cf8:	6963      	ldr	r3, [r4, #20]
 8001cfa:	4637      	mov	r7, r6
 8001cfc:	4283      	cmp	r3, r0
 8001cfe:	dc04      	bgt.n	8001d0a <__swbuf_r+0x42>
 8001d00:	4621      	mov	r1, r4
 8001d02:	4628      	mov	r0, r5
 8001d04:	f000 f948 	bl	8001f98 <_fflush_r>
 8001d08:	bb30      	cbnz	r0, 8001d58 <__swbuf_r+0x90>
 8001d0a:	68a3      	ldr	r3, [r4, #8]
 8001d0c:	3001      	adds	r0, #1
 8001d0e:	3b01      	subs	r3, #1
 8001d10:	60a3      	str	r3, [r4, #8]
 8001d12:	6823      	ldr	r3, [r4, #0]
 8001d14:	1c5a      	adds	r2, r3, #1
 8001d16:	6022      	str	r2, [r4, #0]
 8001d18:	701e      	strb	r6, [r3, #0]
 8001d1a:	6963      	ldr	r3, [r4, #20]
 8001d1c:	4283      	cmp	r3, r0
 8001d1e:	d004      	beq.n	8001d2a <__swbuf_r+0x62>
 8001d20:	89a3      	ldrh	r3, [r4, #12]
 8001d22:	07db      	lsls	r3, r3, #31
 8001d24:	d506      	bpl.n	8001d34 <__swbuf_r+0x6c>
 8001d26:	2e0a      	cmp	r6, #10
 8001d28:	d104      	bne.n	8001d34 <__swbuf_r+0x6c>
 8001d2a:	4621      	mov	r1, r4
 8001d2c:	4628      	mov	r0, r5
 8001d2e:	f000 f933 	bl	8001f98 <_fflush_r>
 8001d32:	b988      	cbnz	r0, 8001d58 <__swbuf_r+0x90>
 8001d34:	4638      	mov	r0, r7
 8001d36:	bdf8      	pop	{r3, r4, r5, r6, r7, pc}
 8001d38:	4b0a      	ldr	r3, [pc, #40]	; (8001d64 <__swbuf_r+0x9c>)
 8001d3a:	429c      	cmp	r4, r3
 8001d3c:	d101      	bne.n	8001d42 <__swbuf_r+0x7a>
 8001d3e:	68ac      	ldr	r4, [r5, #8]
 8001d40:	e7cf      	b.n	8001ce2 <__swbuf_r+0x1a>
 8001d42:	4b09      	ldr	r3, [pc, #36]	; (8001d68 <__swbuf_r+0xa0>)
 8001d44:	429c      	cmp	r4, r3
 8001d46:	bf08      	it	eq
 8001d48:	68ec      	ldreq	r4, [r5, #12]
 8001d4a:	e7ca      	b.n	8001ce2 <__swbuf_r+0x1a>
 8001d4c:	4621      	mov	r1, r4
 8001d4e:	4628      	mov	r0, r5
 8001d50:	f000 f81e 	bl	8001d90 <__swsetup_r>
 8001d54:	2800      	cmp	r0, #0
 8001d56:	d0cb      	beq.n	8001cf0 <__swbuf_r+0x28>
 8001d58:	f04f 37ff 	mov.w	r7, #4294967295
 8001d5c:	e7ea      	b.n	8001d34 <__swbuf_r+0x6c>
 8001d5e:	bf00      	nop
 8001d60:	080023d4 	.word	0x080023d4
 8001d64:	080023f4 	.word	0x080023f4
 8001d68:	080023b4 	.word	0x080023b4

08001d6c <_write_r>:
 8001d6c:	b538      	push	{r3, r4, r5, lr}
 8001d6e:	4604      	mov	r4, r0
 8001d70:	4608      	mov	r0, r1
 8001d72:	4611      	mov	r1, r2
 8001d74:	2200      	movs	r2, #0
 8001d76:	4d05      	ldr	r5, [pc, #20]	; (8001d8c <_write_r+0x20>)
 8001d78:	602a      	str	r2, [r5, #0]
 8001d7a:	461a      	mov	r2, r3
 8001d7c:	f7ff f95c 	bl	8001038 <_write>
 8001d80:	1c43      	adds	r3, r0, #1
 8001d82:	d102      	bne.n	8001d8a <_write_r+0x1e>
 8001d84:	682b      	ldr	r3, [r5, #0]
 8001d86:	b103      	cbz	r3, 8001d8a <_write_r+0x1e>
 8001d88:	6023      	str	r3, [r4, #0]
 8001d8a:	bd38      	pop	{r3, r4, r5, pc}
 8001d8c:	200008ac 	.word	0x200008ac

08001d90 <__swsetup_r>:
 8001d90:	4b32      	ldr	r3, [pc, #200]	; (8001e5c <__swsetup_r+0xcc>)
 8001d92:	b570      	push	{r4, r5, r6, lr}
 8001d94:	681d      	ldr	r5, [r3, #0]
 8001d96:	4606      	mov	r6, r0
 8001d98:	460c      	mov	r4, r1
 8001d9a:	b125      	cbz	r5, 8001da6 <__swsetup_r+0x16>
 8001d9c:	69ab      	ldr	r3, [r5, #24]
 8001d9e:	b913      	cbnz	r3, 8001da6 <__swsetup_r+0x16>
 8001da0:	4628      	mov	r0, r5
 8001da2:	f7ff f9f9 	bl	8001198 <__sinit>
 8001da6:	4b2e      	ldr	r3, [pc, #184]	; (8001e60 <__swsetup_r+0xd0>)
 8001da8:	429c      	cmp	r4, r3
 8001daa:	d10f      	bne.n	8001dcc <__swsetup_r+0x3c>
 8001dac:	686c      	ldr	r4, [r5, #4]
 8001dae:	89a3      	ldrh	r3, [r4, #12]
 8001db0:	f9b4 200c 	ldrsh.w	r2, [r4, #12]
 8001db4:	0719      	lsls	r1, r3, #28
 8001db6:	d42c      	bmi.n	8001e12 <__swsetup_r+0x82>
 8001db8:	06dd      	lsls	r5, r3, #27
 8001dba:	d411      	bmi.n	8001de0 <__swsetup_r+0x50>
 8001dbc:	2309      	movs	r3, #9
 8001dbe:	6033      	str	r3, [r6, #0]
 8001dc0:	f042 0340 	orr.w	r3, r2, #64	; 0x40
 8001dc4:	f04f 30ff 	mov.w	r0, #4294967295
 8001dc8:	81a3      	strh	r3, [r4, #12]
 8001dca:	e03e      	b.n	8001e4a <__swsetup_r+0xba>
 8001dcc:	4b25      	ldr	r3, [pc, #148]	; (8001e64 <__swsetup_r+0xd4>)
 8001dce:	429c      	cmp	r4, r3
 8001dd0:	d101      	bne.n	8001dd6 <__swsetup_r+0x46>
 8001dd2:	68ac      	ldr	r4, [r5, #8]
 8001dd4:	e7eb      	b.n	8001dae <__swsetup_r+0x1e>
 8001dd6:	4b24      	ldr	r3, [pc, #144]	; (8001e68 <__swsetup_r+0xd8>)
 8001dd8:	429c      	cmp	r4, r3
 8001dda:	bf08      	it	eq
 8001ddc:	68ec      	ldreq	r4, [r5, #12]
 8001dde:	e7e6      	b.n	8001dae <__swsetup_r+0x1e>
 8001de0:	0758      	lsls	r0, r3, #29
 8001de2:	d512      	bpl.n	8001e0a <__swsetup_r+0x7a>
 8001de4:	6b61      	ldr	r1, [r4, #52]	; 0x34
 8001de6:	b141      	cbz	r1, 8001dfa <__swsetup_r+0x6a>
 8001de8:	f104 0344 	add.w	r3, r4, #68	; 0x44
 8001dec:	4299      	cmp	r1, r3
 8001dee:	d002      	beq.n	8001df6 <__swsetup_r+0x66>
 8001df0:	4630      	mov	r0, r6
 8001df2:	f000 f9c5 	bl	8002180 <_free_r>
 8001df6:	2300      	movs	r3, #0
 8001df8:	6363      	str	r3, [r4, #52]	; 0x34
 8001dfa:	89a3      	ldrh	r3, [r4, #12]
 8001dfc:	f023 0324 	bic.w	r3, r3, #36	; 0x24
 8001e00:	81a3      	strh	r3, [r4, #12]
 8001e02:	2300      	movs	r3, #0
 8001e04:	6063      	str	r3, [r4, #4]
 8001e06:	6923      	ldr	r3, [r4, #16]
 8001e08:	6023      	str	r3, [r4, #0]
 8001e0a:	89a3      	ldrh	r3, [r4, #12]
 8001e0c:	f043 0308 	orr.w	r3, r3, #8
 8001e10:	81a3      	strh	r3, [r4, #12]
 8001e12:	6923      	ldr	r3, [r4, #16]
 8001e14:	b94b      	cbnz	r3, 8001e2a <__swsetup_r+0x9a>
 8001e16:	89a3      	ldrh	r3, [r4, #12]
 8001e18:	f403 7320 	and.w	r3, r3, #640	; 0x280
 8001e1c:	f5b3 7f00 	cmp.w	r3, #512	; 0x200
 8001e20:	d003      	beq.n	8001e2a <__swsetup_r+0x9a>
 8001e22:	4621      	mov	r1, r4
 8001e24:	4630      	mov	r0, r6
 8001e26:	f000 f929 	bl	800207c <__smakebuf_r>
 8001e2a:	89a0      	ldrh	r0, [r4, #12]
 8001e2c:	f9b4 200c 	ldrsh.w	r2, [r4, #12]
 8001e30:	f010 0301 	ands.w	r3, r0, #1
 8001e34:	d00a      	beq.n	8001e4c <__swsetup_r+0xbc>
 8001e36:	2300      	movs	r3, #0
 8001e38:	60a3      	str	r3, [r4, #8]
 8001e3a:	6963      	ldr	r3, [r4, #20]
 8001e3c:	425b      	negs	r3, r3
 8001e3e:	61a3      	str	r3, [r4, #24]
 8001e40:	6923      	ldr	r3, [r4, #16]
 8001e42:	b943      	cbnz	r3, 8001e56 <__swsetup_r+0xc6>
 8001e44:	f010 0080 	ands.w	r0, r0, #128	; 0x80
 8001e48:	d1ba      	bne.n	8001dc0 <__swsetup_r+0x30>
 8001e4a:	bd70      	pop	{r4, r5, r6, pc}
 8001e4c:	0781      	lsls	r1, r0, #30
 8001e4e:	bf58      	it	pl
 8001e50:	6963      	ldrpl	r3, [r4, #20]
 8001e52:	60a3      	str	r3, [r4, #8]
 8001e54:	e7f4      	b.n	8001e40 <__swsetup_r+0xb0>
 8001e56:	2000      	movs	r0, #0
 8001e58:	e7f7      	b.n	8001e4a <__swsetup_r+0xba>
 8001e5a:	bf00      	nop
 8001e5c:	20000028 	.word	0x20000028
 8001e60:	080023d4 	.word	0x080023d4
 8001e64:	080023f4 	.word	0x080023f4
 8001e68:	080023b4 	.word	0x080023b4

08001e6c <_close_r>:
 8001e6c:	b538      	push	{r3, r4, r5, lr}
 8001e6e:	2300      	movs	r3, #0
 8001e70:	4d05      	ldr	r5, [pc, #20]	; (8001e88 <_close_r+0x1c>)
 8001e72:	4604      	mov	r4, r0
 8001e74:	4608      	mov	r0, r1
 8001e76:	602b      	str	r3, [r5, #0]
 8001e78:	f000 fa30 	bl	80022dc <_close>
 8001e7c:	1c43      	adds	r3, r0, #1
 8001e7e:	d102      	bne.n	8001e86 <_close_r+0x1a>
 8001e80:	682b      	ldr	r3, [r5, #0]
 8001e82:	b103      	cbz	r3, 8001e86 <_close_r+0x1a>
 8001e84:	6023      	str	r3, [r4, #0]
 8001e86:	bd38      	pop	{r3, r4, r5, pc}
 8001e88:	200008ac 	.word	0x200008ac

08001e8c <__sflush_r>:
 8001e8c:	898a      	ldrh	r2, [r1, #12]
 8001e8e:	e92d 41f0 	stmdb	sp!, {r4, r5, r6, r7, r8, lr}
 8001e92:	4605      	mov	r5, r0
 8001e94:	0710      	lsls	r0, r2, #28
 8001e96:	460c      	mov	r4, r1
 8001e98:	d458      	bmi.n	8001f4c <__sflush_r+0xc0>
 8001e9a:	684b      	ldr	r3, [r1, #4]
 8001e9c:	2b00      	cmp	r3, #0
 8001e9e:	dc05      	bgt.n	8001eac <__sflush_r+0x20>
 8001ea0:	6c0b      	ldr	r3, [r1, #64]	; 0x40
 8001ea2:	2b00      	cmp	r3, #0
 8001ea4:	dc02      	bgt.n	8001eac <__sflush_r+0x20>
 8001ea6:	2000      	movs	r0, #0
 8001ea8:	e8bd 81f0 	ldmia.w	sp!, {r4, r5, r6, r7, r8, pc}
 8001eac:	6ae6      	ldr	r6, [r4, #44]	; 0x2c
 8001eae:	2e00      	cmp	r6, #0
 8001eb0:	d0f9      	beq.n	8001ea6 <__sflush_r+0x1a>
 8001eb2:	2300      	movs	r3, #0
 8001eb4:	f412 5280 	ands.w	r2, r2, #4096	; 0x1000
 8001eb8:	682f      	ldr	r7, [r5, #0]
 8001eba:	602b      	str	r3, [r5, #0]
 8001ebc:	d032      	beq.n	8001f24 <__sflush_r+0x98>
 8001ebe:	6d60      	ldr	r0, [r4, #84]	; 0x54
 8001ec0:	89a3      	ldrh	r3, [r4, #12]
 8001ec2:	075a      	lsls	r2, r3, #29
 8001ec4:	d505      	bpl.n	8001ed2 <__sflush_r+0x46>
 8001ec6:	6863      	ldr	r3, [r4, #4]
 8001ec8:	1ac0      	subs	r0, r0, r3
 8001eca:	6b63      	ldr	r3, [r4, #52]	; 0x34
 8001ecc:	b10b      	cbz	r3, 8001ed2 <__sflush_r+0x46>
 8001ece:	6c23      	ldr	r3, [r4, #64]	; 0x40
 8001ed0:	1ac0      	subs	r0, r0, r3
 8001ed2:	2300      	movs	r3, #0
 8001ed4:	4602      	mov	r2, r0
 8001ed6:	6ae6      	ldr	r6, [r4, #44]	; 0x2c
 8001ed8:	4628      	mov	r0, r5
 8001eda:	6a21      	ldr	r1, [r4, #32]
 8001edc:	47b0      	blx	r6
 8001ede:	1c43      	adds	r3, r0, #1
 8001ee0:	89a3      	ldrh	r3, [r4, #12]
 8001ee2:	d106      	bne.n	8001ef2 <__sflush_r+0x66>
 8001ee4:	6829      	ldr	r1, [r5, #0]
 8001ee6:	291d      	cmp	r1, #29
 8001ee8:	d82c      	bhi.n	8001f44 <__sflush_r+0xb8>
 8001eea:	4a2a      	ldr	r2, [pc, #168]	; (8001f94 <__sflush_r+0x108>)
 8001eec:	40ca      	lsrs	r2, r1
 8001eee:	07d6      	lsls	r6, r2, #31
 8001ef0:	d528      	bpl.n	8001f44 <__sflush_r+0xb8>
 8001ef2:	2200      	movs	r2, #0
 8001ef4:	6062      	str	r2, [r4, #4]
 8001ef6:	6922      	ldr	r2, [r4, #16]
 8001ef8:	04d9      	lsls	r1, r3, #19
 8001efa:	6022      	str	r2, [r4, #0]
 8001efc:	d504      	bpl.n	8001f08 <__sflush_r+0x7c>
 8001efe:	1c42      	adds	r2, r0, #1
 8001f00:	d101      	bne.n	8001f06 <__sflush_r+0x7a>
 8001f02:	682b      	ldr	r3, [r5, #0]
 8001f04:	b903      	cbnz	r3, 8001f08 <__sflush_r+0x7c>
 8001f06:	6560      	str	r0, [r4, #84]	; 0x54
 8001f08:	6b61      	ldr	r1, [r4, #52]	; 0x34
 8001f0a:	602f      	str	r7, [r5, #0]
 8001f0c:	2900      	cmp	r1, #0
 8001f0e:	d0ca      	beq.n	8001ea6 <__sflush_r+0x1a>
 8001f10:	f104 0344 	add.w	r3, r4, #68	; 0x44
 8001f14:	4299      	cmp	r1, r3
 8001f16:	d002      	beq.n	8001f1e <__sflush_r+0x92>
 8001f18:	4628      	mov	r0, r5
 8001f1a:	f000 f931 	bl	8002180 <_free_r>
 8001f1e:	2000      	movs	r0, #0
 8001f20:	6360      	str	r0, [r4, #52]	; 0x34
 8001f22:	e7c1      	b.n	8001ea8 <__sflush_r+0x1c>
 8001f24:	6a21      	ldr	r1, [r4, #32]
 8001f26:	2301      	movs	r3, #1
 8001f28:	4628      	mov	r0, r5
 8001f2a:	47b0      	blx	r6
 8001f2c:	1c41      	adds	r1, r0, #1
 8001f2e:	d1c7      	bne.n	8001ec0 <__sflush_r+0x34>
 8001f30:	682b      	ldr	r3, [r5, #0]
 8001f32:	2b00      	cmp	r3, #0
 8001f34:	d0c4      	beq.n	8001ec0 <__sflush_r+0x34>
 8001f36:	2b1d      	cmp	r3, #29
 8001f38:	d001      	beq.n	8001f3e <__sflush_r+0xb2>
 8001f3a:	2b16      	cmp	r3, #22
 8001f3c:	d101      	bne.n	8001f42 <__sflush_r+0xb6>
 8001f3e:	602f      	str	r7, [r5, #0]
 8001f40:	e7b1      	b.n	8001ea6 <__sflush_r+0x1a>
 8001f42:	89a3      	ldrh	r3, [r4, #12]
 8001f44:	f043 0340 	orr.w	r3, r3, #64	; 0x40
 8001f48:	81a3      	strh	r3, [r4, #12]
 8001f4a:	e7ad      	b.n	8001ea8 <__sflush_r+0x1c>
 8001f4c:	690f      	ldr	r7, [r1, #16]
 8001f4e:	2f00      	cmp	r7, #0
 8001f50:	d0a9      	beq.n	8001ea6 <__sflush_r+0x1a>
 8001f52:	0793      	lsls	r3, r2, #30
 8001f54:	bf18      	it	ne
 8001f56:	2300      	movne	r3, #0
 8001f58:	680e      	ldr	r6, [r1, #0]
 8001f5a:	bf08      	it	eq
 8001f5c:	694b      	ldreq	r3, [r1, #20]
 8001f5e:	eba6 0807 	sub.w	r8, r6, r7
 8001f62:	600f      	str	r7, [r1, #0]
 8001f64:	608b      	str	r3, [r1, #8]
 8001f66:	f1b8 0f00 	cmp.w	r8, #0
 8001f6a:	dd9c      	ble.n	8001ea6 <__sflush_r+0x1a>
 8001f6c:	4643      	mov	r3, r8
 8001f6e:	463a      	mov	r2, r7
 8001f70:	4628      	mov	r0, r5
 8001f72:	6a21      	ldr	r1, [r4, #32]
 8001f74:	6aa6      	ldr	r6, [r4, #40]	; 0x28
 8001f76:	47b0      	blx	r6
 8001f78:	2800      	cmp	r0, #0
 8001f7a:	dc06      	bgt.n	8001f8a <__sflush_r+0xfe>
 8001f7c:	89a3      	ldrh	r3, [r4, #12]
 8001f7e:	f04f 30ff 	mov.w	r0, #4294967295
 8001f82:	f043 0340 	orr.w	r3, r3, #64	; 0x40
 8001f86:	81a3      	strh	r3, [r4, #12]
 8001f88:	e78e      	b.n	8001ea8 <__sflush_r+0x1c>
 8001f8a:	4407      	add	r7, r0
 8001f8c:	eba8 0800 	sub.w	r8, r8, r0
 8001f90:	e7e9      	b.n	8001f66 <__sflush_r+0xda>
 8001f92:	bf00      	nop
 8001f94:	20400001 	.word	0x20400001

08001f98 <_fflush_r>:
 8001f98:	b538      	push	{r3, r4, r5, lr}
 8001f9a:	690b      	ldr	r3, [r1, #16]
 8001f9c:	4605      	mov	r5, r0
 8001f9e:	460c      	mov	r4, r1
 8001fa0:	b913      	cbnz	r3, 8001fa8 <_fflush_r+0x10>
 8001fa2:	2500      	movs	r5, #0
 8001fa4:	4628      	mov	r0, r5
 8001fa6:	bd38      	pop	{r3, r4, r5, pc}
 8001fa8:	b118      	cbz	r0, 8001fb2 <_fflush_r+0x1a>
 8001faa:	6983      	ldr	r3, [r0, #24]
 8001fac:	b90b      	cbnz	r3, 8001fb2 <_fflush_r+0x1a>
 8001fae:	f7ff f8f3 	bl	8001198 <__sinit>
 8001fb2:	4b14      	ldr	r3, [pc, #80]	; (8002004 <_fflush_r+0x6c>)
 8001fb4:	429c      	cmp	r4, r3
 8001fb6:	d11b      	bne.n	8001ff0 <_fflush_r+0x58>
 8001fb8:	686c      	ldr	r4, [r5, #4]
 8001fba:	f9b4 300c 	ldrsh.w	r3, [r4, #12]
 8001fbe:	2b00      	cmp	r3, #0
 8001fc0:	d0ef      	beq.n	8001fa2 <_fflush_r+0xa>
 8001fc2:	6e62      	ldr	r2, [r4, #100]	; 0x64
 8001fc4:	07d0      	lsls	r0, r2, #31
 8001fc6:	d404      	bmi.n	8001fd2 <_fflush_r+0x3a>
 8001fc8:	0599      	lsls	r1, r3, #22
 8001fca:	d402      	bmi.n	8001fd2 <_fflush_r+0x3a>
 8001fcc:	6da0      	ldr	r0, [r4, #88]	; 0x58
 8001fce:	f7ff f981 	bl	80012d4 <__retarget_lock_acquire_recursive>
 8001fd2:	4628      	mov	r0, r5
 8001fd4:	4621      	mov	r1, r4
 8001fd6:	f7ff ff59 	bl	8001e8c <__sflush_r>
 8001fda:	6e63      	ldr	r3, [r4, #100]	; 0x64
 8001fdc:	4605      	mov	r5, r0
 8001fde:	07da      	lsls	r2, r3, #31
 8001fe0:	d4e0      	bmi.n	8001fa4 <_fflush_r+0xc>
 8001fe2:	89a3      	ldrh	r3, [r4, #12]
 8001fe4:	059b      	lsls	r3, r3, #22
 8001fe6:	d4dd      	bmi.n	8001fa4 <_fflush_r+0xc>
 8001fe8:	6da0      	ldr	r0, [r4, #88]	; 0x58
 8001fea:	f7ff f974 	bl	80012d6 <__retarget_lock_release_recursive>
 8001fee:	e7d9      	b.n	8001fa4 <_fflush_r+0xc>
 8001ff0:	4b05      	ldr	r3, [pc, #20]	; (8002008 <_fflush_r+0x70>)
 8001ff2:	429c      	cmp	r4, r3
 8001ff4:	d101      	bne.n	8001ffa <_fflush_r+0x62>
 8001ff6:	68ac      	ldr	r4, [r5, #8]
 8001ff8:	e7df      	b.n	8001fba <_fflush_r+0x22>
 8001ffa:	4b04      	ldr	r3, [pc, #16]	; (800200c <_fflush_r+0x74>)
 8001ffc:	429c      	cmp	r4, r3
 8001ffe:	bf08      	it	eq
 8002000:	68ec      	ldreq	r4, [r5, #12]
 8002002:	e7da      	b.n	8001fba <_fflush_r+0x22>
 8002004:	080023d4 	.word	0x080023d4
 8002008:	080023f4 	.word	0x080023f4
 800200c:	080023b4 	.word	0x080023b4

08002010 <_lseek_r>:
 8002010:	b538      	push	{r3, r4, r5, lr}
 8002012:	4604      	mov	r4, r0
 8002014:	4608      	mov	r0, r1
 8002016:	4611      	mov	r1, r2
 8002018:	2200      	movs	r2, #0
 800201a:	4d05      	ldr	r5, [pc, #20]	; (8002030 <_lseek_r+0x20>)
 800201c:	602a      	str	r2, [r5, #0]
 800201e:	461a      	mov	r2, r3
 8002020:	f000 f974 	bl	800230c <_lseek>
 8002024:	1c43      	adds	r3, r0, #1
 8002026:	d102      	bne.n	800202e <_lseek_r+0x1e>
 8002028:	682b      	ldr	r3, [r5, #0]
 800202a:	b103      	cbz	r3, 800202e <_lseek_r+0x1e>
 800202c:	6023      	str	r3, [r4, #0]
 800202e:	bd38      	pop	{r3, r4, r5, pc}
 8002030:	200008ac 	.word	0x200008ac

08002034 <__swhatbuf_r>:
 8002034:	b570      	push	{r4, r5, r6, lr}
 8002036:	460e      	mov	r6, r1
 8002038:	f9b1 100e 	ldrsh.w	r1, [r1, #14]
 800203c:	4614      	mov	r4, r2
 800203e:	2900      	cmp	r1, #0
 8002040:	461d      	mov	r5, r3
 8002042:	b096      	sub	sp, #88	; 0x58
 8002044:	da07      	bge.n	8002056 <__swhatbuf_r+0x22>
 8002046:	2300      	movs	r3, #0
 8002048:	602b      	str	r3, [r5, #0]
 800204a:	89b3      	ldrh	r3, [r6, #12]
 800204c:	061a      	lsls	r2, r3, #24
 800204e:	d410      	bmi.n	8002072 <__swhatbuf_r+0x3e>
 8002050:	f44f 6380 	mov.w	r3, #1024	; 0x400
 8002054:	e00e      	b.n	8002074 <__swhatbuf_r+0x40>
 8002056:	466a      	mov	r2, sp
 8002058:	f000 f916 	bl	8002288 <_fstat_r>
 800205c:	2800      	cmp	r0, #0
 800205e:	dbf2      	blt.n	8002046 <__swhatbuf_r+0x12>
 8002060:	9a01      	ldr	r2, [sp, #4]
 8002062:	f402 4270 	and.w	r2, r2, #61440	; 0xf000
 8002066:	f5a2 5300 	sub.w	r3, r2, #8192	; 0x2000
 800206a:	425a      	negs	r2, r3
 800206c:	415a      	adcs	r2, r3
 800206e:	602a      	str	r2, [r5, #0]
 8002070:	e7ee      	b.n	8002050 <__swhatbuf_r+0x1c>
 8002072:	2340      	movs	r3, #64	; 0x40
 8002074:	2000      	movs	r0, #0
 8002076:	6023      	str	r3, [r4, #0]
 8002078:	b016      	add	sp, #88	; 0x58
 800207a:	bd70      	pop	{r4, r5, r6, pc}

0800207c <__smakebuf_r>:
 800207c:	898b      	ldrh	r3, [r1, #12]
 800207e:	b573      	push	{r0, r1, r4, r5, r6, lr}
 8002080:	079d      	lsls	r5, r3, #30
 8002082:	4606      	mov	r6, r0
 8002084:	460c      	mov	r4, r1
 8002086:	d507      	bpl.n	8002098 <__smakebuf_r+0x1c>
 8002088:	f104 0347 	add.w	r3, r4, #71	; 0x47
 800208c:	6023      	str	r3, [r4, #0]
 800208e:	6123      	str	r3, [r4, #16]
 8002090:	2301      	movs	r3, #1
 8002092:	6163      	str	r3, [r4, #20]
 8002094:	b002      	add	sp, #8
 8002096:	bd70      	pop	{r4, r5, r6, pc}
 8002098:	466a      	mov	r2, sp
 800209a:	ab01      	add	r3, sp, #4
 800209c:	f7ff ffca 	bl	8002034 <__swhatbuf_r>
 80020a0:	9900      	ldr	r1, [sp, #0]
 80020a2:	4605      	mov	r5, r0
 80020a4:	4630      	mov	r0, r6
 80020a6:	f7ff f917 	bl	80012d8 <_malloc_r>
 80020aa:	b948      	cbnz	r0, 80020c0 <__smakebuf_r+0x44>
 80020ac:	f9b4 300c 	ldrsh.w	r3, [r4, #12]
 80020b0:	059a      	lsls	r2, r3, #22
 80020b2:	d4ef      	bmi.n	8002094 <__smakebuf_r+0x18>
 80020b4:	f023 0303 	bic.w	r3, r3, #3
 80020b8:	f043 0302 	orr.w	r3, r3, #2
 80020bc:	81a3      	strh	r3, [r4, #12]
 80020be:	e7e3      	b.n	8002088 <__smakebuf_r+0xc>
 80020c0:	4b0d      	ldr	r3, [pc, #52]	; (80020f8 <__smakebuf_r+0x7c>)
 80020c2:	62b3      	str	r3, [r6, #40]	; 0x28
 80020c4:	89a3      	ldrh	r3, [r4, #12]
 80020c6:	6020      	str	r0, [r4, #0]
 80020c8:	f043 0380 	orr.w	r3, r3, #128	; 0x80
 80020cc:	81a3      	strh	r3, [r4, #12]
 80020ce:	9b00      	ldr	r3, [sp, #0]
 80020d0:	6120      	str	r0, [r4, #16]
 80020d2:	6163      	str	r3, [r4, #20]
 80020d4:	9b01      	ldr	r3, [sp, #4]
 80020d6:	b15b      	cbz	r3, 80020f0 <__smakebuf_r+0x74>
 80020d8:	4630      	mov	r0, r6
 80020da:	f9b4 100e 	ldrsh.w	r1, [r4, #14]
 80020de:	f000 f8e5 	bl	80022ac <_isatty_r>
 80020e2:	b128      	cbz	r0, 80020f0 <__smakebuf_r+0x74>
 80020e4:	89a3      	ldrh	r3, [r4, #12]
 80020e6:	f023 0303 	bic.w	r3, r3, #3
 80020ea:	f043 0301 	orr.w	r3, r3, #1
 80020ee:	81a3      	strh	r3, [r4, #12]
 80020f0:	89a0      	ldrh	r0, [r4, #12]
 80020f2:	4305      	orrs	r5, r0
 80020f4:	81a5      	strh	r5, [r4, #12]
 80020f6:	e7cd      	b.n	8002094 <__smakebuf_r+0x18>
 80020f8:	08001131 	.word	0x08001131

080020fc <memchr>:
 80020fc:	4603      	mov	r3, r0
 80020fe:	b510      	push	{r4, lr}
 8002100:	b2c9      	uxtb	r1, r1
 8002102:	4402      	add	r2, r0
 8002104:	4293      	cmp	r3, r2
 8002106:	4618      	mov	r0, r3
 8002108:	d101      	bne.n	800210e <memchr+0x12>
 800210a:	2000      	movs	r0, #0
 800210c:	e003      	b.n	8002116 <memchr+0x1a>
 800210e:	7804      	ldrb	r4, [r0, #0]
 8002110:	3301      	adds	r3, #1
 8002112:	428c      	cmp	r4, r1
 8002114:	d1f6      	bne.n	8002104 <memchr+0x8>
 8002116:	bd10      	pop	{r4, pc}

08002118 <memcpy>:
 8002118:	440a      	add	r2, r1
 800211a:	4291      	cmp	r1, r2
 800211c:	f100 33ff 	add.w	r3, r0, #4294967295
 8002120:	d100      	bne.n	8002124 <memcpy+0xc>
 8002122:	4770      	bx	lr
 8002124:	b510      	push	{r4, lr}
 8002126:	f811 4b01 	ldrb.w	r4, [r1], #1
 800212a:	4291      	cmp	r1, r2
 800212c:	f803 4f01 	strb.w	r4, [r3, #1]!
 8002130:	d1f9      	bne.n	8002126 <memcpy+0xe>
 8002132:	bd10      	pop	{r4, pc}

08002134 <memmove>:
 8002134:	4288      	cmp	r0, r1
 8002136:	b510      	push	{r4, lr}
 8002138:	eb01 0402 	add.w	r4, r1, r2
 800213c:	d902      	bls.n	8002144 <memmove+0x10>
 800213e:	4284      	cmp	r4, r0
 8002140:	4623      	mov	r3, r4
 8002142:	d807      	bhi.n	8002154 <memmove+0x20>
 8002144:	1e43      	subs	r3, r0, #1
 8002146:	42a1      	cmp	r1, r4
 8002148:	d008      	beq.n	800215c <memmove+0x28>
 800214a:	f811 2b01 	ldrb.w	r2, [r1], #1
 800214e:	f803 2f01 	strb.w	r2, [r3, #1]!
 8002152:	e7f8      	b.n	8002146 <memmove+0x12>
 8002154:	4601      	mov	r1, r0
 8002156:	4402      	add	r2, r0
 8002158:	428a      	cmp	r2, r1
 800215a:	d100      	bne.n	800215e <memmove+0x2a>
 800215c:	bd10      	pop	{r4, pc}
 800215e:	f813 4d01 	ldrb.w	r4, [r3, #-1]!
 8002162:	f802 4d01 	strb.w	r4, [r2, #-1]!
 8002166:	e7f7      	b.n	8002158 <memmove+0x24>

08002168 <__malloc_lock>:
 8002168:	4801      	ldr	r0, [pc, #4]	; (8002170 <__malloc_lock+0x8>)
 800216a:	f7ff b8b3 	b.w	80012d4 <__retarget_lock_acquire_recursive>
 800216e:	bf00      	nop
 8002170:	200008a4 	.word	0x200008a4

08002174 <__malloc_unlock>:
 8002174:	4801      	ldr	r0, [pc, #4]	; (800217c <__malloc_unlock+0x8>)
 8002176:	f7ff b8ae 	b.w	80012d6 <__retarget_lock_release_recursive>
 800217a:	bf00      	nop
 800217c:	200008a4 	.word	0x200008a4

08002180 <_free_r>:
 8002180:	b538      	push	{r3, r4, r5, lr}
 8002182:	4605      	mov	r5, r0
 8002184:	2900      	cmp	r1, #0
 8002186:	d043      	beq.n	8002210 <_free_r+0x90>
 8002188:	f851 3c04 	ldr.w	r3, [r1, #-4]
 800218c:	1f0c      	subs	r4, r1, #4
 800218e:	2b00      	cmp	r3, #0
 8002190:	bfb8      	it	lt
 8002192:	18e4      	addlt	r4, r4, r3
 8002194:	f7ff ffe8 	bl	8002168 <__malloc_lock>
 8002198:	4a1e      	ldr	r2, [pc, #120]	; (8002214 <_free_r+0x94>)
 800219a:	6813      	ldr	r3, [r2, #0]
 800219c:	4610      	mov	r0, r2
 800219e:	b933      	cbnz	r3, 80021ae <_free_r+0x2e>
 80021a0:	6063      	str	r3, [r4, #4]
 80021a2:	6014      	str	r4, [r2, #0]
 80021a4:	4628      	mov	r0, r5
 80021a6:	e8bd 4038 	ldmia.w	sp!, {r3, r4, r5, lr}
 80021aa:	f7ff bfe3 	b.w	8002174 <__malloc_unlock>
 80021ae:	42a3      	cmp	r3, r4
 80021b0:	d90a      	bls.n	80021c8 <_free_r+0x48>
 80021b2:	6821      	ldr	r1, [r4, #0]
 80021b4:	1862      	adds	r2, r4, r1
 80021b6:	4293      	cmp	r3, r2
 80021b8:	bf01      	itttt	eq
 80021ba:	681a      	ldreq	r2, [r3, #0]
 80021bc:	685b      	ldreq	r3, [r3, #4]
 80021be:	1852      	addeq	r2, r2, r1
 80021c0:	6022      	streq	r2, [r4, #0]
 80021c2:	6063      	str	r3, [r4, #4]
 80021c4:	6004      	str	r4, [r0, #0]
 80021c6:	e7ed      	b.n	80021a4 <_free_r+0x24>
 80021c8:	461a      	mov	r2, r3
 80021ca:	685b      	ldr	r3, [r3, #4]
 80021cc:	b10b      	cbz	r3, 80021d2 <_free_r+0x52>
 80021ce:	42a3      	cmp	r3, r4
 80021d0:	d9fa      	bls.n	80021c8 <_free_r+0x48>
 80021d2:	6811      	ldr	r1, [r2, #0]
 80021d4:	1850      	adds	r0, r2, r1
 80021d6:	42a0      	cmp	r0, r4
 80021d8:	d10b      	bne.n	80021f2 <_free_r+0x72>
 80021da:	6820      	ldr	r0, [r4, #0]
 80021dc:	4401      	add	r1, r0
 80021de:	1850      	adds	r0, r2, r1
 80021e0:	4283      	cmp	r3, r0
 80021e2:	6011      	str	r1, [r2, #0]
 80021e4:	d1de      	bne.n	80021a4 <_free_r+0x24>
 80021e6:	6818      	ldr	r0, [r3, #0]
 80021e8:	685b      	ldr	r3, [r3, #4]
 80021ea:	4401      	add	r1, r0
 80021ec:	6011      	str	r1, [r2, #0]
 80021ee:	6053      	str	r3, [r2, #4]
 80021f0:	e7d8      	b.n	80021a4 <_free_r+0x24>
 80021f2:	d902      	bls.n	80021fa <_free_r+0x7a>
 80021f4:	230c      	movs	r3, #12
 80021f6:	602b      	str	r3, [r5, #0]
 80021f8:	e7d4      	b.n	80021a4 <_free_r+0x24>
 80021fa:	6820      	ldr	r0, [r4, #0]
 80021fc:	1821      	adds	r1, r4, r0
 80021fe:	428b      	cmp	r3, r1
 8002200:	bf01      	itttt	eq
 8002202:	6819      	ldreq	r1, [r3, #0]
 8002204:	685b      	ldreq	r3, [r3, #4]
 8002206:	1809      	addeq	r1, r1, r0
 8002208:	6021      	streq	r1, [r4, #0]
 800220a:	6063      	str	r3, [r4, #4]
 800220c:	6054      	str	r4, [r2, #4]
 800220e:	e7c9      	b.n	80021a4 <_free_r+0x24>
 8002210:	bd38      	pop	{r3, r4, r5, pc}
 8002212:	bf00      	nop
 8002214:	20000894 	.word	0x20000894

08002218 <_realloc_r>:
 8002218:	b5f8      	push	{r3, r4, r5, r6, r7, lr}
 800221a:	4607      	mov	r7, r0
 800221c:	4614      	mov	r4, r2
 800221e:	460e      	mov	r6, r1
 8002220:	b921      	cbnz	r1, 800222c <_realloc_r+0x14>
 8002222:	4611      	mov	r1, r2
 8002224:	e8bd 40f8 	ldmia.w	sp!, {r3, r4, r5, r6, r7, lr}
 8002228:	f7ff b856 	b.w	80012d8 <_malloc_r>
 800222c:	b922      	cbnz	r2, 8002238 <_realloc_r+0x20>
 800222e:	f7ff ffa7 	bl	8002180 <_free_r>
 8002232:	4625      	mov	r5, r4
 8002234:	4628      	mov	r0, r5
 8002236:	bdf8      	pop	{r3, r4, r5, r6, r7, pc}
 8002238:	f000 f848 	bl	80022cc <_malloc_usable_size_r>
 800223c:	42a0      	cmp	r0, r4
 800223e:	d20f      	bcs.n	8002260 <_realloc_r+0x48>
 8002240:	4621      	mov	r1, r4
 8002242:	4638      	mov	r0, r7
 8002244:	f7ff f848 	bl	80012d8 <_malloc_r>
 8002248:	4605      	mov	r5, r0
 800224a:	2800      	cmp	r0, #0
 800224c:	d0f2      	beq.n	8002234 <_realloc_r+0x1c>
 800224e:	4631      	mov	r1, r6
 8002250:	4622      	mov	r2, r4
 8002252:	f7ff ff61 	bl	8002118 <memcpy>
 8002256:	4631      	mov	r1, r6
 8002258:	4638      	mov	r0, r7
 800225a:	f7ff ff91 	bl	8002180 <_free_r>
 800225e:	e7e9      	b.n	8002234 <_realloc_r+0x1c>
 8002260:	4635      	mov	r5, r6
 8002262:	e7e7      	b.n	8002234 <_realloc_r+0x1c>

08002264 <_read_r>:
 8002264:	b538      	push	{r3, r4, r5, lr}
 8002266:	4604      	mov	r4, r0
 8002268:	4608      	mov	r0, r1
 800226a:	4611      	mov	r1, r2
 800226c:	2200      	movs	r2, #0
 800226e:	4d05      	ldr	r5, [pc, #20]	; (8002284 <_read_r+0x20>)
 8002270:	602a      	str	r2, [r5, #0]
 8002272:	461a      	mov	r2, r3
 8002274:	f000 f852 	bl	800231c <_read>
 8002278:	1c43      	adds	r3, r0, #1
 800227a:	d102      	bne.n	8002282 <_read_r+0x1e>
 800227c:	682b      	ldr	r3, [r5, #0]
 800227e:	b103      	cbz	r3, 8002282 <_read_r+0x1e>
 8002280:	6023      	str	r3, [r4, #0]
 8002282:	bd38      	pop	{r3, r4, r5, pc}
 8002284:	200008ac 	.word	0x200008ac

08002288 <_fstat_r>:
 8002288:	b538      	push	{r3, r4, r5, lr}
 800228a:	2300      	movs	r3, #0
 800228c:	4d06      	ldr	r5, [pc, #24]	; (80022a8 <_fstat_r+0x20>)
 800228e:	4604      	mov	r4, r0
 8002290:	4608      	mov	r0, r1
 8002292:	4611      	mov	r1, r2
 8002294:	602b      	str	r3, [r5, #0]
 8002296:	f000 f829 	bl	80022ec <_fstat>
 800229a:	1c43      	adds	r3, r0, #1
 800229c:	d102      	bne.n	80022a4 <_fstat_r+0x1c>
 800229e:	682b      	ldr	r3, [r5, #0]
 80022a0:	b103      	cbz	r3, 80022a4 <_fstat_r+0x1c>
 80022a2:	6023      	str	r3, [r4, #0]
 80022a4:	bd38      	pop	{r3, r4, r5, pc}
 80022a6:	bf00      	nop
 80022a8:	200008ac 	.word	0x200008ac

080022ac <_isatty_r>:
 80022ac:	b538      	push	{r3, r4, r5, lr}
 80022ae:	2300      	movs	r3, #0
 80022b0:	4d05      	ldr	r5, [pc, #20]	; (80022c8 <_isatty_r+0x1c>)
 80022b2:	4604      	mov	r4, r0
 80022b4:	4608      	mov	r0, r1
 80022b6:	602b      	str	r3, [r5, #0]
 80022b8:	f000 f820 	bl	80022fc <_isatty>
 80022bc:	1c43      	adds	r3, r0, #1
 80022be:	d102      	bne.n	80022c6 <_isatty_r+0x1a>
 80022c0:	682b      	ldr	r3, [r5, #0]
 80022c2:	b103      	cbz	r3, 80022c6 <_isatty_r+0x1a>
 80022c4:	6023      	str	r3, [r4, #0]
 80022c6:	bd38      	pop	{r3, r4, r5, pc}
 80022c8:	200008ac 	.word	0x200008ac

080022cc <_malloc_usable_size_r>:
 80022cc:	f851 3c04 	ldr.w	r3, [r1, #-4]
 80022d0:	1f18      	subs	r0, r3, #4
 80022d2:	2b00      	cmp	r3, #0
 80022d4:	bfbc      	itt	lt
 80022d6:	580b      	ldrlt	r3, [r1, r0]
 80022d8:	18c0      	addlt	r0, r0, r3
 80022da:	4770      	bx	lr

080022dc <_close>:
 80022dc:	2258      	movs	r2, #88	; 0x58
 80022de:	4b02      	ldr	r3, [pc, #8]	; (80022e8 <_close+0xc>)
 80022e0:	f04f 30ff 	mov.w	r0, #4294967295
 80022e4:	601a      	str	r2, [r3, #0]
 80022e6:	4770      	bx	lr
 80022e8:	200008ac 	.word	0x200008ac

080022ec <_fstat>:
 80022ec:	2258      	movs	r2, #88	; 0x58
 80022ee:	4b02      	ldr	r3, [pc, #8]	; (80022f8 <_fstat+0xc>)
 80022f0:	f04f 30ff 	mov.w	r0, #4294967295
 80022f4:	601a      	str	r2, [r3, #0]
 80022f6:	4770      	bx	lr
 80022f8:	200008ac 	.word	0x200008ac

080022fc <_isatty>:
 80022fc:	2258      	movs	r2, #88	; 0x58
 80022fe:	4b02      	ldr	r3, [pc, #8]	; (8002308 <_isatty+0xc>)
 8002300:	2000      	movs	r0, #0
 8002302:	601a      	str	r2, [r3, #0]
 8002304:	4770      	bx	lr
 8002306:	bf00      	nop
 8002308:	200008ac 	.word	0x200008ac

0800230c <_lseek>:
 800230c:	2258      	movs	r2, #88	; 0x58
 800230e:	4b02      	ldr	r3, [pc, #8]	; (8002318 <_lseek+0xc>)
 8002310:	f04f 30ff 	mov.w	r0, #4294967295
 8002314:	601a      	str	r2, [r3, #0]
 8002316:	4770      	bx	lr
 8002318:	200008ac 	.word	0x200008ac

0800231c <_read>:
 800231c:	2258      	movs	r2, #88	; 0x58
 800231e:	4b02      	ldr	r3, [pc, #8]	; (8002328 <_read+0xc>)
 8002320:	f04f 30ff 	mov.w	r0, #4294967295
 8002324:	601a      	str	r2, [r3, #0]
 8002326:	4770      	bx	lr
 8002328:	200008ac 	.word	0x200008ac

0800232c <_sbrk>:
 800232c:	4a04      	ldr	r2, [pc, #16]	; (8002340 <_sbrk+0x14>)
 800232e:	4905      	ldr	r1, [pc, #20]	; (8002344 <_sbrk+0x18>)
 8002330:	6813      	ldr	r3, [r2, #0]
 8002332:	2b00      	cmp	r3, #0
 8002334:	bf08      	it	eq
 8002336:	460b      	moveq	r3, r1
 8002338:	4418      	add	r0, r3
 800233a:	6010      	str	r0, [r2, #0]
 800233c:	4618      	mov	r0, r3
 800233e:	4770      	bx	lr
 8002340:	2000089c 	.word	0x2000089c
 8002344:	200008b0 	.word	0x200008b0
 8002348:	74737953 	.word	0x74737953
 800234c:	6c436d65 	.word	0x6c436d65
 8002350:	64253a6b 	.word	0x64253a6b
 8002354:	43000a0d 	.word	0x43000a0d
 8002358:	49706968 	.word	0x49706968
 800235c:	30253a44 	.word	0x30253a44
 8002360:	0a0d7838 	.word	0x0a0d7838
 8002364:	33484300 	.word	0x33484300
 8002368:	30314632 	.word	0x30314632
 800236c:	57502033 	.word	0x57502033
 8002370:	41552b4d 	.word	0x41552b4d
 8002374:	492b5452 	.word	0x492b5452
 8002378:	49204332 	.word	0x49204332
 800237c:	2074696e 	.word	0x2074696e
 8002380:	0a0d4b4f 	.word	0x0a0d4b4f
 8002384:	6c614300 	.word	0x6c614300
 8002388:	61726269 	.word	0x61726269
 800238c:	6f697474 	.word	0x6f697474
 8002390:	6c61566e 	.word	0x6c61566e
 8002394:	253a6575 	.word	0x253a6575
 8002398:	25000a64 	.word	0x25000a64
 800239c:	0d643430 	.word	0x0d643430
 80023a0:	5750000a 	.word	0x5750000a
 80023a4:	7544204d 	.word	0x7544204d
 80023a8:	203a7974 	.word	0x203a7974
 80023ac:	25642500 	.word	0x25642500
 80023b0:	000a0d25 	.word	0x000a0d25

080023b4 <__sf_fake_stderr>:
	...

080023d4 <__sf_fake_stdin>:
	...

080023f4 <__sf_fake_stdout>:
	...

08002414 <_global_impure_ptr>:
 8002414:	2000002c 2b302d23 6c680020 6665004c     ,.. #-0+ .hlL.ef
 8002424:	47464567 32313000 36353433 41393837     gEFG.0123456789A
 8002434:	45444342 31300046 35343332 39383736     BCDEF.0123456789
 8002444:	64636261 00006665                       abcdef..
