
ScreenBar_CH32F103C8T6.elf:     file format elf32-littlearm
ScreenBar_CH32F103C8T6.elf
architecture: armv7, flags 0x00000112:
EXEC_P, HAS_SYMS, D_PAGED
start address 0x080017b5

Program Header:
    LOAD off    0x00010000 vaddr 0x08000000 paddr 0x08000000 align 2**16
         filesz 0x000040c0 memsz 0x000040c0 flags r-x
    LOAD off    0x00020000 vaddr 0x20000000 paddr 0x080040c0 align 2**16
         filesz 0x00000098 memsz 0x000008f0 flags rw-
private flags = 5000200: [Version5 EABI] [soft-float ABI]

Sections:
Idx Name          Size      VMA       LMA       File off  Algn
  0 .isr_vector   000000f0  08000000  08000000  00010000  2**0
                  CONTENTS, ALLOC, LOAD, READONLY, DATA
  1 .text         00003fd0  080000f0  080000f0  000100f0  2**2
                  CONTENTS, ALLOC, LOAD, READONLY, CODE
  2 .data         00000098  20000000  080040c0  00020000  2**2
                  CONTENTS, ALLOC, LOAD, DATA
  3 .bss          00000258  20000098  08004158  00020098  2**2
                  ALLOC
  4 ._user_heap_stack 00000600  200002f0  080043b0  00020098  2**0
                  ALLOC
  5 .ARM.attributes 0000002b  00000000  00000000  00020098  2**0
                  CONTENTS, READONLY
  6 .debug_info   000090a8  00000000  00000000  000200c3  2**0
                  CONTENTS, READONLY, DEBUGGING, OCTETS
  7 .debug_abbrev 00001903  00000000  00000000  0002916b  2**0
                  CONTENTS, READONLY, DEBUGGING, OCTETS
  8 .debug_loc    000039b8  00000000  00000000  0002aa6e  2**0
                  CONTENTS, READONLY, DEBUGGING, OCTETS
  9 .debug_aranges 000007b8  00000000  00000000  0002e428  2**3
                  CONTENTS, READONLY, DEBUGGING, OCTETS
 10 .debug_ranges 00000a10  00000000  00000000  0002ebe0  2**3
                  CONTENTS, READONLY, DEBUGGING, OCTETS
 11 .debug_line   00005ebd  00000000  00000000  0002f5f0  2**0
                  CONTENTS, READONLY, DEBUGGING, OCTETS
 12 .debug_str    00002920  00000000  00000000  000354ad  2**0
                  CONTENTS, READONLY, DEBUGGING, OCTETS
 13 .comment      0000004c  00000000  00000000  00037dcd  2**0
                  CONTENTS, READONLY
 14 .debug_frame  000020b0  00000000  00000000  00037e1c  2**2
                  CONTENTS, READONLY, DEBUGGING, OCTETS
 15 .stab         00000084  00000000  00000000  00039ecc  2**2
                  CONTENTS, READONLY, DEBUGGING
 16 .stabstr      00000117  00000000  00000000  00039f50  2**0
                  CONTENTS, READONLY, DEBUGGING
SYMBOL TABLE:
08000000 l    d  .isr_vector	00000000 .isr_vector
080000f0 l    d  .text	00000000 .text
20000000 l    d  .data	00000000 .data
20000098 l    d  .bss	00000000 .bss
200002f0 l    d  ._user_heap_stack	00000000 ._user_heap_stack
00000000 l    d  .ARM.attributes	00000000 .ARM.attributes
00000000 l    d  .debug_info	00000000 .debug_info
00000000 l    d  .debug_abbrev	00000000 .debug_abbrev
00000000 l    d  .debug_loc	00000000 .debug_loc
00000000 l    d  .debug_aranges	00000000 .debug_aranges
00000000 l    d  .debug_ranges	00000000 .debug_ranges
00000000 l    d  .debug_line	00000000 .debug_line
00000000 l    d  .debug_str	00000000 .debug_str
00000000 l    d  .comment	00000000 .comment
00000000 l    d  .debug_frame	00000000 .debug_frame
00000000 l    d  .stab	00000000 .stab
00000000 l    d  .stabstr	00000000 .stabstr
00000000 l    df *ABS*	00000000 ./Startup/startup_ch32f10x.o
080017c0 l       .text	00000000 LoopCopyDataInit
080017b8 l       .text	00000000 CopyDataInit
080017d4 l       .text	00000000 LoopFillZerobss
080017ce l       .text	00000000 FillZerobss
080017f8 l       .text	00000000 Infinite_Loop
00000000 l    df *ABS*	00000000 _arm_addsubdf3.o
00000000 l    df *ABS*	00000000 _arm_muldivdf3.o
00000000 l    df *ABS*	00000000 _arm_fixunsdfsi.o
00000000 l    df *ABS*	00000000 lib_a-strlen.o
00000000 l    df *ABS*	00000000 Main.c
080008dc l     F .text	0000001c Soft_I2C_SDA_OutOD
080008f8 l     F .text	0000001c Soft_I2C_SDA_InPU
08000914 l     F .text	00000006 Soft_I2C_Delay
0800091c l     F .text	00000038 Soft_I2C_Start
08000954 l     F .text	00000050 Soft_I2C_SendByte
080009a4 l     F .text	0000003c Soft_I2C_WaitAck
080009e0 l     F .text	00000030 Soft_I2C_Stop
08000a10 l     F .text	0000007c Soft_I2C_ReadByte
08000a8c l     F .text	00000038 BH1750_WriteCmd
08000ac4 l     F .text	0000004c BH1750_Detect
08000cc4 l     F .text	00000058 Apply_Remote_PWM
200000a0 l     O .bss	00000001 buf_idx.8035
200000a1 l     O .bss	00000100 cmd_buf.8034
200001a8 l     O .bss	00000004 last_adjust_tick.7982
200001ac l     O .bss	00000004 last_white_adjust_tick.7990
200001b8 l     O .bss	00000100 uart1_rx_buf
200002b8 l     O .bss	00000002 uart1_rx_head
200002ba l     O .bss	00000002 uart1_rx_tail
200002bc l     O .bss	00000001 warm_flipped_once.7978
200002c4 l     O .bss	00000001 white_flipped_once.7986
20000000 l     O .data	00000001 g_bh1750_addr
00000000 l    df *ABS*	00000000 ch32f10x_it.c
200002cc l     O .bss	00000004 TimingDelay
00000000 l    df *ABS*	00000000 system_ch32f10x.c
00000000 l    df *ABS*	00000000 ch32f10x_gpio.c
00000000 l    df *ABS*	00000000 ch32f10x_misc.c
00000000 l    df *ABS*	00000000 ch32f10x_rcc.c
20000020 l     O .data	00000004 ADCPrescTable
20000024 l     O .data	00000010 APBAHBPrescTable
00000000 l    df *ABS*	00000000 ch32f10x_tim.c
00000000 l    df *ABS*	00000000 ch32f10x_usart.c
00000000 l    df *ABS*	00000000 debug.c
200002d0 l     O .bss	00000002 p_ms
200002d2 l     O .bss	00000001 p_us
00000000 l    df *ABS*	00000000 atoi.c
00000000 l    df *ABS*	00000000 memset.c
00000000 l    df *ABS*	00000000 printf.c
00000000 l    df *ABS*	00000000 puts.c
00000000 l    df *ABS*	00000000 sprintf.c
00000000 l    df *ABS*	00000000 sscanf.c
00000000 l    df *ABS*	00000000 stdio.c
00000000 l    df *ABS*	00000000 strncmp.c
00000000 l    df *ABS*	00000000 strstr.c
00000000 l    df *ABS*	00000000 strtol.c
08002234 l     F .text	0000010c _strtol_l.isra.0
00000000 l    df *ABS*	00000000 wbuf.c
00000000 l    df *ABS*	00000000 writer.c
00000000 l    df *ABS*	00000000 wsetup.c
00000000 l    df *ABS*	00000000 closer.c
00000000 l    df *ABS*	00000000 errno.c
00000000 l    df *ABS*	00000000 fflush.c
00000000 l    df *ABS*	00000000 findfp.c
080026ac l     F .text	00000048 std
00000000 l    df *ABS*	00000000 fwalk.c
00000000 l    df *ABS*	00000000 lock.c
00000000 l    df *ABS*	00000000 lseekr.c
00000000 l    df *ABS*	00000000 makebuf.c
00000000 l    df *ABS*	00000000 nano-mallocr.c
00000000 l    df *ABS*	00000000 nano-mallocr.c
00000000 l    df *ABS*	00000000 nano-vfprintf.c
00000000 l    df *ABS*	00000000 nano-vfscanf.c
00000000 l    df *ABS*	00000000 nano-vfprintf.c
08003134 l     F .text	0000002a __sfputc_r
00000000 l    df *ABS*	00000000 nano-vfprintf_i.c
00000000 l    df *ABS*	00000000 nano-vfscanf_i.c
00000000 l    df *ABS*	00000000 readr.c
00000000 l    df *ABS*	00000000 sbrkr.c
00000000 l    df *ABS*	00000000 sccl.c
00000000 l    df *ABS*	00000000 strtoul.c
08003a5c l     F .text	000000f8 _strtoul_l.isra.0
00000000 l    df *ABS*	00000000 ungetc.c
00000000 l    df *ABS*	00000000 fstatr.c
00000000 l    df *ABS*	00000000 isattyr.c
00000000 l    df *ABS*	00000000 memchr-stub.c
00000000 l    df *ABS*	00000000 memcpy-stub.c
00000000 l    df *ABS*	00000000 memmove.c
00000000 l    df *ABS*	00000000 mlock.c
00000000 l    df *ABS*	00000000 nano-mallocr.c
00000000 l    df *ABS*	00000000 nano-mallocr.c
00000000 l    df *ABS*	00000000 close.c
00000000 l    df *ABS*	00000000 fstat.c
00000000 l    df *ABS*	00000000 isatty.c
00000000 l    df *ABS*	00000000 lseek.c
00000000 l    df *ABS*	00000000 read.c
00000000 l    df *ABS*	00000000 sbrk.c
200002dc l     O .bss	00000004 heap_end.4144
00000000 l    df *ABS*	00000000 ctype_.c
00000000 l    df *ABS*	00000000 impure.c
20000038 l     O .data	00000060 impure_data
00000000 l    df *ABS*	00000000 reent.c
08003cdc g     F .text	00000010 _malloc_usable_size_r
080017f8  w    F .text	00000002 EXTI2_IRQHandler
08003710 g     F .text	000000b0 _scanf_chars
08003bec g     F .text	00000020 _isatty_r
080019ac g     F .text	0000000c RCC_PLLCmd
08001fd8 g     F .text	000000dc _puts_r
0800289c g     F .text	00000024 _lseek_r
08001568 g     F .text	00000002 DebugMon_Handler
08000fa4 g     F .text	00000054 I2C1_Init
0800040c g     F .text	0000005a .hidden __floatdidf
08001fa8 g     F .text	00000030 printf
200002e0 g     O .bss	00000001 __lock___atexit_recursive_mutex
080017f8  w    F .text	00000002 TIM1_CC_IRQHandler
080021b6 g     F .text	00000024 __sseek
0800275c g     F .text	00000070 __sinit
08002358 g     F .text	000000a4 __swbuf_r
0800155e g     F .text	00000002 HardFault_Handler
08002700 g     F .text	0000002c __sfmoreglue
08003c84 g     F .text	0000000c __malloc_unlock
00000400 g       *ABS*	00000000 _Min_Stack_Size
08001580 g     F .text	00000010 SysTick_Handler
2000009a g     O .bss	00000001 auto_light_enable
200002e1 g     O .bss	00000001 __lock___arc4random_mutex
080018b0 g     F .text	00000058 NVIC_Init
080017f8  w    F .text	00000002 PVD_IRQHandler
08003c44 g     F .text	00000034 memmove
080040c0 g       .text	00000000 _sidata
0800156a g     F .text	00000002 PendSV_Handler
0800155c g     F .text	00000002 NMI_Handler
080040c0 g       .data	00000000 __exidx_end
080017f8  w    F .text	00000002 EXTI3_IRQHandler
0800251c g     F .text	0000000c __errno
20000098 g     O .bss	00000002 ambient_light
08000da8 g     F .text	000001a0 Touch_Detect
200001b1 g     O .bss	00000001 touch_white_flag
08001e18 g     F .text	0000000c USART_GetFlagStatus
08003bc8 g     F .text	00000024 _fstat_r
200002ec g     O .bss	00000004 errno
080037c0 g     F .text	000001e4 _scanf_i
0800217a g     F .text	00000004 __seofread
080040c0 g       .text	00000000 _etext
20000098 g       .bss	00000000 _sbss
080019b8 g     F .text	00000014 RCC_SYSCLKConfig
08001f10 g     F .text	00000050 USART_Printf_Init
08000b70 g     F .text	0000010c PWM_Init
08003c28 g     F .text	0000001c memcpy
080026f4 g     F .text	0000000c _cleanup_r
08002b8c g     F .text	00000200 _svfprintf_r
08000394 g     F .text	00000022 .hidden __floatsidf
080017f8  w    F .text	00000002 EXTI0_IRQHandler
080017f8  w    F .text	00000002 I2C2_EV_IRQHandler
08001cb8 g     F .text	00000018 TIM_Cmd
080020b4 g     F .text	00000010 puts
08001cfa g     F .text	00000014 TIM_OC4PreloadConfig
2000001c g     O .data	00000004 SystemCoreClock
08001e10 g     F .text	00000008 USART_ReceiveData
08001960 g     F .text	00000038 RCC_HSEConfig
08000d80 g     F .text	00000028 Touch_Init
08003cfc g     F .text	00000010 _fstat
08001d2e g     F .text	00000008 TIM_ClearITPendingBit
08001564 g     F .text	00000002 UsageFault_Handler
08001aa8 g     F .text	00000018 RCC_APB2PeriphClockCmd
0800088c g     F .text	00000040 .hidden __fixunsdfsi
080017f8  w    F .text	00000002 ADC1_2_IRQHandler
08002e06 g     F .text	0000003a __ssrefill_r
080017fa g     F .text	000000a0 GPIO_Init
08001998 g     F .text	00000014 RCC_PLLConfig
20000098 g       .bss	00000000 __bss_start__
08000374 g     F .text	0000001e .hidden __aeabi_ui2d
20000000 g       .data	00000000 _sdata
080017f8  w    F .text	00000002 SPI1_IRQHandler
08001dc0 g     F .text	00000018 USART_Cmd
080000f0 g     F .text	00000000 .hidden __aeabi_drsub
080039c8 g     F .text	00000020 _sbrk_r
08001908 g     F .text	00000018 SysTick_CLKSourceConfig
080017f8  w    F .text	00000002 TAMPER_IRQHandler
20000003 g     O .data	00000001 warm_last_duty
080039a4 g     F .text	00000024 _read_r
080003b8 g     F .text	00000042 .hidden __extendsfdf2
08002e40 g     F .text	000002f4 __ssvfscanf_r
080006bc g     F .text	000001d0 .hidden __aeabi_ddiv
08001b30 g     F .text	00000070 TIM_DeInit
08001ac0 g     F .text	00000018 RCC_APB1PeriphClockCmd
080000fc g     F .text	00000276 .hidden __adddf3
080040c0 g       .data	00000000 __exidx_start
200002e2 g     O .bss	00000001 __lock___env_recursive_mutex
08000468 g     F .text	00000254 .hidden __aeabi_dmul
08003d0c g     F .text	00000010 _isatty
200002e3 g     O .bss	00000001 __lock___sinit_recursive_mutex
08001ea0 g     F .text	00000038 Delay_Us
0800406c g     O .text	00000004 _global_impure_ptr
08003c90 g     F .text	0000004c _realloc_r
080017f8  w    F .text	00000002 DMA1_Channel4_IRQHandler
20000005 g     O .data	00000001 warm_touch_dir
08000374 g     F .text	0000001e .hidden __floatunsidf
08003d3c g     F .text	0000001c _sbrk
08002344 g     F .text	00000014 strtol
080017f8  w    F .text	00000002 USART3_IRQHandler
080017f8  w    F .text	00000002 RTC_IRQHandler
200002f0 g       .bss	00000000 _ebss
08001e24 g     F .text	0000003e USART_GetITStatus
080017f8  w    F .text	00000002 DMA1_Channel7_IRQHandler
08001bf0 g     F .text	00000068 TIM_OC1Init
080017b4  w    F .text	00000030 Reset_Handler
080017f8  w    F .text	00000002 CAN1_RX1_IRQHandler
08001e64 g     F .text	0000003c Delay_Init
08001b08 g     F .text	00000028 RCC_GetFlagStatus
200002e4 g     O .bss	00000001 __lock___malloc_recursive_mutex
20000007 g     O .data	00000001 white_last_duty
080018a6 g     F .text	00000004 GPIO_SetBits
08001590 g     F .text	00000028 TIM4_IRQHandler
080000fc g     F .text	00000276 .hidden __aeabi_dadd
080019cc g     F .text	00000010 RCC_GetSYSCLKSource
08001ce2 g     F .text	00000018 TIM_ARRPreloadConfig
080003fc g     F .text	0000006a .hidden __aeabi_ul2d
0800400c g     O .text	00000020 __sf_fake_stderr
200001b0 g     O .bss	00000001 touch_warm_flag
200002f0 g       .bss	00000000 end
200001a4 g     O .bss	00000004 g_systick_counter
080017f8  w    F .text	00000002 I2C1_EV_IRQHandler
0800289a g     F .text	00000002 __retarget_lock_release_recursive
08002ad4 g     F .text	000000b6 __ssputs_r
08001d18 g     F .text	00000016 TIM_GetITStatus
080017f8  w    F .text	00000002 USBHD_IRQHandler
08001a18 g     F .text	00000090 RCC_GetClocksFreq
080017f8  w    F .text	00000002 DMA1_Channel6_IRQHandler
0800315e g     F .text	00000024 __sfputs_r
0800272c g     F .text	0000000c __sfp_lock_acquire
08003c0c g     F .text	0000001c memchr
08001d38 g     F .text	00000088 USART_Init
200002f0 g       .bss	00000000 __bss_end__
08002988 g     F .text	00000098 _free_r
080015b8 g     F .text	000000a8 TIM3_IRQHandler
080017f8  w    F .text	00000002 RCC_IRQHandler
080017f8  w    F .text	00000002 TIM1_TRG_COM_IRQHandler
00000200 g       *ABS*	00000000 _Min_Heap_Size
080017f8  w    F .text	00000002 DMA1_Channel1_IRQHandler
08002d8c g     F .text	0000007a _sungetc_r
080000f8 g     F .text	0000027a .hidden __aeabi_dsub
080017f8 g       .text	00000002 Default_Handler
2000000a g     O .data	00000010 AHBPrescTable
08002206 g     F .text	0000002e strstr
080003fc g     F .text	0000006a .hidden __floatundidf
08003d1c g     F .text	00000010 _lseek
08001348 g     F .text	000000b4 UART1_Send_Status
080011d8 g     F .text	00000100 Parse_ESP8266_Cmd
080017f8  w    F .text	00000002 EXTI15_10_IRQHandler
08001cd0 g     F .text	00000012 TIM_ITConfig
080012d8 g     F .text	00000070 UART1_Receive_Cmd
080021e2 g     F .text	00000024 strncmp
08001dd8 g     F .text	00000030 USART_ITConfig
200002c0 g     O .bss	00000004 warm_touch_tick
080013fc g     F .text	00000034 RGB_Reserve_Init
08003b54 g     F .text	00000004 _strtoul_r
080018aa g     F .text	00000004 GPIO_ResetBits
080024fc g     F .text	00000020 _close_r
08000394 g     F .text	00000022 .hidden __aeabi_i2d
20000002 g     O .data	00000001 warm_duty
08000ff8 g     F .text	000000bc Read_Ambient_Light
08001c58 g     F .text	00000060 TIM_OC4Init
08002104 g     F .text	00000054 sscanf
080010b4 g     F .text	00000094 Auto_Light_Adjust
08002420 g     F .text	000000dc __swsetup_r
080017f8  w    F .text	00000002 EXTI9_5_IRQHandler
080006bc g     F .text	000001d0 .hidden __divdf3
080027cc g     F .text	0000008c __sfp
08002750 g     F .text	0000000c __sinit_lock_release
08000468 g     F .text	00000254 .hidden __muldf3
08002158 g     F .text	00000022 __sread
08003c78 g     F .text	0000000c __malloc_lock
08002634 g     F .text	00000078 _fflush_r
08000d1c g     F .text	00000064 Light_Switch
080017f8  w    F .text	00000002 SPI2_IRQHandler
0800402c g     O .text	00000020 __sf_fake_stdin
08002898 g     F .text	00000002 __retarget_lock_acquire_recursive
08001f98 g     F .text	00000010 memset
08001560 g     F .text	00000002 MemManage_Handler
20000001 g     O .data	00000001 g_white_soft_duty
08001430 g     F .text	000000c4 main
08002896 g     F .text	00000002 __retarget_lock_init_recursive
08001566 g     F .text	00000002 SVC_Handler
080021da g     F .text	00000008 __sclose
08002340 g     F .text	00000004 _strtol_r
08002a20 g     F .text	000000b4 _malloc_r
0800040c g     F .text	0000005a .hidden __aeabi_l2d
080019f0 g     F .text	00000014 RCC_PCLK1Config
08003b58 g     F .text	00000070 __submore
20000004 g     O .data	00000001 warm_switch
080017f8  w    F .text	00000002 DMA1_Channel5_IRQHandler
080017f8  w    F .text	00000002 EXTI4_IRQHandler
08001ed8 g     F .text	00000038 Delay_Ms
080017f8  w    F .text	00000002 USB_LP_CAN1_RX0_IRQHandler
08001a04 g     F .text	00000014 RCC_PCLK2Config
08001d12 g     F .text	00000006 TIM_SetCompare4
08002104 g     F .text	00000054 siscanf
08001660 g     F .text	000000f0 SystemInit
08001fa8 g     F .text	00000030 iprintf
08000b10 g     F .text	0000005e SystemClock_Config_8MHz
080017f8  w    F .text	00000002 USB_HP_CAN1_TX_IRQHandler
08000c7c g     F .text	00000048 Set_PWM_Duty
080020c4 g     F .text	00000040 sprintf
08001920 g     F .text	00000040 RCC_DeInit
080023fc g     F .text	00000024 _write_r
080017f8  w    F .text	00000002 DMA1_Channel3_IRQHandler
20000006 g     O .data	00000001 white_duty
080033e4 g     F .text	000000de _printf_common
20000034 g     O .data	00000004 _impure_ptr
080017f8  w    F .text	00000002 TIM1_UP_IRQHandler
08002528 g     F .text	0000010c __sflush_r
08002b8c g     F .text	00000200 _svfiprintf_r
080017f8  w    F .text	00000002 WWDG_IRQHandler
200001b4 g     O .bss	00000004 uart1_last_rx_tick
08001af0 g     F .text	00000018 RCC_APB1PeriphResetCmd
080017f8  w    F .text	00000002 TIM2_IRQHandler
0800088c g     F .text	00000040 .hidden __aeabi_d2uiz
08002e40 g     F .text	000002f4 __ssvfiscanf_r
080017f8  w    F .text	00000002 TIM1_BRK_IRQHandler
080028c0 g     F .text	00000048 __swhatbuf_r
20002800 g       *ABS*	00000000 _estack
08001e08 g     F .text	00000008 USART_SendData
080017f8  w    F .text	00000002 EXTI1_IRQHandler
08001f60 g     F .text	00000030 _write
20000098 g       .data	00000000 _edata
2000009c g     O .bss	00000004 auto_light_tick
200002e5 g     O .bss	00000001 __lock___at_quick_exit_mutex
08001ba0 g     F .text	00000050 TIM_TimeBaseInit
080017f8  w    F .text	00000002 RTCAlarm_IRQHandler
080017f8  w    F .text	00000002 USART2_IRQHandler
0800217e g     F .text	00000038 __swrite
08003184 g     F .text	00000260 _vfiprintf_r
08000000 g     O .isr_vector	00000000 g_pfnVectors
08002858 g     F .text	0000003e _fwalk_reent
08001750 g     F .text	00000064 SystemCoreClockUpdate
080017f8  w    F .text	00000002 I2C2_ER_IRQHandler
080017f8  w    F .text	00000002 DMA1_Channel2_IRQHandler
08002738 g     F .text	0000000c __sfp_lock_release
0800404c g     O .text	00000020 __sf_fake_stdout
080020c4 g     F .text	00000040 siprintf
08000f48 g     F .text	0000005c TickTimer_Init
080039e8 g     F .text	00000074 __sccl
08001f90 g     F .text	00000008 atoi
0800156c g     F .text	00000014 TimingDelay_Decrement
08003f08 g     O .text	00000101 _ctype_
08003d2c g     F .text	00000010 _read
080017f8  w    F .text	00000002 CAN1_SCE_IRQHandler
080017f8  w    F .text	00000002 FLASH_IRQHandler
08001562 g     F .text	00000002 BusFault_Handler
080014f4 g     F .text	00000068 USART1_IRQHandler
200002e6 g     O .bss	00000001 __lock___dd_hash_mutex
08002908 g     F .text	00000080 __smakebuf_r
200002e7 g     O .bss	00000001 __lock___tz_mutex
080008cc g     F .text	00000010 strlen
080034c4 g     F .text	0000024c _printf_i
200002d8 g     O .bss	00000004 __malloc_sbrk_start
08001ad8 g     F .text	00000018 RCC_APB2PeriphResetCmd
20000009 g     O .data	00000001 white_touch_dir
080017f8  w    F .text	00000002 I2C1_ER_IRQHandler
080003b8 g     F .text	00000042 .hidden __aeabi_f2d
200002d4 g     O .bss	00000004 __malloc_free_list
080000f8 g     F .text	0000027a .hidden __subdf3
08003184 g     F .text	00000260 _vfprintf_r
08001d0e g     F .text	00000004 TIM_SetCompare1
0800189a g     F .text	0000000c GPIO_ReadInputDataBit
08001148 g     F .text	00000090 UART1_Init
20000008 g     O .data	00000001 white_switch
080017f8  w    F .text	00000002 USBWakeUp_IRQHandler
080019dc g     F .text	00000014 RCC_HCLKConfig
200002e8 g     O .bss	00000001 __lock___sfp_recursive_mutex
08003cec g     F .text	00000010 _close
08002744 g     F .text	0000000c __sinit_lock_acquire
200002c8 g     O .bss	00000004 white_touch_tick



Disassembly of section .text:

080000f0 <__aeabi_drsub>:
 80000f0:	f081 4100 	eor.w	r1, r1, #2147483648	; 0x80000000
 80000f4:	e002      	b.n	80000fc <__adddf3>
 80000f6:	bf00      	nop

080000f8 <__aeabi_dsub>:
 80000f8:	f083 4300 	eor.w	r3, r3, #2147483648	; 0x80000000

080000fc <__adddf3>:
 80000fc:	b530      	push	{r4, r5, lr}
 80000fe:	ea4f 0441 	mov.w	r4, r1, lsl #1
 8000102:	ea4f 0543 	mov.w	r5, r3, lsl #1
 8000106:	ea94 0f05 	teq	r4, r5
 800010a:	bf08      	it	eq
 800010c:	ea90 0f02 	teqeq	r0, r2
 8000110:	bf1f      	itttt	ne
 8000112:	ea54 0c00 	orrsne.w	ip, r4, r0
 8000116:	ea55 0c02 	orrsne.w	ip, r5, r2
 800011a:	ea7f 5c64 	mvnsne.w	ip, r4, asr #21
 800011e:	ea7f 5c65 	mvnsne.w	ip, r5, asr #21
 8000122:	f000 80e2 	beq.w	80002ea <__adddf3+0x1ee>
 8000126:	ea4f 5454 	mov.w	r4, r4, lsr #21
 800012a:	ebd4 5555 	rsbs	r5, r4, r5, lsr #21
 800012e:	bfb8      	it	lt
 8000130:	426d      	neglt	r5, r5
 8000132:	dd0c      	ble.n	800014e <__adddf3+0x52>
 8000134:	442c      	add	r4, r5
 8000136:	ea80 0202 	eor.w	r2, r0, r2
 800013a:	ea81 0303 	eor.w	r3, r1, r3
 800013e:	ea82 0000 	eor.w	r0, r2, r0
 8000142:	ea83 0101 	eor.w	r1, r3, r1
 8000146:	ea80 0202 	eor.w	r2, r0, r2
 800014a:	ea81 0303 	eor.w	r3, r1, r3
 800014e:	2d36      	cmp	r5, #54	; 0x36
 8000150:	bf88      	it	hi
 8000152:	bd30      	pophi	{r4, r5, pc}
 8000154:	f011 4f00 	tst.w	r1, #2147483648	; 0x80000000
 8000158:	ea4f 3101 	mov.w	r1, r1, lsl #12
 800015c:	f44f 1c80 	mov.w	ip, #1048576	; 0x100000
 8000160:	ea4c 3111 	orr.w	r1, ip, r1, lsr #12
 8000164:	d002      	beq.n	800016c <__adddf3+0x70>
 8000166:	4240      	negs	r0, r0
 8000168:	eb61 0141 	sbc.w	r1, r1, r1, lsl #1
 800016c:	f013 4f00 	tst.w	r3, #2147483648	; 0x80000000
 8000170:	ea4f 3303 	mov.w	r3, r3, lsl #12
 8000174:	ea4c 3313 	orr.w	r3, ip, r3, lsr #12
 8000178:	d002      	beq.n	8000180 <__adddf3+0x84>
 800017a:	4252      	negs	r2, r2
 800017c:	eb63 0343 	sbc.w	r3, r3, r3, lsl #1
 8000180:	ea94 0f05 	teq	r4, r5
 8000184:	f000 80a7 	beq.w	80002d6 <__adddf3+0x1da>
 8000188:	f1a4 0401 	sub.w	r4, r4, #1
 800018c:	f1d5 0e20 	rsbs	lr, r5, #32
 8000190:	db0d      	blt.n	80001ae <__adddf3+0xb2>
 8000192:	fa02 fc0e 	lsl.w	ip, r2, lr
 8000196:	fa22 f205 	lsr.w	r2, r2, r5
 800019a:	1880      	adds	r0, r0, r2
 800019c:	f141 0100 	adc.w	r1, r1, #0
 80001a0:	fa03 f20e 	lsl.w	r2, r3, lr
 80001a4:	1880      	adds	r0, r0, r2
 80001a6:	fa43 f305 	asr.w	r3, r3, r5
 80001aa:	4159      	adcs	r1, r3
 80001ac:	e00e      	b.n	80001cc <__adddf3+0xd0>
 80001ae:	f1a5 0520 	sub.w	r5, r5, #32
 80001b2:	f10e 0e20 	add.w	lr, lr, #32
 80001b6:	2a01      	cmp	r2, #1
 80001b8:	fa03 fc0e 	lsl.w	ip, r3, lr
 80001bc:	bf28      	it	cs
 80001be:	f04c 0c02 	orrcs.w	ip, ip, #2
 80001c2:	fa43 f305 	asr.w	r3, r3, r5
 80001c6:	18c0      	adds	r0, r0, r3
 80001c8:	eb51 71e3 	adcs.w	r1, r1, r3, asr #31
 80001cc:	f001 4500 	and.w	r5, r1, #2147483648	; 0x80000000
 80001d0:	d507      	bpl.n	80001e2 <__adddf3+0xe6>
 80001d2:	f04f 0e00 	mov.w	lr, #0
 80001d6:	f1dc 0c00 	rsbs	ip, ip, #0
 80001da:	eb7e 0000 	sbcs.w	r0, lr, r0
 80001de:	eb6e 0101 	sbc.w	r1, lr, r1
 80001e2:	f5b1 1f80 	cmp.w	r1, #1048576	; 0x100000
 80001e6:	d31b      	bcc.n	8000220 <__adddf3+0x124>
 80001e8:	f5b1 1f00 	cmp.w	r1, #2097152	; 0x200000
 80001ec:	d30c      	bcc.n	8000208 <__adddf3+0x10c>
 80001ee:	0849      	lsrs	r1, r1, #1
 80001f0:	ea5f 0030 	movs.w	r0, r0, rrx
 80001f4:	ea4f 0c3c 	mov.w	ip, ip, rrx
 80001f8:	f104 0401 	add.w	r4, r4, #1
 80001fc:	ea4f 5244 	mov.w	r2, r4, lsl #21
 8000200:	f512 0f80 	cmn.w	r2, #4194304	; 0x400000
 8000204:	f080 809a 	bcs.w	800033c <__adddf3+0x240>
 8000208:	f1bc 4f00 	cmp.w	ip, #2147483648	; 0x80000000
 800020c:	bf08      	it	eq
 800020e:	ea5f 0c50 	movseq.w	ip, r0, lsr #1
 8000212:	f150 0000 	adcs.w	r0, r0, #0
 8000216:	eb41 5104 	adc.w	r1, r1, r4, lsl #20
 800021a:	ea41 0105 	orr.w	r1, r1, r5
 800021e:	bd30      	pop	{r4, r5, pc}
 8000220:	ea5f 0c4c 	movs.w	ip, ip, lsl #1
 8000224:	4140      	adcs	r0, r0
 8000226:	eb41 0101 	adc.w	r1, r1, r1
 800022a:	3c01      	subs	r4, #1
 800022c:	bf28      	it	cs
 800022e:	f5b1 1f80 	cmpcs.w	r1, #1048576	; 0x100000
 8000232:	d2e9      	bcs.n	8000208 <__adddf3+0x10c>
 8000234:	f091 0f00 	teq	r1, #0
 8000238:	bf04      	itt	eq
 800023a:	4601      	moveq	r1, r0
 800023c:	2000      	moveq	r0, #0
 800023e:	fab1 f381 	clz	r3, r1
 8000242:	bf08      	it	eq
 8000244:	3320      	addeq	r3, #32
 8000246:	f1a3 030b 	sub.w	r3, r3, #11
 800024a:	f1b3 0220 	subs.w	r2, r3, #32
 800024e:	da0c      	bge.n	800026a <__adddf3+0x16e>
 8000250:	320c      	adds	r2, #12
 8000252:	dd08      	ble.n	8000266 <__adddf3+0x16a>
 8000254:	f102 0c14 	add.w	ip, r2, #20
 8000258:	f1c2 020c 	rsb	r2, r2, #12
 800025c:	fa01 f00c 	lsl.w	r0, r1, ip
 8000260:	fa21 f102 	lsr.w	r1, r1, r2
 8000264:	e00c      	b.n	8000280 <__adddf3+0x184>
 8000266:	f102 0214 	add.w	r2, r2, #20
 800026a:	bfd8      	it	le
 800026c:	f1c2 0c20 	rsble	ip, r2, #32
 8000270:	fa01 f102 	lsl.w	r1, r1, r2
 8000274:	fa20 fc0c 	lsr.w	ip, r0, ip
 8000278:	bfdc      	itt	le
 800027a:	ea41 010c 	orrle.w	r1, r1, ip
 800027e:	4090      	lslle	r0, r2
 8000280:	1ae4      	subs	r4, r4, r3
 8000282:	bfa2      	ittt	ge
 8000284:	eb01 5104 	addge.w	r1, r1, r4, lsl #20
 8000288:	4329      	orrge	r1, r5
 800028a:	bd30      	popge	{r4, r5, pc}
 800028c:	ea6f 0404 	mvn.w	r4, r4
 8000290:	3c1f      	subs	r4, #31
 8000292:	da1c      	bge.n	80002ce <__adddf3+0x1d2>
 8000294:	340c      	adds	r4, #12
 8000296:	dc0e      	bgt.n	80002b6 <__adddf3+0x1ba>
 8000298:	f104 0414 	add.w	r4, r4, #20
 800029c:	f1c4 0220 	rsb	r2, r4, #32
 80002a0:	fa20 f004 	lsr.w	r0, r0, r4
 80002a4:	fa01 f302 	lsl.w	r3, r1, r2
 80002a8:	ea40 0003 	orr.w	r0, r0, r3
 80002ac:	fa21 f304 	lsr.w	r3, r1, r4
 80002b0:	ea45 0103 	orr.w	r1, r5, r3
 80002b4:	bd30      	pop	{r4, r5, pc}
 80002b6:	f1c4 040c 	rsb	r4, r4, #12
 80002ba:	f1c4 0220 	rsb	r2, r4, #32
 80002be:	fa20 f002 	lsr.w	r0, r0, r2
 80002c2:	fa01 f304 	lsl.w	r3, r1, r4
 80002c6:	ea40 0003 	orr.w	r0, r0, r3
 80002ca:	4629      	mov	r1, r5
 80002cc:	bd30      	pop	{r4, r5, pc}
 80002ce:	fa21 f004 	lsr.w	r0, r1, r4
 80002d2:	4629      	mov	r1, r5
 80002d4:	bd30      	pop	{r4, r5, pc}
 80002d6:	f094 0f00 	teq	r4, #0
 80002da:	f483 1380 	eor.w	r3, r3, #1048576	; 0x100000
 80002de:	bf06      	itte	eq
 80002e0:	f481 1180 	eoreq.w	r1, r1, #1048576	; 0x100000
 80002e4:	3401      	addeq	r4, #1
 80002e6:	3d01      	subne	r5, #1
 80002e8:	e74e      	b.n	8000188 <__adddf3+0x8c>
 80002ea:	ea7f 5c64 	mvns.w	ip, r4, asr #21
 80002ee:	bf18      	it	ne
 80002f0:	ea7f 5c65 	mvnsne.w	ip, r5, asr #21
 80002f4:	d029      	beq.n	800034a <__adddf3+0x24e>
 80002f6:	ea94 0f05 	teq	r4, r5
 80002fa:	bf08      	it	eq
 80002fc:	ea90 0f02 	teqeq	r0, r2
 8000300:	d005      	beq.n	800030e <__adddf3+0x212>
 8000302:	ea54 0c00 	orrs.w	ip, r4, r0
 8000306:	bf04      	itt	eq
 8000308:	4619      	moveq	r1, r3
 800030a:	4610      	moveq	r0, r2
 800030c:	bd30      	pop	{r4, r5, pc}
 800030e:	ea91 0f03 	teq	r1, r3
 8000312:	bf1e      	ittt	ne
 8000314:	2100      	movne	r1, #0
 8000316:	2000      	movne	r0, #0
 8000318:	bd30      	popne	{r4, r5, pc}
 800031a:	ea5f 5c54 	movs.w	ip, r4, lsr #21
 800031e:	d105      	bne.n	800032c <__adddf3+0x230>
 8000320:	0040      	lsls	r0, r0, #1
 8000322:	4149      	adcs	r1, r1
 8000324:	bf28      	it	cs
 8000326:	f041 4100 	orrcs.w	r1, r1, #2147483648	; 0x80000000
 800032a:	bd30      	pop	{r4, r5, pc}
 800032c:	f514 0480 	adds.w	r4, r4, #4194304	; 0x400000
 8000330:	bf3c      	itt	cc
 8000332:	f501 1180 	addcc.w	r1, r1, #1048576	; 0x100000
 8000336:	bd30      	popcc	{r4, r5, pc}
 8000338:	f001 4500 	and.w	r5, r1, #2147483648	; 0x80000000
 800033c:	f045 41fe 	orr.w	r1, r5, #2130706432	; 0x7f000000
 8000340:	f441 0170 	orr.w	r1, r1, #15728640	; 0xf00000
 8000344:	f04f 0000 	mov.w	r0, #0
 8000348:	bd30      	pop	{r4, r5, pc}
 800034a:	ea7f 5c64 	mvns.w	ip, r4, asr #21
 800034e:	bf1a      	itte	ne
 8000350:	4619      	movne	r1, r3
 8000352:	4610      	movne	r0, r2
 8000354:	ea7f 5c65 	mvnseq.w	ip, r5, asr #21
 8000358:	bf1c      	itt	ne
 800035a:	460b      	movne	r3, r1
 800035c:	4602      	movne	r2, r0
 800035e:	ea50 3401 	orrs.w	r4, r0, r1, lsl #12
 8000362:	bf06      	itte	eq
 8000364:	ea52 3503 	orrseq.w	r5, r2, r3, lsl #12
 8000368:	ea91 0f03 	teqeq	r1, r3
 800036c:	f441 2100 	orrne.w	r1, r1, #524288	; 0x80000
 8000370:	bd30      	pop	{r4, r5, pc}
 8000372:	bf00      	nop

08000374 <__aeabi_ui2d>:
 8000374:	f090 0f00 	teq	r0, #0
 8000378:	bf04      	itt	eq
 800037a:	2100      	moveq	r1, #0
 800037c:	4770      	bxeq	lr
 800037e:	b530      	push	{r4, r5, lr}
 8000380:	f44f 6480 	mov.w	r4, #1024	; 0x400
 8000384:	f104 0432 	add.w	r4, r4, #50	; 0x32
 8000388:	f04f 0500 	mov.w	r5, #0
 800038c:	f04f 0100 	mov.w	r1, #0
 8000390:	e750      	b.n	8000234 <__adddf3+0x138>
 8000392:	bf00      	nop

08000394 <__aeabi_i2d>:
 8000394:	f090 0f00 	teq	r0, #0
 8000398:	bf04      	itt	eq
 800039a:	2100      	moveq	r1, #0
 800039c:	4770      	bxeq	lr
 800039e:	b530      	push	{r4, r5, lr}
 80003a0:	f44f 6480 	mov.w	r4, #1024	; 0x400
 80003a4:	f104 0432 	add.w	r4, r4, #50	; 0x32
 80003a8:	f010 4500 	ands.w	r5, r0, #2147483648	; 0x80000000
 80003ac:	bf48      	it	mi
 80003ae:	4240      	negmi	r0, r0
 80003b0:	f04f 0100 	mov.w	r1, #0
 80003b4:	e73e      	b.n	8000234 <__adddf3+0x138>
 80003b6:	bf00      	nop

080003b8 <__aeabi_f2d>:
 80003b8:	0042      	lsls	r2, r0, #1
 80003ba:	ea4f 01e2 	mov.w	r1, r2, asr #3
 80003be:	ea4f 0131 	mov.w	r1, r1, rrx
 80003c2:	ea4f 7002 	mov.w	r0, r2, lsl #28
 80003c6:	bf1f      	itttt	ne
 80003c8:	f012 437f 	andsne.w	r3, r2, #4278190080	; 0xff000000
 80003cc:	f093 4f7f 	teqne	r3, #4278190080	; 0xff000000
 80003d0:	f081 5160 	eorne.w	r1, r1, #939524096	; 0x38000000
 80003d4:	4770      	bxne	lr
 80003d6:	f032 427f 	bics.w	r2, r2, #4278190080	; 0xff000000
 80003da:	bf08      	it	eq
 80003dc:	4770      	bxeq	lr
 80003de:	f093 4f7f 	teq	r3, #4278190080	; 0xff000000
 80003e2:	bf04      	itt	eq
 80003e4:	f441 2100 	orreq.w	r1, r1, #524288	; 0x80000
 80003e8:	4770      	bxeq	lr
 80003ea:	b530      	push	{r4, r5, lr}
 80003ec:	f44f 7460 	mov.w	r4, #896	; 0x380
 80003f0:	f001 4500 	and.w	r5, r1, #2147483648	; 0x80000000
 80003f4:	f021 4100 	bic.w	r1, r1, #2147483648	; 0x80000000
 80003f8:	e71c      	b.n	8000234 <__adddf3+0x138>
 80003fa:	bf00      	nop

080003fc <__aeabi_ul2d>:
 80003fc:	ea50 0201 	orrs.w	r2, r0, r1
 8000400:	bf08      	it	eq
 8000402:	4770      	bxeq	lr
 8000404:	b530      	push	{r4, r5, lr}
 8000406:	f04f 0500 	mov.w	r5, #0
 800040a:	e00a      	b.n	8000422 <__aeabi_l2d+0x16>

0800040c <__aeabi_l2d>:
 800040c:	ea50 0201 	orrs.w	r2, r0, r1
 8000410:	bf08      	it	eq
 8000412:	4770      	bxeq	lr
 8000414:	b530      	push	{r4, r5, lr}
 8000416:	f011 4500 	ands.w	r5, r1, #2147483648	; 0x80000000
 800041a:	d502      	bpl.n	8000422 <__aeabi_l2d+0x16>
 800041c:	4240      	negs	r0, r0
 800041e:	eb61 0141 	sbc.w	r1, r1, r1, lsl #1
 8000422:	f44f 6480 	mov.w	r4, #1024	; 0x400
 8000426:	f104 0432 	add.w	r4, r4, #50	; 0x32
 800042a:	ea5f 5c91 	movs.w	ip, r1, lsr #22
 800042e:	f43f aed8 	beq.w	80001e2 <__adddf3+0xe6>
 8000432:	f04f 0203 	mov.w	r2, #3
 8000436:	ea5f 0cdc 	movs.w	ip, ip, lsr #3
 800043a:	bf18      	it	ne
 800043c:	3203      	addne	r2, #3
 800043e:	ea5f 0cdc 	movs.w	ip, ip, lsr #3
 8000442:	bf18      	it	ne
 8000444:	3203      	addne	r2, #3
 8000446:	eb02 02dc 	add.w	r2, r2, ip, lsr #3
 800044a:	f1c2 0320 	rsb	r3, r2, #32
 800044e:	fa00 fc03 	lsl.w	ip, r0, r3
 8000452:	fa20 f002 	lsr.w	r0, r0, r2
 8000456:	fa01 fe03 	lsl.w	lr, r1, r3
 800045a:	ea40 000e 	orr.w	r0, r0, lr
 800045e:	fa21 f102 	lsr.w	r1, r1, r2
 8000462:	4414      	add	r4, r2
 8000464:	e6bd      	b.n	80001e2 <__adddf3+0xe6>
 8000466:	bf00      	nop

08000468 <__aeabi_dmul>:
 8000468:	b570      	push	{r4, r5, r6, lr}
 800046a:	f04f 0cff 	mov.w	ip, #255	; 0xff
 800046e:	f44c 6ce0 	orr.w	ip, ip, #1792	; 0x700
 8000472:	ea1c 5411 	ands.w	r4, ip, r1, lsr #20
 8000476:	bf1d      	ittte	ne
 8000478:	ea1c 5513 	andsne.w	r5, ip, r3, lsr #20
 800047c:	ea94 0f0c 	teqne	r4, ip
 8000480:	ea95 0f0c 	teqne	r5, ip
 8000484:	f000 f8de 	bleq	8000644 <__aeabi_dmul+0x1dc>
 8000488:	442c      	add	r4, r5
 800048a:	ea81 0603 	eor.w	r6, r1, r3
 800048e:	ea21 514c 	bic.w	r1, r1, ip, lsl #21
 8000492:	ea23 534c 	bic.w	r3, r3, ip, lsl #21
 8000496:	ea50 3501 	orrs.w	r5, r0, r1, lsl #12
 800049a:	bf18      	it	ne
 800049c:	ea52 3503 	orrsne.w	r5, r2, r3, lsl #12
 80004a0:	f441 1180 	orr.w	r1, r1, #1048576	; 0x100000
 80004a4:	f443 1380 	orr.w	r3, r3, #1048576	; 0x100000
 80004a8:	d038      	beq.n	800051c <__aeabi_dmul+0xb4>
 80004aa:	fba0 ce02 	umull	ip, lr, r0, r2
 80004ae:	f04f 0500 	mov.w	r5, #0
 80004b2:	fbe1 e502 	umlal	lr, r5, r1, r2
 80004b6:	f006 4200 	and.w	r2, r6, #2147483648	; 0x80000000
 80004ba:	fbe0 e503 	umlal	lr, r5, r0, r3
 80004be:	f04f 0600 	mov.w	r6, #0
 80004c2:	fbe1 5603 	umlal	r5, r6, r1, r3
 80004c6:	f09c 0f00 	teq	ip, #0
 80004ca:	bf18      	it	ne
 80004cc:	f04e 0e01 	orrne.w	lr, lr, #1
 80004d0:	f1a4 04ff 	sub.w	r4, r4, #255	; 0xff
 80004d4:	f5b6 7f00 	cmp.w	r6, #512	; 0x200
 80004d8:	f564 7440 	sbc.w	r4, r4, #768	; 0x300
 80004dc:	d204      	bcs.n	80004e8 <__aeabi_dmul+0x80>
 80004de:	ea5f 0e4e 	movs.w	lr, lr, lsl #1
 80004e2:	416d      	adcs	r5, r5
 80004e4:	eb46 0606 	adc.w	r6, r6, r6
 80004e8:	ea42 21c6 	orr.w	r1, r2, r6, lsl #11
 80004ec:	ea41 5155 	orr.w	r1, r1, r5, lsr #21
 80004f0:	ea4f 20c5 	mov.w	r0, r5, lsl #11
 80004f4:	ea40 505e 	orr.w	r0, r0, lr, lsr #21
 80004f8:	ea4f 2ece 	mov.w	lr, lr, lsl #11
 80004fc:	f1b4 0cfd 	subs.w	ip, r4, #253	; 0xfd
 8000500:	bf88      	it	hi
 8000502:	f5bc 6fe0 	cmphi.w	ip, #1792	; 0x700
 8000506:	d81e      	bhi.n	8000546 <__aeabi_dmul+0xde>
 8000508:	f1be 4f00 	cmp.w	lr, #2147483648	; 0x80000000
 800050c:	bf08      	it	eq
 800050e:	ea5f 0e50 	movseq.w	lr, r0, lsr #1
 8000512:	f150 0000 	adcs.w	r0, r0, #0
 8000516:	eb41 5104 	adc.w	r1, r1, r4, lsl #20
 800051a:	bd70      	pop	{r4, r5, r6, pc}
 800051c:	f006 4600 	and.w	r6, r6, #2147483648	; 0x80000000
 8000520:	ea46 0101 	orr.w	r1, r6, r1
 8000524:	ea40 0002 	orr.w	r0, r0, r2
 8000528:	ea81 0103 	eor.w	r1, r1, r3
 800052c:	ebb4 045c 	subs.w	r4, r4, ip, lsr #1
 8000530:	bfc2      	ittt	gt
 8000532:	ebd4 050c 	rsbsgt	r5, r4, ip
 8000536:	ea41 5104 	orrgt.w	r1, r1, r4, lsl #20
 800053a:	bd70      	popgt	{r4, r5, r6, pc}
 800053c:	f441 1180 	orr.w	r1, r1, #1048576	; 0x100000
 8000540:	f04f 0e00 	mov.w	lr, #0
 8000544:	3c01      	subs	r4, #1
 8000546:	f300 80ab 	bgt.w	80006a0 <__aeabi_dmul+0x238>
 800054a:	f114 0f36 	cmn.w	r4, #54	; 0x36
 800054e:	bfde      	ittt	le
 8000550:	2000      	movle	r0, #0
 8000552:	f001 4100 	andle.w	r1, r1, #2147483648	; 0x80000000
 8000556:	bd70      	pople	{r4, r5, r6, pc}
 8000558:	f1c4 0400 	rsb	r4, r4, #0
 800055c:	3c20      	subs	r4, #32
 800055e:	da35      	bge.n	80005cc <__aeabi_dmul+0x164>
 8000560:	340c      	adds	r4, #12
 8000562:	dc1b      	bgt.n	800059c <__aeabi_dmul+0x134>
 8000564:	f104 0414 	add.w	r4, r4, #20
 8000568:	f1c4 0520 	rsb	r5, r4, #32
 800056c:	fa00 f305 	lsl.w	r3, r0, r5
 8000570:	fa20 f004 	lsr.w	r0, r0, r4
 8000574:	fa01 f205 	lsl.w	r2, r1, r5
 8000578:	ea40 0002 	orr.w	r0, r0, r2
 800057c:	f001 4200 	and.w	r2, r1, #2147483648	; 0x80000000
 8000580:	f021 4100 	bic.w	r1, r1, #2147483648	; 0x80000000
 8000584:	eb10 70d3 	adds.w	r0, r0, r3, lsr #31
 8000588:	fa21 f604 	lsr.w	r6, r1, r4
 800058c:	eb42 0106 	adc.w	r1, r2, r6
 8000590:	ea5e 0e43 	orrs.w	lr, lr, r3, lsl #1
 8000594:	bf08      	it	eq
 8000596:	ea20 70d3 	biceq.w	r0, r0, r3, lsr #31
 800059a:	bd70      	pop	{r4, r5, r6, pc}
 800059c:	f1c4 040c 	rsb	r4, r4, #12
 80005a0:	f1c4 0520 	rsb	r5, r4, #32
 80005a4:	fa00 f304 	lsl.w	r3, r0, r4
 80005a8:	fa20 f005 	lsr.w	r0, r0, r5
 80005ac:	fa01 f204 	lsl.w	r2, r1, r4
 80005b0:	ea40 0002 	orr.w	r0, r0, r2
 80005b4:	f001 4100 	and.w	r1, r1, #2147483648	; 0x80000000
 80005b8:	eb10 70d3 	adds.w	r0, r0, r3, lsr #31
 80005bc:	f141 0100 	adc.w	r1, r1, #0
 80005c0:	ea5e 0e43 	orrs.w	lr, lr, r3, lsl #1
 80005c4:	bf08      	it	eq
 80005c6:	ea20 70d3 	biceq.w	r0, r0, r3, lsr #31
 80005ca:	bd70      	pop	{r4, r5, r6, pc}
 80005cc:	f1c4 0520 	rsb	r5, r4, #32
 80005d0:	fa00 f205 	lsl.w	r2, r0, r5
 80005d4:	ea4e 0e02 	orr.w	lr, lr, r2
 80005d8:	fa20 f304 	lsr.w	r3, r0, r4
 80005dc:	fa01 f205 	lsl.w	r2, r1, r5
 80005e0:	ea43 0302 	orr.w	r3, r3, r2
 80005e4:	fa21 f004 	lsr.w	r0, r1, r4
 80005e8:	f001 4100 	and.w	r1, r1, #2147483648	; 0x80000000
 80005ec:	fa21 f204 	lsr.w	r2, r1, r4
 80005f0:	ea20 0002 	bic.w	r0, r0, r2
 80005f4:	eb00 70d3 	add.w	r0, r0, r3, lsr #31
 80005f8:	ea5e 0e43 	orrs.w	lr, lr, r3, lsl #1
 80005fc:	bf08      	it	eq
 80005fe:	ea20 70d3 	biceq.w	r0, r0, r3, lsr #31
 8000602:	bd70      	pop	{r4, r5, r6, pc}
 8000604:	f094 0f00 	teq	r4, #0
 8000608:	d10f      	bne.n	800062a <__aeabi_dmul+0x1c2>
 800060a:	f001 4600 	and.w	r6, r1, #2147483648	; 0x80000000
 800060e:	0040      	lsls	r0, r0, #1
 8000610:	eb41 0101 	adc.w	r1, r1, r1
 8000614:	f411 1f80 	tst.w	r1, #1048576	; 0x100000
 8000618:	bf08      	it	eq
 800061a:	3c01      	subeq	r4, #1
 800061c:	d0f7      	beq.n	800060e <__aeabi_dmul+0x1a6>
 800061e:	ea41 0106 	orr.w	r1, r1, r6
 8000622:	f095 0f00 	teq	r5, #0
 8000626:	bf18      	it	ne
 8000628:	4770      	bxne	lr
 800062a:	f003 4600 	and.w	r6, r3, #2147483648	; 0x80000000
 800062e:	0052      	lsls	r2, r2, #1
 8000630:	eb43 0303 	adc.w	r3, r3, r3
 8000634:	f413 1f80 	tst.w	r3, #1048576	; 0x100000
 8000638:	bf08      	it	eq
 800063a:	3d01      	subeq	r5, #1
 800063c:	d0f7      	beq.n	800062e <__aeabi_dmul+0x1c6>
 800063e:	ea43 0306 	orr.w	r3, r3, r6
 8000642:	4770      	bx	lr
 8000644:	ea94 0f0c 	teq	r4, ip
 8000648:	ea0c 5513 	and.w	r5, ip, r3, lsr #20
 800064c:	bf18      	it	ne
 800064e:	ea95 0f0c 	teqne	r5, ip
 8000652:	d00c      	beq.n	800066e <__aeabi_dmul+0x206>
 8000654:	ea50 0641 	orrs.w	r6, r0, r1, lsl #1
 8000658:	bf18      	it	ne
 800065a:	ea52 0643 	orrsne.w	r6, r2, r3, lsl #1
 800065e:	d1d1      	bne.n	8000604 <__aeabi_dmul+0x19c>
 8000660:	ea81 0103 	eor.w	r1, r1, r3
 8000664:	f001 4100 	and.w	r1, r1, #2147483648	; 0x80000000
 8000668:	f04f 0000 	mov.w	r0, #0
 800066c:	bd70      	pop	{r4, r5, r6, pc}
 800066e:	ea50 0641 	orrs.w	r6, r0, r1, lsl #1
 8000672:	bf06      	itte	eq
 8000674:	4610      	moveq	r0, r2
 8000676:	4619      	moveq	r1, r3
 8000678:	ea52 0643 	orrsne.w	r6, r2, r3, lsl #1
 800067c:	d019      	beq.n	80006b2 <__aeabi_dmul+0x24a>
 800067e:	ea94 0f0c 	teq	r4, ip
 8000682:	d102      	bne.n	800068a <__aeabi_dmul+0x222>
 8000684:	ea50 3601 	orrs.w	r6, r0, r1, lsl #12
 8000688:	d113      	bne.n	80006b2 <__aeabi_dmul+0x24a>
 800068a:	ea95 0f0c 	teq	r5, ip
 800068e:	d105      	bne.n	800069c <__aeabi_dmul+0x234>
 8000690:	ea52 3603 	orrs.w	r6, r2, r3, lsl #12
 8000694:	bf1c      	itt	ne
 8000696:	4610      	movne	r0, r2
 8000698:	4619      	movne	r1, r3
 800069a:	d10a      	bne.n	80006b2 <__aeabi_dmul+0x24a>
 800069c:	ea81 0103 	eor.w	r1, r1, r3
 80006a0:	f001 4100 	and.w	r1, r1, #2147483648	; 0x80000000
 80006a4:	f041 41fe 	orr.w	r1, r1, #2130706432	; 0x7f000000
 80006a8:	f441 0170 	orr.w	r1, r1, #15728640	; 0xf00000
 80006ac:	f04f 0000 	mov.w	r0, #0
 80006b0:	bd70      	pop	{r4, r5, r6, pc}
 80006b2:	f041 41fe 	orr.w	r1, r1, #2130706432	; 0x7f000000
 80006b6:	f441 0178 	orr.w	r1, r1, #16252928	; 0xf80000
 80006ba:	bd70      	pop	{r4, r5, r6, pc}

080006bc <__aeabi_ddiv>:
 80006bc:	b570      	push	{r4, r5, r6, lr}
 80006be:	f04f 0cff 	mov.w	ip, #255	; 0xff
 80006c2:	f44c 6ce0 	orr.w	ip, ip, #1792	; 0x700
 80006c6:	ea1c 5411 	ands.w	r4, ip, r1, lsr #20
 80006ca:	bf1d      	ittte	ne
 80006cc:	ea1c 5513 	andsne.w	r5, ip, r3, lsr #20
 80006d0:	ea94 0f0c 	teqne	r4, ip
 80006d4:	ea95 0f0c 	teqne	r5, ip
 80006d8:	f000 f8a7 	bleq	800082a <__aeabi_ddiv+0x16e>
 80006dc:	eba4 0405 	sub.w	r4, r4, r5
 80006e0:	ea81 0e03 	eor.w	lr, r1, r3
 80006e4:	ea52 3503 	orrs.w	r5, r2, r3, lsl #12
 80006e8:	ea4f 3101 	mov.w	r1, r1, lsl #12
 80006ec:	f000 8088 	beq.w	8000800 <__aeabi_ddiv+0x144>
 80006f0:	ea4f 3303 	mov.w	r3, r3, lsl #12
 80006f4:	f04f 5580 	mov.w	r5, #268435456	; 0x10000000
 80006f8:	ea45 1313 	orr.w	r3, r5, r3, lsr #4
 80006fc:	ea43 6312 	orr.w	r3, r3, r2, lsr #24
 8000700:	ea4f 2202 	mov.w	r2, r2, lsl #8
 8000704:	ea45 1511 	orr.w	r5, r5, r1, lsr #4
 8000708:	ea45 6510 	orr.w	r5, r5, r0, lsr #24
 800070c:	ea4f 2600 	mov.w	r6, r0, lsl #8
 8000710:	f00e 4100 	and.w	r1, lr, #2147483648	; 0x80000000
 8000714:	429d      	cmp	r5, r3
 8000716:	bf08      	it	eq
 8000718:	4296      	cmpeq	r6, r2
 800071a:	f144 04fd 	adc.w	r4, r4, #253	; 0xfd
 800071e:	f504 7440 	add.w	r4, r4, #768	; 0x300
 8000722:	d202      	bcs.n	800072a <__aeabi_ddiv+0x6e>
 8000724:	085b      	lsrs	r3, r3, #1
 8000726:	ea4f 0232 	mov.w	r2, r2, rrx
 800072a:	1ab6      	subs	r6, r6, r2
 800072c:	eb65 0503 	sbc.w	r5, r5, r3
 8000730:	085b      	lsrs	r3, r3, #1
 8000732:	ea4f 0232 	mov.w	r2, r2, rrx
 8000736:	f44f 1080 	mov.w	r0, #1048576	; 0x100000
 800073a:	f44f 2c00 	mov.w	ip, #524288	; 0x80000
 800073e:	ebb6 0e02 	subs.w	lr, r6, r2
 8000742:	eb75 0e03 	sbcs.w	lr, r5, r3
 8000746:	bf22      	ittt	cs
 8000748:	1ab6      	subcs	r6, r6, r2
 800074a:	4675      	movcs	r5, lr
 800074c:	ea40 000c 	orrcs.w	r0, r0, ip
 8000750:	085b      	lsrs	r3, r3, #1
 8000752:	ea4f 0232 	mov.w	r2, r2, rrx
 8000756:	ebb6 0e02 	subs.w	lr, r6, r2
 800075a:	eb75 0e03 	sbcs.w	lr, r5, r3
 800075e:	bf22      	ittt	cs
 8000760:	1ab6      	subcs	r6, r6, r2
 8000762:	4675      	movcs	r5, lr
 8000764:	ea40 005c 	orrcs.w	r0, r0, ip, lsr #1
 8000768:	085b      	lsrs	r3, r3, #1
 800076a:	ea4f 0232 	mov.w	r2, r2, rrx
 800076e:	ebb6 0e02 	subs.w	lr, r6, r2
 8000772:	eb75 0e03 	sbcs.w	lr, r5, r3
 8000776:	bf22      	ittt	cs
 8000778:	1ab6      	subcs	r6, r6, r2
 800077a:	4675      	movcs	r5, lr
 800077c:	ea40 009c 	orrcs.w	r0, r0, ip, lsr #2
 8000780:	085b      	lsrs	r3, r3, #1
 8000782:	ea4f 0232 	mov.w	r2, r2, rrx
 8000786:	ebb6 0e02 	subs.w	lr, r6, r2
 800078a:	eb75 0e03 	sbcs.w	lr, r5, r3
 800078e:	bf22      	ittt	cs
 8000790:	1ab6      	subcs	r6, r6, r2
 8000792:	4675      	movcs	r5, lr
 8000794:	ea40 00dc 	orrcs.w	r0, r0, ip, lsr #3
 8000798:	ea55 0e06 	orrs.w	lr, r5, r6
 800079c:	d018      	beq.n	80007d0 <__aeabi_ddiv+0x114>
 800079e:	ea4f 1505 	mov.w	r5, r5, lsl #4
 80007a2:	ea45 7516 	orr.w	r5, r5, r6, lsr #28
 80007a6:	ea4f 1606 	mov.w	r6, r6, lsl #4
 80007aa:	ea4f 03c3 	mov.w	r3, r3, lsl #3
 80007ae:	ea43 7352 	orr.w	r3, r3, r2, lsr #29
 80007b2:	ea4f 02c2 	mov.w	r2, r2, lsl #3
 80007b6:	ea5f 1c1c 	movs.w	ip, ip, lsr #4
 80007ba:	d1c0      	bne.n	800073e <__aeabi_ddiv+0x82>
 80007bc:	f411 1f80 	tst.w	r1, #1048576	; 0x100000
 80007c0:	d10b      	bne.n	80007da <__aeabi_ddiv+0x11e>
 80007c2:	ea41 0100 	orr.w	r1, r1, r0
 80007c6:	f04f 0000 	mov.w	r0, #0
 80007ca:	f04f 4c00 	mov.w	ip, #2147483648	; 0x80000000
 80007ce:	e7b6      	b.n	800073e <__aeabi_ddiv+0x82>
 80007d0:	f411 1f80 	tst.w	r1, #1048576	; 0x100000
 80007d4:	bf04      	itt	eq
 80007d6:	4301      	orreq	r1, r0
 80007d8:	2000      	moveq	r0, #0
 80007da:	f1b4 0cfd 	subs.w	ip, r4, #253	; 0xfd
 80007de:	bf88      	it	hi
 80007e0:	f5bc 6fe0 	cmphi.w	ip, #1792	; 0x700
 80007e4:	f63f aeaf 	bhi.w	8000546 <__aeabi_dmul+0xde>
 80007e8:	ebb5 0c03 	subs.w	ip, r5, r3
 80007ec:	bf04      	itt	eq
 80007ee:	ebb6 0c02 	subseq.w	ip, r6, r2
 80007f2:	ea5f 0c50 	movseq.w	ip, r0, lsr #1
 80007f6:	f150 0000 	adcs.w	r0, r0, #0
 80007fa:	eb41 5104 	adc.w	r1, r1, r4, lsl #20
 80007fe:	bd70      	pop	{r4, r5, r6, pc}
 8000800:	f00e 4e00 	and.w	lr, lr, #2147483648	; 0x80000000
 8000804:	ea4e 3111 	orr.w	r1, lr, r1, lsr #12
 8000808:	eb14 045c 	adds.w	r4, r4, ip, lsr #1
 800080c:	bfc2      	ittt	gt
 800080e:	ebd4 050c 	rsbsgt	r5, r4, ip
 8000812:	ea41 5104 	orrgt.w	r1, r1, r4, lsl #20
 8000816:	bd70      	popgt	{r4, r5, r6, pc}
 8000818:	f441 1180 	orr.w	r1, r1, #1048576	; 0x100000
 800081c:	f04f 0e00 	mov.w	lr, #0
 8000820:	3c01      	subs	r4, #1
 8000822:	e690      	b.n	8000546 <__aeabi_dmul+0xde>
 8000824:	ea45 0e06 	orr.w	lr, r5, r6
 8000828:	e68d      	b.n	8000546 <__aeabi_dmul+0xde>
 800082a:	ea0c 5513 	and.w	r5, ip, r3, lsr #20
 800082e:	ea94 0f0c 	teq	r4, ip
 8000832:	bf08      	it	eq
 8000834:	ea95 0f0c 	teqeq	r5, ip
 8000838:	f43f af3b 	beq.w	80006b2 <__aeabi_dmul+0x24a>
 800083c:	ea94 0f0c 	teq	r4, ip
 8000840:	d10a      	bne.n	8000858 <__aeabi_ddiv+0x19c>
 8000842:	ea50 3401 	orrs.w	r4, r0, r1, lsl #12
 8000846:	f47f af34 	bne.w	80006b2 <__aeabi_dmul+0x24a>
 800084a:	ea95 0f0c 	teq	r5, ip
 800084e:	f47f af25 	bne.w	800069c <__aeabi_dmul+0x234>
 8000852:	4610      	mov	r0, r2
 8000854:	4619      	mov	r1, r3
 8000856:	e72c      	b.n	80006b2 <__aeabi_dmul+0x24a>
 8000858:	ea95 0f0c 	teq	r5, ip
 800085c:	d106      	bne.n	800086c <__aeabi_ddiv+0x1b0>
 800085e:	ea52 3503 	orrs.w	r5, r2, r3, lsl #12
 8000862:	f43f aefd 	beq.w	8000660 <__aeabi_dmul+0x1f8>
 8000866:	4610      	mov	r0, r2
 8000868:	4619      	mov	r1, r3
 800086a:	e722      	b.n	80006b2 <__aeabi_dmul+0x24a>
 800086c:	ea50 0641 	orrs.w	r6, r0, r1, lsl #1
 8000870:	bf18      	it	ne
 8000872:	ea52 0643 	orrsne.w	r6, r2, r3, lsl #1
 8000876:	f47f aec5 	bne.w	8000604 <__aeabi_dmul+0x19c>
 800087a:	ea50 0441 	orrs.w	r4, r0, r1, lsl #1
 800087e:	f47f af0d 	bne.w	800069c <__aeabi_dmul+0x234>
 8000882:	ea52 0543 	orrs.w	r5, r2, r3, lsl #1
 8000886:	f47f aeeb 	bne.w	8000660 <__aeabi_dmul+0x1f8>
 800088a:	e712      	b.n	80006b2 <__aeabi_dmul+0x24a>

0800088c <__aeabi_d2uiz>:
 800088c:	004a      	lsls	r2, r1, #1
 800088e:	d211      	bcs.n	80008b4 <__aeabi_d2uiz+0x28>
 8000890:	f512 1200 	adds.w	r2, r2, #2097152	; 0x200000
 8000894:	d211      	bcs.n	80008ba <__aeabi_d2uiz+0x2e>
 8000896:	d50d      	bpl.n	80008b4 <__aeabi_d2uiz+0x28>
 8000898:	f46f 7378 	mvn.w	r3, #992	; 0x3e0
 800089c:	ebb3 5262 	subs.w	r2, r3, r2, asr #21
 80008a0:	d40e      	bmi.n	80008c0 <__aeabi_d2uiz+0x34>
 80008a2:	ea4f 23c1 	mov.w	r3, r1, lsl #11
 80008a6:	f043 4300 	orr.w	r3, r3, #2147483648	; 0x80000000
 80008aa:	ea43 5350 	orr.w	r3, r3, r0, lsr #21
 80008ae:	fa23 f002 	lsr.w	r0, r3, r2
 80008b2:	4770      	bx	lr
 80008b4:	f04f 0000 	mov.w	r0, #0
 80008b8:	4770      	bx	lr
 80008ba:	ea50 3001 	orrs.w	r0, r0, r1, lsl #12
 80008be:	d102      	bne.n	80008c6 <__aeabi_d2uiz+0x3a>
 80008c0:	f04f 30ff 	mov.w	r0, #4294967295
 80008c4:	4770      	bx	lr
 80008c6:	f04f 0000 	mov.w	r0, #0
 80008ca:	4770      	bx	lr

080008cc <strlen>:
 80008cc:	4603      	mov	r3, r0
 80008ce:	f813 2b01 	ldrb.w	r2, [r3], #1
 80008d2:	2a00      	cmp	r2, #0
 80008d4:	d1fb      	bne.n	80008ce <strlen+0x2>
 80008d6:	1a18      	subs	r0, r3, r0
 80008d8:	3801      	subs	r0, #1
 80008da:	4770      	bx	lr

080008dc <Soft_I2C_SDA_OutOD>:
// »Ìº˛I2C—” ± (∑≈¬˝ÀŸ∂»£¨»∑±£–≈∫≈Œ»∂®)
static void Soft_I2C_Delay(void) {
    Delay_Us(50); // ‘ˆº”—” ±µΩ50us (‘º10kHz)£¨  ”¶10k»ı…œ¿≠
}

static void Soft_I2C_SDA_OutOD(void) {
 80008dc:	b507      	push	{r0, r1, r2, lr}
  GPIO_InitTypeDef GPIO_InitStructure = {0};
  GPIO_InitStructure.GPIO_Pin = I2C_SDA_PIN;
 80008de:	4b04      	ldr	r3, [pc, #16]	; (80008f0 <Soft_I2C_SDA_OutOD+0x14>)
  GPIO_InitStructure.GPIO_Mode = GPIO_Mode_Out_OD;
  GPIO_InitStructure.GPIO_Speed = GPIO_Speed_50MHz;
  GPIO_Init(I2C_GPIO_PORT, &GPIO_InitStructure);
 80008e0:	4804      	ldr	r0, [pc, #16]	; (80008f4 <Soft_I2C_SDA_OutOD+0x18>)
 80008e2:	a901      	add	r1, sp, #4
  GPIO_InitStructure.GPIO_Pin = I2C_SDA_PIN;
 80008e4:	9301      	str	r3, [sp, #4]
  GPIO_Init(I2C_GPIO_PORT, &GPIO_InitStructure);
 80008e6:	f000 ff88 	bl	80017fa <GPIO_Init>
}
 80008ea:	b003      	add	sp, #12
 80008ec:	f85d fb04 	ldr.w	pc, [sp], #4
 80008f0:	14030080 	.word	0x14030080
 80008f4:	40010c00 	.word	0x40010c00

080008f8 <Soft_I2C_SDA_InPU>:

static void Soft_I2C_SDA_InPU(void) {
 80008f8:	b507      	push	{r0, r1, r2, lr}
  GPIO_InitTypeDef GPIO_InitStructure = {0};
  GPIO_InitStructure.GPIO_Pin = I2C_SDA_PIN;
 80008fa:	4b04      	ldr	r3, [pc, #16]	; (800090c <Soft_I2C_SDA_InPU+0x14>)
  GPIO_InitStructure.GPIO_Mode = GPIO_Mode_IPU;
  GPIO_InitStructure.GPIO_Speed = GPIO_Speed_50MHz;
  GPIO_Init(I2C_GPIO_PORT, &GPIO_InitStructure);
 80008fc:	4804      	ldr	r0, [pc, #16]	; (8000910 <Soft_I2C_SDA_InPU+0x18>)
 80008fe:	a901      	add	r1, sp, #4
  GPIO_InitStructure.GPIO_Pin = I2C_SDA_PIN;
 8000900:	9301      	str	r3, [sp, #4]
  GPIO_Init(I2C_GPIO_PORT, &GPIO_InitStructure);
 8000902:	f000 ff7a 	bl	80017fa <GPIO_Init>
}
 8000906:	b003      	add	sp, #12
 8000908:	f85d fb04 	ldr.w	pc, [sp], #4
 800090c:	48030080 	.word	0x48030080
 8000910:	40010c00 	.word	0x40010c00

08000914 <Soft_I2C_Delay>:
    Delay_Us(50); // ‘ˆº”—” ±µΩ50us (‘º10kHz)£¨  ”¶10k»ı…œ¿≠
 8000914:	2032      	movs	r0, #50	; 0x32
 8000916:	f001 bac3 	b.w	8001ea0 <Delay_Us>
	...

0800091c <Soft_I2C_Start>:
  I2C_SDA_H;
  Soft_I2C_Delay();
}

// »Ìº˛I2C∆ º–≈∫≈
static void Soft_I2C_Start(void) {
 800091c:	b510      	push	{r4, lr}
  Soft_I2C_SDA_OutOD();
    I2C_SDA_H;
 800091e:	4c0c      	ldr	r4, [pc, #48]	; (8000950 <Soft_I2C_Start+0x34>)
  Soft_I2C_SDA_OutOD();
 8000920:	f7ff ffdc 	bl	80008dc <Soft_I2C_SDA_OutOD>
    I2C_SDA_H;
 8000924:	4620      	mov	r0, r4
 8000926:	2180      	movs	r1, #128	; 0x80
 8000928:	f000 ffbd 	bl	80018a6 <GPIO_SetBits>
    I2C_SCL_H;
 800092c:	4620      	mov	r0, r4
 800092e:	2140      	movs	r1, #64	; 0x40
 8000930:	f000 ffb9 	bl	80018a6 <GPIO_SetBits>
    Soft_I2C_Delay();
 8000934:	f7ff ffee 	bl	8000914 <Soft_I2C_Delay>
    I2C_SDA_L;
 8000938:	4620      	mov	r0, r4
 800093a:	2180      	movs	r1, #128	; 0x80
 800093c:	f000 ffb5 	bl	80018aa <GPIO_ResetBits>
    Soft_I2C_Delay();
 8000940:	f7ff ffe8 	bl	8000914 <Soft_I2C_Delay>
    I2C_SCL_L;
 8000944:	4620      	mov	r0, r4
}
 8000946:	e8bd 4010 	ldmia.w	sp!, {r4, lr}
    I2C_SCL_L;
 800094a:	2140      	movs	r1, #64	; 0x40
 800094c:	f000 bfad 	b.w	80018aa <GPIO_ResetBits>
 8000950:	40010c00 	.word	0x40010c00

08000954 <Soft_I2C_SendByte>:
  Soft_I2C_SDA_OutOD();
    return ack;
}

// »Ìº˛I2C∑¢ÀÕ◊÷Ω⁄
static void Soft_I2C_SendByte(u8 byte) {
 8000954:	b570      	push	{r4, r5, r6, lr}
 8000956:	4604      	mov	r4, r0
    u8 i;
  Soft_I2C_SDA_OutOD();
 8000958:	2508      	movs	r5, #8
 800095a:	f7ff ffbf 	bl	80008dc <Soft_I2C_SDA_OutOD>
    for (i = 0; i < 8; i++) {
        if (byte & 0x80) {
            I2C_SDA_H;
        } else {
            I2C_SDA_L;
 800095e:	4e10      	ldr	r6, [pc, #64]	; (80009a0 <Soft_I2C_SendByte+0x4c>)
        if (byte & 0x80) {
 8000960:	0623      	lsls	r3, r4, #24
            I2C_SDA_H;
 8000962:	f04f 0180 	mov.w	r1, #128	; 0x80
 8000966:	4630      	mov	r0, r6
        if (byte & 0x80) {
 8000968:	d516      	bpl.n	8000998 <Soft_I2C_SendByte+0x44>
            I2C_SDA_H;
 800096a:	f000 ff9c 	bl	80018a6 <GPIO_SetBits>
        }
        byte <<= 1;
        Soft_I2C_Delay();
 800096e:	f7ff ffd1 	bl	8000914 <Soft_I2C_Delay>
        I2C_SCL_H;
 8000972:	2140      	movs	r1, #64	; 0x40
 8000974:	4630      	mov	r0, r6
 8000976:	f000 ff96 	bl	80018a6 <GPIO_SetBits>
 800097a:	3d01      	subs	r5, #1
        Soft_I2C_Delay();
 800097c:	f7ff ffca 	bl	8000914 <Soft_I2C_Delay>
        I2C_SCL_L;
 8000980:	2140      	movs	r1, #64	; 0x40
 8000982:	4630      	mov	r0, r6
 8000984:	f000 ff91 	bl	80018aa <GPIO_ResetBits>
        byte <<= 1;
 8000988:	0064      	lsls	r4, r4, #1
        Soft_I2C_Delay();
 800098a:	f7ff ffc3 	bl	8000914 <Soft_I2C_Delay>
    for (i = 0; i < 8; i++) {
 800098e:	f015 05ff 	ands.w	r5, r5, #255	; 0xff
        byte <<= 1;
 8000992:	b2e4      	uxtb	r4, r4
    for (i = 0; i < 8; i++) {
 8000994:	d1e4      	bne.n	8000960 <Soft_I2C_SendByte+0xc>
    }
}
 8000996:	bd70      	pop	{r4, r5, r6, pc}
            I2C_SDA_L;
 8000998:	f000 ff87 	bl	80018aa <GPIO_ResetBits>
 800099c:	e7e7      	b.n	800096e <Soft_I2C_SendByte+0x1a>
 800099e:	bf00      	nop
 80009a0:	40010c00 	.word	0x40010c00

080009a4 <Soft_I2C_WaitAck>:
static u8 Soft_I2C_WaitAck(void) {
 80009a4:	b538      	push	{r3, r4, r5, lr}
    I2C_SCL_H;
 80009a6:	4d0d      	ldr	r5, [pc, #52]	; (80009dc <Soft_I2C_WaitAck+0x38>)
  Soft_I2C_SDA_InPU(); //  Õ∑≈SDA
 80009a8:	f7ff ffa6 	bl	80008f8 <Soft_I2C_SDA_InPU>
    Soft_I2C_Delay();
 80009ac:	f7ff ffb2 	bl	8000914 <Soft_I2C_Delay>
    I2C_SCL_H;
 80009b0:	4628      	mov	r0, r5
 80009b2:	2140      	movs	r1, #64	; 0x40
 80009b4:	f000 ff77 	bl	80018a6 <GPIO_SetBits>
    Soft_I2C_Delay();
 80009b8:	f7ff ffac 	bl	8000914 <Soft_I2C_Delay>
    if (I2C_SDA_READ) {
 80009bc:	2180      	movs	r1, #128	; 0x80
 80009be:	4628      	mov	r0, r5
 80009c0:	f000 ff6b 	bl	800189a <GPIO_ReadInputDataBit>
 80009c4:	4604      	mov	r4, r0
    I2C_SCL_L;
 80009c6:	2140      	movs	r1, #64	; 0x40
 80009c8:	4628      	mov	r0, r5
 80009ca:	f000 ff6e 	bl	80018aa <GPIO_ResetBits>
  Soft_I2C_SDA_OutOD();
 80009ce:	f7ff ff85 	bl	80008dc <Soft_I2C_SDA_OutOD>
}
 80009d2:	1e20      	subs	r0, r4, #0
 80009d4:	bf18      	it	ne
 80009d6:	2001      	movne	r0, #1
 80009d8:	bd38      	pop	{r3, r4, r5, pc}
 80009da:	bf00      	nop
 80009dc:	40010c00 	.word	0x40010c00

080009e0 <Soft_I2C_Stop>:
static void Soft_I2C_Stop(void) {
 80009e0:	b510      	push	{r4, lr}
    I2C_SDA_L;
 80009e2:	4c0a      	ldr	r4, [pc, #40]	; (8000a0c <Soft_I2C_Stop+0x2c>)
  Soft_I2C_SDA_OutOD();
 80009e4:	f7ff ff7a 	bl	80008dc <Soft_I2C_SDA_OutOD>
    I2C_SDA_L;
 80009e8:	4620      	mov	r0, r4
 80009ea:	2180      	movs	r1, #128	; 0x80
 80009ec:	f000 ff5d 	bl	80018aa <GPIO_ResetBits>
    I2C_SCL_H;
 80009f0:	4620      	mov	r0, r4
 80009f2:	2140      	movs	r1, #64	; 0x40
 80009f4:	f000 ff57 	bl	80018a6 <GPIO_SetBits>
    Soft_I2C_Delay();
 80009f8:	f7ff ff8c 	bl	8000914 <Soft_I2C_Delay>
    I2C_SDA_H;
 80009fc:	4620      	mov	r0, r4
 80009fe:	2180      	movs	r1, #128	; 0x80
 8000a00:	f000 ff51 	bl	80018a6 <GPIO_SetBits>
}
 8000a04:	e8bd 4010 	ldmia.w	sp!, {r4, lr}
    Soft_I2C_Delay();
 8000a08:	f7ff bf84 	b.w	8000914 <Soft_I2C_Delay>
 8000a0c:	40010c00 	.word	0x40010c00

08000a10 <Soft_I2C_ReadByte>:

// »Ìº˛I2C∂¡»°◊÷Ω⁄
static u8 Soft_I2C_ReadByte(u8 ack) {
 8000a10:	b5f8      	push	{r3, r4, r5, r6, r7, lr}
 8000a12:	4606      	mov	r6, r0
    u8 i, byte = 0;
  Soft_I2C_SDA_InPU();
 8000a14:	2508      	movs	r5, #8
 8000a16:	f7ff ff6f 	bl	80008f8 <Soft_I2C_SDA_InPU>
    u8 i, byte = 0;
 8000a1a:	2400      	movs	r4, #0
    for (i = 0; i < 8; i++) {
        I2C_SCL_H;
 8000a1c:	4f1a      	ldr	r7, [pc, #104]	; (8000a88 <Soft_I2C_ReadByte+0x78>)
 8000a1e:	2140      	movs	r1, #64	; 0x40
 8000a20:	4638      	mov	r0, r7
 8000a22:	f000 ff40 	bl	80018a6 <GPIO_SetBits>
        Soft_I2C_Delay(); // µ»¥˝SCL…œ…˝
        byte <<= 1;
 8000a26:	0064      	lsls	r4, r4, #1
        Soft_I2C_Delay(); // µ»¥˝SCL…œ…˝
 8000a28:	f7ff ff74 	bl	8000914 <Soft_I2C_Delay>
        if (I2C_SDA_READ) {
 8000a2c:	2180      	movs	r1, #128	; 0x80
 8000a2e:	4638      	mov	r0, r7
        byte <<= 1;
 8000a30:	b2e4      	uxtb	r4, r4
        if (I2C_SDA_READ) {
 8000a32:	f000 ff32 	bl	800189a <GPIO_ReadInputDataBit>
 8000a36:	b108      	cbz	r0, 8000a3c <Soft_I2C_ReadByte+0x2c>
            byte |= 0x01;
 8000a38:	f044 0401 	orr.w	r4, r4, #1
        }
        I2C_SCL_L;
 8000a3c:	2140      	movs	r1, #64	; 0x40
 8000a3e:	4638      	mov	r0, r7
 8000a40:	3d01      	subs	r5, #1
 8000a42:	f000 ff32 	bl	80018aa <GPIO_ResetBits>
        Soft_I2C_Delay();
 8000a46:	f7ff ff65 	bl	8000914 <Soft_I2C_Delay>
    for (i = 0; i < 8; i++) {
 8000a4a:	f015 05ff 	ands.w	r5, r5, #255	; 0xff
 8000a4e:	d1e6      	bne.n	8000a1e <Soft_I2C_ReadByte+0xe>
    }
    
    // ∑¢ÀÕ”¶¥
  Soft_I2C_SDA_OutOD();
 8000a50:	f7ff ff44 	bl	80008dc <Soft_I2C_SDA_OutOD>
    if (ack) {
        I2C_SDA_L; // ACK
 8000a54:	2180      	movs	r1, #128	; 0x80
 8000a56:	480c      	ldr	r0, [pc, #48]	; (8000a88 <Soft_I2C_ReadByte+0x78>)
    if (ack) {
 8000a58:	b19e      	cbz	r6, 8000a82 <Soft_I2C_ReadByte+0x72>
        I2C_SDA_L; // ACK
 8000a5a:	f000 ff26 	bl	80018aa <GPIO_ResetBits>
    } else {
        I2C_SDA_H; // NACK
    }
    Soft_I2C_Delay();
 8000a5e:	f7ff ff59 	bl	8000914 <Soft_I2C_Delay>
    I2C_SCL_H;
 8000a62:	2140      	movs	r1, #64	; 0x40
 8000a64:	4808      	ldr	r0, [pc, #32]	; (8000a88 <Soft_I2C_ReadByte+0x78>)
 8000a66:	f000 ff1e 	bl	80018a6 <GPIO_SetBits>
    Soft_I2C_Delay();
 8000a6a:	f7ff ff53 	bl	8000914 <Soft_I2C_Delay>
    I2C_SCL_L;
 8000a6e:	2140      	movs	r1, #64	; 0x40
 8000a70:	4805      	ldr	r0, [pc, #20]	; (8000a88 <Soft_I2C_ReadByte+0x78>)
 8000a72:	f000 ff1a 	bl	80018aa <GPIO_ResetBits>
    I2C_SDA_H; //  Õ∑≈
 8000a76:	2180      	movs	r1, #128	; 0x80
 8000a78:	4803      	ldr	r0, [pc, #12]	; (8000a88 <Soft_I2C_ReadByte+0x78>)
 8000a7a:	f000 ff14 	bl	80018a6 <GPIO_SetBits>
    
    return byte;
}
 8000a7e:	4620      	mov	r0, r4
 8000a80:	bdf8      	pop	{r3, r4, r5, r6, r7, pc}
        I2C_SDA_H; // NACK
 8000a82:	f000 ff10 	bl	80018a6 <GPIO_SetBits>
 8000a86:	e7ea      	b.n	8000a5e <Soft_I2C_ReadByte+0x4e>
 8000a88:	40010c00 	.word	0x40010c00

08000a8c <BH1750_WriteCmd>:
  }
  Soft_I2C_Stop();
  return 1;
}

static int BH1750_WriteCmd(u8 cmd) {
 8000a8c:	b510      	push	{r4, lr}
 8000a8e:	4604      	mov	r4, r0
  Soft_I2C_Start();
 8000a90:	f7ff ff44 	bl	800091c <Soft_I2C_Start>
  Soft_I2C_SendByte(g_bh1750_addr);
 8000a94:	4b0a      	ldr	r3, [pc, #40]	; (8000ac0 <BH1750_WriteCmd+0x34>)
 8000a96:	7818      	ldrb	r0, [r3, #0]
 8000a98:	f7ff ff5c 	bl	8000954 <Soft_I2C_SendByte>
  if (Soft_I2C_WaitAck()) { Soft_I2C_Stop(); return 0; }
 8000a9c:	f7ff ff82 	bl	80009a4 <Soft_I2C_WaitAck>
 8000aa0:	b118      	cbz	r0, 8000aaa <BH1750_WriteCmd+0x1e>
 8000aa2:	f7ff ff9d 	bl	80009e0 <Soft_I2C_Stop>
 8000aa6:	2000      	movs	r0, #0
  Soft_I2C_SendByte(cmd);
  if (Soft_I2C_WaitAck()) { Soft_I2C_Stop(); return 0; }
  Soft_I2C_Stop();
  return 1;
}
 8000aa8:	bd10      	pop	{r4, pc}
  Soft_I2C_SendByte(cmd);
 8000aaa:	4620      	mov	r0, r4
 8000aac:	f7ff ff52 	bl	8000954 <Soft_I2C_SendByte>
  if (Soft_I2C_WaitAck()) { Soft_I2C_Stop(); return 0; }
 8000ab0:	f7ff ff78 	bl	80009a4 <Soft_I2C_WaitAck>
 8000ab4:	2800      	cmp	r0, #0
 8000ab6:	d1f4      	bne.n	8000aa2 <BH1750_WriteCmd+0x16>
  Soft_I2C_Stop();
 8000ab8:	f7ff ff92 	bl	80009e0 <Soft_I2C_Stop>
  return 1;
 8000abc:	2001      	movs	r0, #1
 8000abe:	e7f3      	b.n	8000aa8 <BH1750_WriteCmd+0x1c>
 8000ac0:	20000000 	.word	0x20000000

08000ac4 <BH1750_Detect>:
  Soft_I2C_Stop();
  *raw = ((u16)hi << 8) | lo;
  return 1;
}

static int BH1750_Detect(void) {
 8000ac4:	b508      	push	{r3, lr}
  Soft_I2C_Start();
 8000ac6:	f7ff ff29 	bl	800091c <Soft_I2C_Start>
  Soft_I2C_SendByte(addr);
 8000aca:	2046      	movs	r0, #70	; 0x46
 8000acc:	f7ff ff42 	bl	8000954 <Soft_I2C_SendByte>
  if (Soft_I2C_WaitAck()) {
 8000ad0:	f7ff ff68 	bl	80009a4 <Soft_I2C_WaitAck>
 8000ad4:	b168      	cbz	r0, 8000af2 <BH1750_Detect+0x2e>
    Soft_I2C_Stop();
 8000ad6:	f7ff ff83 	bl	80009e0 <Soft_I2C_Stop>
  Soft_I2C_Start();
 8000ada:	f7ff ff1f 	bl	800091c <Soft_I2C_Start>
  Soft_I2C_SendByte(addr);
 8000ade:	20b8      	movs	r0, #184	; 0xb8
 8000ae0:	f7ff ff38 	bl	8000954 <Soft_I2C_SendByte>
  if (Soft_I2C_WaitAck()) {
 8000ae4:	f7ff ff5e 	bl	80009a4 <Soft_I2C_WaitAck>
 8000ae8:	b150      	cbz	r0, 8000b00 <BH1750_Detect+0x3c>
    Soft_I2C_Stop();
 8000aea:	f7ff ff79 	bl	80009e0 <Soft_I2C_Stop>
  if (BH1750_Ping(0x23 << 1)) { g_bh1750_addr = (0x23 << 1); return 1; }
  if (BH1750_Ping(0x5C << 1)) { g_bh1750_addr = (0x5C << 1); return 1; }
  return 0;
 8000aee:	2000      	movs	r0, #0
}
 8000af0:	bd08      	pop	{r3, pc}
  Soft_I2C_Stop();
 8000af2:	f7ff ff75 	bl	80009e0 <Soft_I2C_Stop>
  if (BH1750_Ping(0x23 << 1)) { g_bh1750_addr = (0x23 << 1); return 1; }
 8000af6:	2246      	movs	r2, #70	; 0x46
 8000af8:	4b04      	ldr	r3, [pc, #16]	; (8000b0c <BH1750_Detect+0x48>)
  if (BH1750_Ping(0x5C << 1)) { g_bh1750_addr = (0x5C << 1); return 1; }
 8000afa:	2001      	movs	r0, #1
 8000afc:	701a      	strb	r2, [r3, #0]
 8000afe:	e7f7      	b.n	8000af0 <BH1750_Detect+0x2c>
  Soft_I2C_Stop();
 8000b00:	f7ff ff6e 	bl	80009e0 <Soft_I2C_Stop>
  if (BH1750_Ping(0x5C << 1)) { g_bh1750_addr = (0x5C << 1); return 1; }
 8000b04:	22b8      	movs	r2, #184	; 0xb8
 8000b06:	4b01      	ldr	r3, [pc, #4]	; (8000b0c <BH1750_Detect+0x48>)
 8000b08:	e7f7      	b.n	8000afa <BH1750_Detect+0x36>
 8000b0a:	bf00      	nop
 8000b0c:	20000000 	.word	0x20000000

08000b10 <SystemClock_Config_8MHz>:
/*********************************************************************
 * @∫Ø ˝√˚    SystemClock_Config_8MHz
 * @π¶ƒ‹      ≈‰÷√œµÕ≥ ±÷”£∫8MHzÕ‚÷√æß’Ò °˙ 72MHz
 * @∑µªÿ÷µ    Œﬁ
 ********************************************************************/
void SystemClock_Config_8MHz(void) {
 8000b10:	b508      	push	{r3, lr}
  RCC_DeInit();
 8000b12:	f000 ff05 	bl	8001920 <RCC_DeInit>
  
  //  πƒ‹8MHzÕ‚≤øæß’Ò
  RCC_HSEConfig(RCC_HSE_ON);
 8000b16:	f44f 3080 	mov.w	r0, #65536	; 0x10000
 8000b1a:	f000 ff21 	bl	8001960 <RCC_HSEConfig>
  while (RCC_GetFlagStatus(RCC_FLAG_HSERDY) == RESET);
 8000b1e:	2031      	movs	r0, #49	; 0x31
 8000b20:	f000 fff2 	bl	8001b08 <RCC_GetFlagStatus>
 8000b24:	2800      	cmp	r0, #0
 8000b26:	d0fa      	beq.n	8000b1e <SystemClock_Config_8MHz+0xe>
  
  // ≈‰÷√PLL£∫8MHz °¡ 9 = 72MHz
  RCC_PLLConfig(RCC_PLLSource_HSE_Div1, RCC_PLLMul_9);
 8000b28:	f44f 3080 	mov.w	r0, #65536	; 0x10000
 8000b2c:	f44f 11e0 	mov.w	r1, #1835008	; 0x1c0000
 8000b30:	f000 ff32 	bl	8001998 <RCC_PLLConfig>
  RCC_PLLCmd(ENABLE);
 8000b34:	2001      	movs	r0, #1
 8000b36:	f000 ff39 	bl	80019ac <RCC_PLLCmd>
  while (RCC_GetFlagStatus(RCC_FLAG_PLLRDY) == RESET);
 8000b3a:	2039      	movs	r0, #57	; 0x39
 8000b3c:	f000 ffe4 	bl	8001b08 <RCC_GetFlagStatus>
 8000b40:	2800      	cmp	r0, #0
 8000b42:	d0fa      	beq.n	8000b3a <SystemClock_Config_8MHz+0x2a>
  
  // ≈‰÷√◊‹œﬂ∑÷∆µ
  RCC_HCLKConfig(RCC_SYSCLK_Div1);
 8000b44:	2000      	movs	r0, #0
 8000b46:	f000 ff49 	bl	80019dc <RCC_HCLKConfig>
  RCC_PCLK1Config(RCC_HCLK_Div2);
 8000b4a:	f44f 6080 	mov.w	r0, #1024	; 0x400
 8000b4e:	f000 ff4f 	bl	80019f0 <RCC_PCLK1Config>
  RCC_PCLK2Config(RCC_HCLK_Div1);
 8000b52:	2000      	movs	r0, #0
 8000b54:	f000 ff56 	bl	8001a04 <RCC_PCLK2Config>
  
  // «–ªªœµÕ≥ ±÷”µΩPLL
  RCC_SYSCLKConfig(RCC_SYSCLKSource_PLLCLK);
 8000b58:	2002      	movs	r0, #2
 8000b5a:	f000 ff2d 	bl	80019b8 <RCC_SYSCLKConfig>
  while (RCC_GetSYSCLKSource() != 0x08);
 8000b5e:	f000 ff35 	bl	80019cc <RCC_GetSYSCLKSource>
 8000b62:	2808      	cmp	r0, #8
 8000b64:	d1fb      	bne.n	8000b5e <SystemClock_Config_8MHz+0x4e>

  // ∏¸–¬SystemCoreClock£¨»∑±£∫Û–¯—” ±”Î¥Ú”°’˝»∑
  SystemCoreClockUpdate();
}
 8000b66:	e8bd 4008 	ldmia.w	sp!, {r3, lr}
  SystemCoreClockUpdate();
 8000b6a:	f000 bdf1 	b.w	8001750 <SystemCoreClockUpdate>
	...

08000b70 <PWM_Init>:
/*********************************************************************
 * @∫Ø ˝√˚    PWM_Init
 * @π¶ƒ‹      ≥ı ºªØPWM£∫≈Øµ∆TIM2”≤º˛PWM(PA3)£¨∞◊π‚PA4»Ìº˛PWM(TIM3÷–∂œ)
 * @∑µªÿ÷µ    Œﬁ
 ********************************************************************/
void PWM_Init(void) {
 8000b70:	b570      	push	{r4, r5, r6, lr}
  GPIO_InitTypeDef GPIO_InitStructure = {0};
 8000b72:	2400      	movs	r4, #0
  TIM_TimeBaseInitTypeDef TIM_TimeBaseStructure = {0};
  TIM_OCInitTypeDef TIM_OCInitStructure = {0};
 8000b74:	2610      	movs	r6, #16
void PWM_Init(void) {
 8000b76:	b08a      	sub	sp, #40	; 0x28
  TIM_OCInitTypeDef TIM_OCInitStructure = {0};
 8000b78:	4632      	mov	r2, r6
 8000b7a:	4621      	mov	r1, r4
 8000b7c:	a806      	add	r0, sp, #24
  TIM_TimeBaseInitTypeDef TIM_TimeBaseStructure = {0};
 8000b7e:	e9cd 4403 	strd	r4, r4, [sp, #12]
  GPIO_InitTypeDef GPIO_InitStructure = {0};
 8000b82:	9401      	str	r4, [sp, #4]
  TIM_TimeBaseInitTypeDef TIM_TimeBaseStructure = {0};
 8000b84:	f8ad 4014 	strh.w	r4, [sp, #20]
  TIM_OCInitTypeDef TIM_OCInitStructure = {0};
 8000b88:	f001 fa06 	bl	8001f98 <memset>
  NVIC_InitTypeDef NVIC_InitStructure = {0};

  //  πƒ‹TIM2/TIM3∫ÕGPIOA ±÷”
  RCC_APB1PeriphClockCmd(RCC_APB1Periph_TIM2 | RCC_APB1Periph_TIM3, ENABLE);
 8000b8c:	2101      	movs	r1, #1
 8000b8e:	2003      	movs	r0, #3

  // PA3£∫TIM2 CH4 ”≤º˛PWM(∏¥”√Õ∆ÕÏ)
  GPIO_InitStructure.GPIO_Pin = GPIO_Pin_3;
  GPIO_InitStructure.GPIO_Mode = GPIO_Mode_AF_PP;
  GPIO_InitStructure.GPIO_Speed = GPIO_Speed_50MHz;
  GPIO_Init(GPIOA, &GPIO_InitStructure);
 8000b90:	4d35      	ldr	r5, [pc, #212]	; (8000c68 <PWM_Init+0xf8>)
  NVIC_InitTypeDef NVIC_InitStructure = {0};
 8000b92:	9402      	str	r4, [sp, #8]
  RCC_APB1PeriphClockCmd(RCC_APB1Periph_TIM2 | RCC_APB1Periph_TIM3, ENABLE);
 8000b94:	f000 ff94 	bl	8001ac0 <RCC_APB1PeriphClockCmd>
  RCC_APB2PeriphClockCmd(RCC_APB2Periph_GPIOA | RCC_APB2Periph_AFIO, ENABLE);
 8000b98:	2101      	movs	r1, #1
 8000b9a:	2005      	movs	r0, #5
 8000b9c:	f000 ff84 	bl	8001aa8 <RCC_APB2PeriphClockCmd>
  GPIO_InitStructure.GPIO_Pin = GPIO_Pin_3;
 8000ba0:	4b32      	ldr	r3, [pc, #200]	; (8000c6c <PWM_Init+0xfc>)
  GPIO_Init(GPIOA, &GPIO_InitStructure);
 8000ba2:	4628      	mov	r0, r5
 8000ba4:	a901      	add	r1, sp, #4
  GPIO_InitStructure.GPIO_Pin = GPIO_Pin_3;
 8000ba6:	9301      	str	r3, [sp, #4]
  GPIO_Init(GPIOA, &GPIO_InitStructure);
 8000ba8:	f000 fe27 	bl	80017fa <GPIO_Init>

  // PA4£∫∞◊π‚»Ìº˛PWM(∆’Õ®Õ∆ÕÏ ‰≥ˆ)
  GPIO_InitStructure.GPIO_Pin = WHITE_GPIO_PIN;
 8000bac:	4b30      	ldr	r3, [pc, #192]	; (8000c70 <PWM_Init+0x100>)
  GPIO_InitStructure.GPIO_Mode = GPIO_Mode_Out_PP;
  GPIO_InitStructure.GPIO_Speed = GPIO_Speed_50MHz;
  GPIO_Init(WHITE_GPIO_PORT, &GPIO_InitStructure);
 8000bae:	4628      	mov	r0, r5
 8000bb0:	a901      	add	r1, sp, #4
  GPIO_InitStructure.GPIO_Pin = WHITE_GPIO_PIN;
 8000bb2:	9301      	str	r3, [sp, #4]
  GPIO_Init(WHITE_GPIO_PORT, &GPIO_InitStructure);
 8000bb4:	f000 fe21 	bl	80017fa <GPIO_Init>
  GPIO_ResetBits(WHITE_GPIO_PORT, WHITE_GPIO_PIN);
 8000bb8:	4631      	mov	r1, r6
 8000bba:	4628      	mov	r0, r5
 8000bbc:	f000 fe75 	bl	80018aa <GPIO_ResetBits>

  // TIM2 ±ª˘≈‰÷√£®≈Øµ∆”≤º˛PWM£©
  TIM_TimeBaseStructure.TIM_Prescaler = 3;
  TIM_TimeBaseStructure.TIM_Period = PWM_ARR;
 8000bc0:	2603      	movs	r6, #3
 8000bc2:	f240 7307 	movw	r3, #1799	; 0x707
  TIM_TimeBaseStructure.TIM_ClockDivision = 0;
  TIM_TimeBaseStructure.TIM_CounterMode = TIM_CounterMode_Up;
  TIM_TimeBaseInit(TIM2, &TIM_TimeBaseStructure);
 8000bc6:	a903      	add	r1, sp, #12
 8000bc8:	f04f 4080 	mov.w	r0, #1073741824	; 0x40000000
  TIM_TimeBaseStructure.TIM_Period = PWM_ARR;
 8000bcc:	e9cd 6303 	strd	r6, r3, [sp, #12]
  TIM_TimeBaseInit(TIM2, &TIM_TimeBaseStructure);
 8000bd0:	f000 ffe6 	bl	8001ba0 <TIM_TimeBaseInit>

  // ≈‰÷√TIM2 CH4£®≈Øµ∆£©PWMƒ£ Ω1
  TIM_OCInitStructure.TIM_OCMode = TIM_OCMode_PWM1;
 8000bd4:	4b27      	ldr	r3, [pc, #156]	; (8000c74 <PWM_Init+0x104>)
  TIM_OCInitStructure.TIM_OutputState = TIM_OutputState_Enable;
  TIM_OCInitStructure.TIM_Pulse = (PWM_MIN_DUTY * PWM_ARR) / 100;
  TIM_OCInitStructure.TIM_OCPolarity = TIM_OCPolarity_High;
  TIM_OC4Init(TIM2, &TIM_OCInitStructure);
 8000bd6:	a906      	add	r1, sp, #24
  TIM_OCInitStructure.TIM_OCMode = TIM_OCMode_PWM1;
 8000bd8:	9306      	str	r3, [sp, #24]
  TIM_OCInitStructure.TIM_Pulse = (PWM_MIN_DUTY * PWM_ARR) / 100;
 8000bda:	2335      	movs	r3, #53	; 0x35
  TIM_OC4Init(TIM2, &TIM_OCInitStructure);
 8000bdc:	f04f 4080 	mov.w	r0, #1073741824	; 0x40000000
  TIM_OC4PreloadConfig(TIM2, TIM_OCPreload_Enable);

  // TIM3£∫∞◊π‚»Ìº˛PWM ±ª˘(1MHzº∆ ˝£¨10kHz÷‹∆⁄)
  TIM_DeInit(WHITE_SOFTPWM_TIM);
 8000be0:	f5a5 3582 	sub.w	r5, r5, #66560	; 0x10400
  TIM_OCInitStructure.TIM_Pulse = (PWM_MIN_DUTY * PWM_ARR) / 100;
 8000be4:	f8ad 301e 	strh.w	r3, [sp, #30]
  TIM_OCInitStructure.TIM_OCPolarity = TIM_OCPolarity_High;
 8000be8:	f8ad 4020 	strh.w	r4, [sp, #32]
  TIM_OC4Init(TIM2, &TIM_OCInitStructure);
 8000bec:	f001 f834 	bl	8001c58 <TIM_OC4Init>
  TIM_OC4PreloadConfig(TIM2, TIM_OCPreload_Enable);
 8000bf0:	2108      	movs	r1, #8
 8000bf2:	f04f 4080 	mov.w	r0, #1073741824	; 0x40000000
 8000bf6:	f001 f880 	bl	8001cfa <TIM_OC4PreloadConfig>
  TIM_DeInit(WHITE_SOFTPWM_TIM);
 8000bfa:	4628      	mov	r0, r5
 8000bfc:	f000 ff98 	bl	8001b30 <TIM_DeInit>
  TIM_TimeBaseStructure.TIM_Prescaler = WHITE_SOFTPWM_PSC;
  TIM_TimeBaseStructure.TIM_Period = WHITE_SOFTPWM_ARR;
 8000c00:	2363      	movs	r3, #99	; 0x63
 8000c02:	2247      	movs	r2, #71	; 0x47
  TIM_TimeBaseStructure.TIM_ClockDivision = 0;
  TIM_TimeBaseStructure.TIM_CounterMode = TIM_CounterMode_Up;
  TIM_TimeBaseInit(WHITE_SOFTPWM_TIM, &TIM_TimeBaseStructure);
 8000c04:	4628      	mov	r0, r5
 8000c06:	a903      	add	r1, sp, #12
  TIM_TimeBaseStructure.TIM_Period = WHITE_SOFTPWM_ARR;
 8000c08:	e9cd 2303 	strd	r2, r3, [sp, #12]
  TIM_TimeBaseInit(WHITE_SOFTPWM_TIM, &TIM_TimeBaseStructure);
 8000c0c:	f000 ffc8 	bl	8001ba0 <TIM_TimeBaseInit>
  //  π”√CH1±»Ωœ÷–∂œ◊˜Œ™°∞πÿ∂œµ„°±£¨≤ª–Ë“™ ‰≥ˆµΩ“˝Ω≈
  TIM_OCInitStructure.TIM_OCMode = TIM_OCMode_Timing;
  TIM_OCInitStructure.TIM_OutputState = TIM_OutputState_Disable;
  TIM_OCInitStructure.TIM_Pulse = 0;
  TIM_OCInitStructure.TIM_OCPolarity = TIM_OCPolarity_High;
  TIM_OC1Init(WHITE_SOFTPWM_TIM, &TIM_OCInitStructure);
 8000c10:	4628      	mov	r0, r5
 8000c12:	a906      	add	r1, sp, #24
  TIM_OCInitStructure.TIM_OCMode = TIM_OCMode_Timing;
 8000c14:	9406      	str	r4, [sp, #24]
  TIM_OCInitStructure.TIM_Pulse = 0;
 8000c16:	f8ad 401e 	strh.w	r4, [sp, #30]
  TIM_OCInitStructure.TIM_OCPolarity = TIM_OCPolarity_High;
 8000c1a:	f8ad 4020 	strh.w	r4, [sp, #32]
  TIM_OC1Init(WHITE_SOFTPWM_TIM, &TIM_OCInitStructure);
 8000c1e:	f000 ffe7 	bl	8001bf0 <TIM_OC1Init>

  TIM_ClearITPendingBit(WHITE_SOFTPWM_TIM, TIM_IT_Update | TIM_IT_CC1);
 8000c22:	4631      	mov	r1, r6
 8000c24:	4628      	mov	r0, r5
 8000c26:	f001 f882 	bl	8001d2e <TIM_ClearITPendingBit>
  TIM_ITConfig(WHITE_SOFTPWM_TIM, TIM_IT_Update, ENABLE);
 8000c2a:	2201      	movs	r2, #1
 8000c2c:	4628      	mov	r0, r5
 8000c2e:	4611      	mov	r1, r2
 8000c30:	f001 f84e 	bl	8001cd0 <TIM_ITConfig>
  TIM_ITConfig(WHITE_SOFTPWM_TIM, TIM_IT_CC1, ENABLE);
 8000c34:	2201      	movs	r2, #1
 8000c36:	2102      	movs	r1, #2
 8000c38:	4628      	mov	r0, r5
 8000c3a:	f001 f849 	bl	8001cd0 <TIM_ITConfig>

  NVIC_InitStructure.NVIC_IRQChannel = WHITE_SOFTPWM_IRQn;
 8000c3e:	4b0e      	ldr	r3, [pc, #56]	; (8000c78 <PWM_Init+0x108>)
  NVIC_InitStructure.NVIC_IRQChannelPreemptionPriority = 2;
  NVIC_InitStructure.NVIC_IRQChannelSubPriority = 2;
  NVIC_InitStructure.NVIC_IRQChannelCmd = ENABLE;
  NVIC_Init(&NVIC_InitStructure);
 8000c40:	a802      	add	r0, sp, #8
  NVIC_InitStructure.NVIC_IRQChannel = WHITE_SOFTPWM_IRQn;
 8000c42:	9302      	str	r3, [sp, #8]
  NVIC_Init(&NVIC_InitStructure);
 8000c44:	f000 fe34 	bl	80018b0 <NVIC_Init>

  //  πƒ‹TIM2/TIM3
  TIM_ARRPreloadConfig(TIM2, ENABLE);
 8000c48:	2101      	movs	r1, #1
 8000c4a:	f04f 4080 	mov.w	r0, #1073741824	; 0x40000000
 8000c4e:	f001 f848 	bl	8001ce2 <TIM_ARRPreloadConfig>
  TIM_Cmd(TIM2, ENABLE);
 8000c52:	2101      	movs	r1, #1
 8000c54:	f04f 4080 	mov.w	r0, #1073741824	; 0x40000000
 8000c58:	f001 f82e 	bl	8001cb8 <TIM_Cmd>
  TIM_Cmd(WHITE_SOFTPWM_TIM, ENABLE);
 8000c5c:	2101      	movs	r1, #1
 8000c5e:	4628      	mov	r0, r5
 8000c60:	f001 f82a 	bl	8001cb8 <TIM_Cmd>
}
 8000c64:	b00a      	add	sp, #40	; 0x28
 8000c66:	bd70      	pop	{r4, r5, r6, pc}
 8000c68:	40010800 	.word	0x40010800
 8000c6c:	18030008 	.word	0x18030008
 8000c70:	10030010 	.word	0x10030010
 8000c74:	00010060 	.word	0x00010060
 8000c78:	0102021d 	.word	0x0102021d

08000c7c <Set_PWM_Duty>:
 *            duty - ƒø±Í’ºø’±»£®0-100£©
 * @∑µªÿ÷µ    Œﬁ
 ********************************************************************/
void Set_PWM_Duty(u8 ch, u8 duty) {
  // œﬁ÷∆’ºø’±»∑∂Œß
  if (duty < PWM_MIN_DUTY) {
 8000c7c:	2964      	cmp	r1, #100	; 0x64
 8000c7e:	bf28      	it	cs
 8000c80:	2164      	movcs	r1, #100	; 0x64
 8000c82:	2903      	cmp	r1, #3
void Set_PWM_Duty(u8 ch, u8 duty) {
 8000c84:	b510      	push	{r4, lr}
 8000c86:	460c      	mov	r4, r1
 8000c88:	bf38      	it	cc
 8000c8a:	2403      	movcc	r4, #3
  }
  if (duty > PWM_MAX_DUTY) {
    duty = PWM_MAX_DUTY;
  }
  
  if (ch == PWM_WARM_CH) {
 8000c8c:	280c      	cmp	r0, #12
 8000c8e:	d10d      	bne.n	8000cac <Set_PWM_Duty+0x30>
    u16 ccr_val = (duty * PWM_ARR) / 100;
 8000c90:	f240 7107 	movw	r1, #1799	; 0x707
 8000c94:	2364      	movs	r3, #100	; 0x64
 8000c96:	4361      	muls	r1, r4
 8000c98:	fbb1 f1f3 	udiv	r1, r1, r3
    TIM_SetCompare4(TIM2, ccr_val);
 8000c9c:	f04f 4080 	mov.w	r0, #1073741824	; 0x40000000
 8000ca0:	b289      	uxth	r1, r1
 8000ca2:	f001 f836 	bl	8001d12 <TIM_SetCompare4>
    warm_duty = duty;
 8000ca6:	4b04      	ldr	r3, [pc, #16]	; (8000cb8 <Set_PWM_Duty+0x3c>)
  } else if (ch == PWM_WHITE_CH) {
    // ∞◊π‚£∫»Ìº˛PWMΩˆ∏¸–¬’ºø’±»£¨”…TIM3÷–∂œ«˝∂ØPA4
    g_white_soft_duty = duty;
    white_duty = duty;
 8000ca8:	701c      	strb	r4, [r3, #0]
  }
}
 8000caa:	bd10      	pop	{r4, pc}
  } else if (ch == PWM_WHITE_CH) {
 8000cac:	2800      	cmp	r0, #0
 8000cae:	d1fc      	bne.n	8000caa <Set_PWM_Duty+0x2e>
    g_white_soft_duty = duty;
 8000cb0:	4b02      	ldr	r3, [pc, #8]	; (8000cbc <Set_PWM_Duty+0x40>)
 8000cb2:	701c      	strb	r4, [r3, #0]
    white_duty = duty;
 8000cb4:	4b02      	ldr	r3, [pc, #8]	; (8000cc0 <Set_PWM_Duty+0x44>)
 8000cb6:	e7f7      	b.n	8000ca8 <Set_PWM_Duty+0x2c>
 8000cb8:	20000002 	.word	0x20000002
 8000cbc:	20000001 	.word	0x20000001
 8000cc0:	20000006 	.word	0x20000006

08000cc4 <Apply_Remote_PWM>:
  USART_Cmd(USART1, ENABLE);
}

/* Ω´‘∂∂À’ºø’±»–¥»Î≤¢∞¥–Ë¡¢º¥∏¸–¬ */
static void Apply_Remote_PWM(u8 warm, u8 white) {
  if (warm > PWM_MAX_DUTY) warm = PWM_MAX_DUTY;
 8000cc4:	2803      	cmp	r0, #3
static void Apply_Remote_PWM(u8 warm, u8 white) {
 8000cc6:	b510      	push	{r4, lr}
 8000cc8:	460c      	mov	r4, r1
 8000cca:	4601      	mov	r1, r0
 8000ccc:	bf38      	it	cc
 8000cce:	2103      	movcc	r1, #3
 8000cd0:	2964      	cmp	r1, #100	; 0x64
 8000cd2:	bf28      	it	cs
 8000cd4:	2164      	movcs	r1, #100	; 0x64
  if (warm < PWM_MIN_DUTY) warm = PWM_MIN_DUTY;
  if (white > PWM_MAX_DUTY) white = PWM_MAX_DUTY;
 8000cd6:	2c03      	cmp	r4, #3
 8000cd8:	bf38      	it	cc
 8000cda:	2403      	movcc	r4, #3
 8000cdc:	2c64      	cmp	r4, #100	; 0x64
 8000cde:	bf28      	it	cs
 8000ce0:	2464      	movcs	r4, #100	; 0x64
  if (white < PWM_MIN_DUTY) white = PWM_MIN_DUTY;

  warm_last_duty = warm;
 8000ce2:	4b0a      	ldr	r3, [pc, #40]	; (8000d0c <Apply_Remote_PWM+0x48>)
 8000ce4:	7019      	strb	r1, [r3, #0]
  white_last_duty = white;
 8000ce6:	4b0a      	ldr	r3, [pc, #40]	; (8000d10 <Apply_Remote_PWM+0x4c>)
 8000ce8:	701c      	strb	r4, [r3, #0]

  if (warm_switch) {
 8000cea:	4b0a      	ldr	r3, [pc, #40]	; (8000d14 <Apply_Remote_PWM+0x50>)
 8000cec:	781b      	ldrb	r3, [r3, #0]
 8000cee:	b113      	cbz	r3, 8000cf6 <Apply_Remote_PWM+0x32>
    Set_PWM_Duty(PWM_WARM_CH, warm);
 8000cf0:	200c      	movs	r0, #12
 8000cf2:	f7ff ffc3 	bl	8000c7c <Set_PWM_Duty>
  }
  if (white_switch) {
 8000cf6:	4b08      	ldr	r3, [pc, #32]	; (8000d18 <Apply_Remote_PWM+0x54>)
 8000cf8:	781b      	ldrb	r3, [r3, #0]
 8000cfa:	b12b      	cbz	r3, 8000d08 <Apply_Remote_PWM+0x44>
    Set_PWM_Duty(PWM_WHITE_CH, white);
 8000cfc:	4621      	mov	r1, r4
  }

  // printf("[OK] warm=%u white=%u\r\n", warm, white);
}
 8000cfe:	e8bd 4010 	ldmia.w	sp!, {r4, lr}
    Set_PWM_Duty(PWM_WHITE_CH, white);
 8000d02:	2000      	movs	r0, #0
 8000d04:	f7ff bfba 	b.w	8000c7c <Set_PWM_Duty>
}
 8000d08:	bd10      	pop	{r4, pc}
 8000d0a:	bf00      	nop
 8000d0c:	20000003 	.word	0x20000003
 8000d10:	20000007 	.word	0x20000007
 8000d14:	20000004 	.word	0x20000004
 8000d18:	20000008 	.word	0x20000008

08000d1c <Light_Switch>:
void Light_Switch(u8 type, u8 state) {
 8000d1c:	460b      	mov	r3, r1
  if (type == 0) {  // ≈Øµ∆
 8000d1e:	b970      	cbnz	r0, 8000d3e <Light_Switch+0x22>
    warm_switch = state;
 8000d20:	4a0f      	ldr	r2, [pc, #60]	; (8000d60 <Light_Switch+0x44>)
 8000d22:	7011      	strb	r1, [r2, #0]
    if (state == 0) {  // πÿ±’
 8000d24:	4a0f      	ldr	r2, [pc, #60]	; (8000d64 <Light_Switch+0x48>)
 8000d26:	b931      	cbnz	r1, 8000d36 <Light_Switch+0x1a>
      warm_last_duty = warm_duty;
 8000d28:	4b0f      	ldr	r3, [pc, #60]	; (8000d68 <Light_Switch+0x4c>)
      TIM_SetCompare4(TIM2, 0);
 8000d2a:	f04f 4080 	mov.w	r0, #1073741824	; 0x40000000
      warm_last_duty = warm_duty;
 8000d2e:	781b      	ldrb	r3, [r3, #0]
 8000d30:	7013      	strb	r3, [r2, #0]
      TIM_SetCompare4(TIM2, 0);
 8000d32:	f000 bfee 	b.w	8001d12 <TIM_SetCompare4>
      Set_PWM_Duty(PWM_WARM_CH, warm_last_duty);
 8000d36:	200c      	movs	r0, #12
 8000d38:	7811      	ldrb	r1, [r2, #0]
      Set_PWM_Duty(PWM_WHITE_CH, white_last_duty);
 8000d3a:	f7ff bf9f 	b.w	8000c7c <Set_PWM_Duty>
    white_switch = state;
 8000d3e:	4a0b      	ldr	r2, [pc, #44]	; (8000d6c <Light_Switch+0x50>)
 8000d40:	7011      	strb	r1, [r2, #0]
    if (state == 0) {  // πÿ±’
 8000d42:	4a0b      	ldr	r2, [pc, #44]	; (8000d70 <Light_Switch+0x54>)
 8000d44:	b941      	cbnz	r1, 8000d58 <Light_Switch+0x3c>
      white_last_duty = white_duty;
 8000d46:	490b      	ldr	r1, [pc, #44]	; (8000d74 <Light_Switch+0x58>)
      GPIO_ResetBits(WHITE_GPIO_PORT, WHITE_GPIO_PIN);
 8000d48:	480b      	ldr	r0, [pc, #44]	; (8000d78 <Light_Switch+0x5c>)
      white_last_duty = white_duty;
 8000d4a:	7809      	ldrb	r1, [r1, #0]
 8000d4c:	7011      	strb	r1, [r2, #0]
      g_white_soft_duty = 0;
 8000d4e:	4a0b      	ldr	r2, [pc, #44]	; (8000d7c <Light_Switch+0x60>)
      GPIO_ResetBits(WHITE_GPIO_PORT, WHITE_GPIO_PIN);
 8000d50:	2110      	movs	r1, #16
      g_white_soft_duty = 0;
 8000d52:	7013      	strb	r3, [r2, #0]
      GPIO_ResetBits(WHITE_GPIO_PORT, WHITE_GPIO_PIN);
 8000d54:	f000 bda9 	b.w	80018aa <GPIO_ResetBits>
      Set_PWM_Duty(PWM_WHITE_CH, white_last_duty);
 8000d58:	2000      	movs	r0, #0
 8000d5a:	7811      	ldrb	r1, [r2, #0]
 8000d5c:	e7ed      	b.n	8000d3a <Light_Switch+0x1e>
 8000d5e:	bf00      	nop
 8000d60:	20000004 	.word	0x20000004
 8000d64:	20000003 	.word	0x20000003
 8000d68:	20000002 	.word	0x20000002
 8000d6c:	20000008 	.word	0x20000008
 8000d70:	20000007 	.word	0x20000007
 8000d74:	20000006 	.word	0x20000006
 8000d78:	40010800 	.word	0x40010800
 8000d7c:	20000001 	.word	0x20000001

08000d80 <Touch_Init>:
  GPIO_InitTypeDef GPIO_InitStructure = {0};
 8000d80:	2300      	movs	r3, #0
void Touch_Init(void) {
 8000d82:	b507      	push	{r0, r1, r2, lr}
  RCC_APB2PeriphClockCmd(RCC_APB2Periph_GPIOB, ENABLE);
 8000d84:	2101      	movs	r1, #1
 8000d86:	2008      	movs	r0, #8
  GPIO_InitTypeDef GPIO_InitStructure = {0};
 8000d88:	9301      	str	r3, [sp, #4]
  RCC_APB2PeriphClockCmd(RCC_APB2Periph_GPIOB, ENABLE);
 8000d8a:	f000 fe8d 	bl	8001aa8 <RCC_APB2PeriphClockCmd>
  GPIO_InitStructure.GPIO_Pin = TOUCH_WARM_PIN | TOUCH_WHITE_PIN;
 8000d8e:	4b04      	ldr	r3, [pc, #16]	; (8000da0 <Touch_Init+0x20>)
  GPIO_Init(TOUCH_PORT, &GPIO_InitStructure);
 8000d90:	4804      	ldr	r0, [pc, #16]	; (8000da4 <Touch_Init+0x24>)
 8000d92:	a901      	add	r1, sp, #4
  GPIO_InitStructure.GPIO_Pin = TOUCH_WARM_PIN | TOUCH_WHITE_PIN;
 8000d94:	9301      	str	r3, [sp, #4]
  GPIO_Init(TOUCH_PORT, &GPIO_InitStructure);
 8000d96:	f000 fd30 	bl	80017fa <GPIO_Init>
}
 8000d9a:	b003      	add	sp, #12
 8000d9c:	f85d fb04 	ldr.w	pc, [sp], #4
 8000da0:	4803c000 	.word	0x4803c000
 8000da4:	40010c00 	.word	0x40010c00

08000da8 <Touch_Detect>:
void Touch_Detect(void) {
 8000da8:	b538      	push	{r3, r4, r5, lr}
  u8 warm_touch_state = GPIO_ReadInputDataBit(TOUCH_PORT, TOUCH_WARM_PIN);
 8000daa:	f44f 4180 	mov.w	r1, #16384	; 0x4000
 8000dae:	4856      	ldr	r0, [pc, #344]	; (8000f08 <Touch_Detect+0x160>)
 8000db0:	f000 fd73 	bl	800189a <GPIO_ReadInputDataBit>
  if (warm_touch_state == 1) {  // ∞¥œ¬£®¥•√˛÷–£©
 8000db4:	2801      	cmp	r0, #1
 8000db6:	4d55      	ldr	r5, [pc, #340]	; (8000f0c <Touch_Detect+0x164>)
 8000db8:	d147      	bne.n	8000e4a <Touch_Detect+0xa2>
    if (warm_touch_tick == 0) {  //  ◊¥Œ¥•√˛£∫≥ı ºªØº∆ ±+∑ΩœÚ
 8000dba:	4b55      	ldr	r3, [pc, #340]	; (8000f10 <Touch_Detect+0x168>)
 8000dbc:	4955      	ldr	r1, [pc, #340]	; (8000f14 <Touch_Detect+0x16c>)
 8000dbe:	681a      	ldr	r2, [r3, #0]
    touch_warm_flag = 1;
 8000dc0:	7028      	strb	r0, [r5, #0]
    if (warm_touch_tick == 0) {  //  ◊¥Œ¥•√˛£∫≥ı ºªØº∆ ±+∑ΩœÚ
 8000dc2:	b9b2      	cbnz	r2, 8000df2 <Touch_Detect+0x4a>
  return g_systick_counter;
 8000dc4:	6809      	ldr	r1, [r1, #0]
      warm_touch_tick = SysTick_GetTick();
 8000dc6:	6019      	str	r1, [r3, #0]
      warm_flipped_once = 0;
 8000dc8:	4b53      	ldr	r3, [pc, #332]	; (8000f18 <Touch_Detect+0x170>)
 8000dca:	701a      	strb	r2, [r3, #0]
  u8 white_touch_state = GPIO_ReadInputDataBit(TOUCH_PORT, TOUCH_WHITE_PIN);
 8000dcc:	f44f 4100 	mov.w	r1, #32768	; 0x8000
 8000dd0:	484d      	ldr	r0, [pc, #308]	; (8000f08 <Touch_Detect+0x160>)
 8000dd2:	f000 fd62 	bl	800189a <GPIO_ReadInputDataBit>
  if (white_touch_state == 1) {  // ∞¥œ¬£®¥•√˛÷–£©
 8000dd6:	2801      	cmp	r0, #1
 8000dd8:	4d50      	ldr	r5, [pc, #320]	; (8000f1c <Touch_Detect+0x174>)
 8000dda:	d17c      	bne.n	8000ed6 <Touch_Detect+0x12e>
    if (white_touch_tick == 0) {  //  ◊¥Œ¥•√˛£∫≥ı ºªØº∆ ±+∑ΩœÚ
 8000ddc:	4b50      	ldr	r3, [pc, #320]	; (8000f20 <Touch_Detect+0x178>)
 8000dde:	494d      	ldr	r1, [pc, #308]	; (8000f14 <Touch_Detect+0x16c>)
 8000de0:	681a      	ldr	r2, [r3, #0]
    touch_white_flag = 1;
 8000de2:	7028      	strb	r0, [r5, #0]
    if (white_touch_tick == 0) {  //  ◊¥Œ¥•√˛£∫≥ı ºªØº∆ ±+∑ΩœÚ
 8000de4:	2a00      	cmp	r2, #0
 8000de6:	d149      	bne.n	8000e7c <Touch_Detect+0xd4>
  return g_systick_counter;
 8000de8:	6809      	ldr	r1, [r1, #0]
      white_touch_tick = SysTick_GetTick();
 8000dea:	6019      	str	r1, [r3, #0]
      white_flipped_once = 0;
 8000dec:	4b4d      	ldr	r3, [pc, #308]	; (8000f24 <Touch_Detect+0x17c>)
 8000dee:	701a      	strb	r2, [r3, #0]
}
 8000df0:	bd38      	pop	{r3, r4, r5, pc}
  return g_systick_counter;
 8000df2:	680b      	ldr	r3, [r1, #0]
      u32 diff = SysTick_GetTick() - warm_touch_tick;
 8000df4:	1a9b      	subs	r3, r3, r2
      if (diff >= LONG_PRESS_TIME && (SysTick_GetTick() - last_adjust_tick) >= 50) {
 8000df6:	f5b3 7ffa 	cmp.w	r3, #500	; 0x1f4
 8000dfa:	d3e7      	bcc.n	8000dcc <Touch_Detect+0x24>
 8000dfc:	4b4a      	ldr	r3, [pc, #296]	; (8000f28 <Touch_Detect+0x180>)
  return g_systick_counter;
 8000dfe:	680a      	ldr	r2, [r1, #0]
      if (diff >= LONG_PRESS_TIME && (SysTick_GetTick() - last_adjust_tick) >= 50) {
 8000e00:	681c      	ldr	r4, [r3, #0]
 8000e02:	1b12      	subs	r2, r2, r4
 8000e04:	2a31      	cmp	r2, #49	; 0x31
 8000e06:	461a      	mov	r2, r3
 8000e08:	d9e0      	bls.n	8000dcc <Touch_Detect+0x24>
        if (!warm_flipped_once) {
 8000e0a:	4d43      	ldr	r5, [pc, #268]	; (8000f18 <Touch_Detect+0x170>)
 8000e0c:	4c47      	ldr	r4, [pc, #284]	; (8000f2c <Touch_Detect+0x184>)
 8000e0e:	782b      	ldrb	r3, [r5, #0]
 8000e10:	b92b      	cbnz	r3, 8000e1e <Touch_Detect+0x76>
          warm_touch_dir = !warm_touch_dir;
 8000e12:	7823      	ldrb	r3, [r4, #0]
          warm_flipped_once = 1;
 8000e14:	7028      	strb	r0, [r5, #0]
          warm_touch_dir = !warm_touch_dir;
 8000e16:	fab3 f383 	clz	r3, r3
 8000e1a:	095b      	lsrs	r3, r3, #5
 8000e1c:	7023      	strb	r3, [r4, #0]
  return g_systick_counter;
 8000e1e:	680b      	ldr	r3, [r1, #0]
        Set_PWM_Duty(PWM_WARM_CH, new_duty);
 8000e20:	200c      	movs	r0, #12
        last_adjust_tick = SysTick_GetTick(); // ∏¸–¬…œ¥Œµ˜π‚ ±º‰
 8000e22:	6013      	str	r3, [r2, #0]
        if (warm_touch_dir == 1) {  // µ˜¡¡£®≥÷–¯≤ΩΩ¯£©
 8000e24:	4b42      	ldr	r3, [pc, #264]	; (8000f30 <Touch_Detect+0x188>)
 8000e26:	7822      	ldrb	r2, [r4, #0]
 8000e28:	7819      	ldrb	r1, [r3, #0]
 8000e2a:	2a01      	cmp	r2, #1
          new_duty = warm_duty + PWM_STEP;
 8000e2c:	bf0c      	ite	eq
 8000e2e:	3101      	addeq	r1, #1
          new_duty = warm_duty - PWM_STEP;
 8000e30:	f101 31ff 	addne.w	r1, r1, #4294967295
 8000e34:	b2c9      	uxtb	r1, r1
        new_duty = (new_duty < PWM_MIN_DUTY) ? PWM_MIN_DUTY : new_duty;
 8000e36:	2903      	cmp	r1, #3
 8000e38:	bf38      	it	cc
 8000e3a:	2103      	movcc	r1, #3
        new_duty = (new_duty > PWM_MAX_DUTY) ? PWM_MAX_DUTY : new_duty;
 8000e3c:	2964      	cmp	r1, #100	; 0x64
 8000e3e:	bf28      	it	cs
 8000e40:	2164      	movcs	r1, #100	; 0x64
        warm_duty = new_duty;
 8000e42:	7019      	strb	r1, [r3, #0]
        Set_PWM_Duty(PWM_WARM_CH, new_duty);
 8000e44:	f7ff ff1a 	bl	8000c7c <Set_PWM_Duty>
 8000e48:	e7c0      	b.n	8000dcc <Touch_Detect+0x24>
    if (touch_warm_flag == 1) {
 8000e4a:	782b      	ldrb	r3, [r5, #0]
 8000e4c:	2b01      	cmp	r3, #1
 8000e4e:	d1bd      	bne.n	8000dcc <Touch_Detect+0x24>
  return g_systick_counter;
 8000e50:	4b30      	ldr	r3, [pc, #192]	; (8000f14 <Touch_Detect+0x16c>)
      u32 diff = SysTick_GetTick() - warm_touch_tick;
 8000e52:	4c2f      	ldr	r4, [pc, #188]	; (8000f10 <Touch_Detect+0x168>)
  return g_systick_counter;
 8000e54:	681a      	ldr	r2, [r3, #0]
      u32 diff = SysTick_GetTick() - warm_touch_tick;
 8000e56:	6821      	ldr	r1, [r4, #0]
 8000e58:	1a52      	subs	r2, r2, r1
      if (diff < SHORT_PRESS_TIME) {  // ∂Ã∞¥=ø™πÿ
 8000e5a:	f5b2 7ffa 	cmp.w	r2, #500	; 0x1f4
 8000e5e:	d207      	bcs.n	8000e70 <Touch_Detect+0xc8>
        Light_Switch(0, !warm_switch);
 8000e60:	4b34      	ldr	r3, [pc, #208]	; (8000f34 <Touch_Detect+0x18c>)
 8000e62:	2000      	movs	r0, #0
 8000e64:	7819      	ldrb	r1, [r3, #0]
 8000e66:	fab1 f181 	clz	r1, r1
 8000e6a:	0949      	lsrs	r1, r1, #5
 8000e6c:	f7ff ff56 	bl	8000d1c <Light_Switch>
      touch_warm_flag = 0;
 8000e70:	2300      	movs	r3, #0
      warm_flipped_once = 0;
 8000e72:	4a29      	ldr	r2, [pc, #164]	; (8000f18 <Touch_Detect+0x170>)
      touch_warm_flag = 0;
 8000e74:	702b      	strb	r3, [r5, #0]
      warm_touch_tick = 0;
 8000e76:	6023      	str	r3, [r4, #0]
      warm_flipped_once = 0;
 8000e78:	7013      	strb	r3, [r2, #0]
 8000e7a:	e7a7      	b.n	8000dcc <Touch_Detect+0x24>
  return g_systick_counter;
 8000e7c:	680b      	ldr	r3, [r1, #0]
      u32 diff = SysTick_GetTick() - white_touch_tick;
 8000e7e:	1a9b      	subs	r3, r3, r2
      if (diff >= LONG_PRESS_TIME && (SysTick_GetTick() - last_white_adjust_tick) >= 50) {
 8000e80:	f5b3 7ffa 	cmp.w	r3, #500	; 0x1f4
 8000e84:	d3b4      	bcc.n	8000df0 <Touch_Detect+0x48>
 8000e86:	4b2c      	ldr	r3, [pc, #176]	; (8000f38 <Touch_Detect+0x190>)
  return g_systick_counter;
 8000e88:	680a      	ldr	r2, [r1, #0]
      if (diff >= LONG_PRESS_TIME && (SysTick_GetTick() - last_white_adjust_tick) >= 50) {
 8000e8a:	681c      	ldr	r4, [r3, #0]
 8000e8c:	1b12      	subs	r2, r2, r4
 8000e8e:	2a31      	cmp	r2, #49	; 0x31
 8000e90:	461a      	mov	r2, r3
 8000e92:	d9ad      	bls.n	8000df0 <Touch_Detect+0x48>
        if (!white_flipped_once) {
 8000e94:	4d23      	ldr	r5, [pc, #140]	; (8000f24 <Touch_Detect+0x17c>)
 8000e96:	4c29      	ldr	r4, [pc, #164]	; (8000f3c <Touch_Detect+0x194>)
 8000e98:	782b      	ldrb	r3, [r5, #0]
 8000e9a:	b92b      	cbnz	r3, 8000ea8 <Touch_Detect+0x100>
          white_touch_dir = !white_touch_dir;
 8000e9c:	7823      	ldrb	r3, [r4, #0]
          white_flipped_once = 1;
 8000e9e:	7028      	strb	r0, [r5, #0]
          white_touch_dir = !white_touch_dir;
 8000ea0:	fab3 f383 	clz	r3, r3
 8000ea4:	095b      	lsrs	r3, r3, #5
 8000ea6:	7023      	strb	r3, [r4, #0]
  return g_systick_counter;
 8000ea8:	680b      	ldr	r3, [r1, #0]
        Set_PWM_Duty(PWM_WHITE_CH, new_duty);
 8000eaa:	2000      	movs	r0, #0
        last_white_adjust_tick = SysTick_GetTick();
 8000eac:	6013      	str	r3, [r2, #0]
        if (white_touch_dir == 1) {  // µ˜¡¡£®≥÷–¯≤ΩΩ¯£©
 8000eae:	4b24      	ldr	r3, [pc, #144]	; (8000f40 <Touch_Detect+0x198>)
 8000eb0:	7822      	ldrb	r2, [r4, #0]
 8000eb2:	7819      	ldrb	r1, [r3, #0]
 8000eb4:	2a01      	cmp	r2, #1
          new_duty = white_duty + PWM_STEP;
 8000eb6:	bf0c      	ite	eq
 8000eb8:	3101      	addeq	r1, #1
          new_duty = white_duty - PWM_STEP;
 8000eba:	f101 31ff 	addne.w	r1, r1, #4294967295
 8000ebe:	b2c9      	uxtb	r1, r1
        new_duty = (new_duty < PWM_MIN_DUTY) ? PWM_MIN_DUTY : new_duty;
 8000ec0:	2903      	cmp	r1, #3
 8000ec2:	bf38      	it	cc
 8000ec4:	2103      	movcc	r1, #3
        new_duty = (new_duty > PWM_MAX_DUTY) ? PWM_MAX_DUTY : new_duty;
 8000ec6:	2964      	cmp	r1, #100	; 0x64
 8000ec8:	bf28      	it	cs
 8000eca:	2164      	movcs	r1, #100	; 0x64
        white_duty = new_duty;
 8000ecc:	7019      	strb	r1, [r3, #0]
}
 8000ece:	e8bd 4038 	ldmia.w	sp!, {r3, r4, r5, lr}
        Set_PWM_Duty(PWM_WHITE_CH, new_duty);
 8000ed2:	f7ff bed3 	b.w	8000c7c <Set_PWM_Duty>
    if (touch_white_flag == 1) {
 8000ed6:	7828      	ldrb	r0, [r5, #0]
 8000ed8:	2801      	cmp	r0, #1
 8000eda:	d189      	bne.n	8000df0 <Touch_Detect+0x48>
  return g_systick_counter;
 8000edc:	4b0d      	ldr	r3, [pc, #52]	; (8000f14 <Touch_Detect+0x16c>)
      u32 diff = SysTick_GetTick() - white_touch_tick;
 8000ede:	4c10      	ldr	r4, [pc, #64]	; (8000f20 <Touch_Detect+0x178>)
  return g_systick_counter;
 8000ee0:	681a      	ldr	r2, [r3, #0]
      u32 diff = SysTick_GetTick() - white_touch_tick;
 8000ee2:	6821      	ldr	r1, [r4, #0]
 8000ee4:	1a52      	subs	r2, r2, r1
      if (diff < SHORT_PRESS_TIME) {  // ∂Ã∞¥=ø™πÿ
 8000ee6:	f5b2 7ffa 	cmp.w	r2, #500	; 0x1f4
 8000eea:	d206      	bcs.n	8000efa <Touch_Detect+0x152>
        Light_Switch(1, !white_switch);
 8000eec:	4b15      	ldr	r3, [pc, #84]	; (8000f44 <Touch_Detect+0x19c>)
 8000eee:	7819      	ldrb	r1, [r3, #0]
 8000ef0:	fab1 f181 	clz	r1, r1
 8000ef4:	0949      	lsrs	r1, r1, #5
 8000ef6:	f7ff ff11 	bl	8000d1c <Light_Switch>
      touch_white_flag = 0;
 8000efa:	2300      	movs	r3, #0
      white_flipped_once = 0;
 8000efc:	4a09      	ldr	r2, [pc, #36]	; (8000f24 <Touch_Detect+0x17c>)
      touch_white_flag = 0;
 8000efe:	702b      	strb	r3, [r5, #0]
      white_touch_tick = 0;
 8000f00:	6023      	str	r3, [r4, #0]
      white_flipped_once = 0;
 8000f02:	7013      	strb	r3, [r2, #0]
}
 8000f04:	e774      	b.n	8000df0 <Touch_Detect+0x48>
 8000f06:	bf00      	nop
 8000f08:	40010c00 	.word	0x40010c00
 8000f0c:	200001b0 	.word	0x200001b0
 8000f10:	200002c0 	.word	0x200002c0
 8000f14:	200001a4 	.word	0x200001a4
 8000f18:	200002bc 	.word	0x200002bc
 8000f1c:	200001b1 	.word	0x200001b1
 8000f20:	200002c8 	.word	0x200002c8
 8000f24:	200002c4 	.word	0x200002c4
 8000f28:	200001a8 	.word	0x200001a8
 8000f2c:	20000005 	.word	0x20000005
 8000f30:	20000002 	.word	0x20000002
 8000f34:	20000004 	.word	0x20000004
 8000f38:	200001ac 	.word	0x200001ac
 8000f3c:	20000009 	.word	0x20000009
 8000f40:	20000006 	.word	0x20000006
 8000f44:	20000008 	.word	0x20000008

08000f48 <TickTimer_Init>:
void TickTimer_Init(void) {
 8000f48:	b51f      	push	{r0, r1, r2, r3, r4, lr}
  TIM_TimeBaseInitTypeDef TIM_TimeBaseStructure = {0};
 8000f4a:	2300      	movs	r3, #0
  RCC_APB1PeriphClockCmd(RCC_APB1Periph_TIM4, ENABLE);
 8000f4c:	2101      	movs	r1, #1
 8000f4e:	2004      	movs	r0, #4
  TIM_TimeBaseInitTypeDef TIM_TimeBaseStructure = {0};
 8000f50:	e9cd 3301 	strd	r3, r3, [sp, #4]
 8000f54:	f8ad 300c 	strh.w	r3, [sp, #12]
  NVIC_InitTypeDef NVIC_InitStructure = {0};
 8000f58:	9300      	str	r3, [sp, #0]
  RCC_APB1PeriphClockCmd(RCC_APB1Periph_TIM4, ENABLE);
 8000f5a:	f000 fdb1 	bl	8001ac0 <RCC_APB1PeriphClockCmd>
  TIM_TimeBaseStructure.TIM_Period = 10 - 1;         // 10kHz/10 = 1kHz (1ms)
 8000f5e:	2309      	movs	r3, #9
 8000f60:	f641 421f 	movw	r2, #7199	; 0x1c1f
  TIM_TimeBaseInit(TIM4, &TIM_TimeBaseStructure);
 8000f64:	4c0d      	ldr	r4, [pc, #52]	; (8000f9c <TickTimer_Init+0x54>)
 8000f66:	a901      	add	r1, sp, #4
 8000f68:	4620      	mov	r0, r4
  TIM_TimeBaseStructure.TIM_Period = 10 - 1;         // 10kHz/10 = 1kHz (1ms)
 8000f6a:	e9cd 2301 	strd	r2, r3, [sp, #4]
  TIM_TimeBaseInit(TIM4, &TIM_TimeBaseStructure);
 8000f6e:	f000 fe17 	bl	8001ba0 <TIM_TimeBaseInit>
  TIM_ClearITPendingBit(TIM4, TIM_IT_Update);
 8000f72:	4620      	mov	r0, r4
 8000f74:	2101      	movs	r1, #1
 8000f76:	f000 feda 	bl	8001d2e <TIM_ClearITPendingBit>
  TIM_ITConfig(TIM4, TIM_IT_Update, ENABLE);
 8000f7a:	2201      	movs	r2, #1
 8000f7c:	4620      	mov	r0, r4
 8000f7e:	4611      	mov	r1, r2
 8000f80:	f000 fea6 	bl	8001cd0 <TIM_ITConfig>
  TIM_Cmd(TIM4, ENABLE);
 8000f84:	2101      	movs	r1, #1
 8000f86:	4620      	mov	r0, r4
 8000f88:	f000 fe96 	bl	8001cb8 <TIM_Cmd>
  NVIC_InitStructure.NVIC_IRQChannel = TIM4_IRQn;
 8000f8c:	4b04      	ldr	r3, [pc, #16]	; (8000fa0 <TickTimer_Init+0x58>)
  NVIC_Init(&NVIC_InitStructure);
 8000f8e:	4668      	mov	r0, sp
  NVIC_InitStructure.NVIC_IRQChannel = TIM4_IRQn;
 8000f90:	9300      	str	r3, [sp, #0]
  NVIC_Init(&NVIC_InitStructure);
 8000f92:	f000 fc8d 	bl	80018b0 <NVIC_Init>
}
 8000f96:	b004      	add	sp, #16
 8000f98:	bd10      	pop	{r4, pc}
 8000f9a:	bf00      	nop
 8000f9c:	40000800 	.word	0x40000800
 8000fa0:	0101011e 	.word	0x0101011e

08000fa4 <I2C1_Init>:
  GPIO_InitTypeDef GPIO_InitStructure = {0};
 8000fa4:	2300      	movs	r3, #0
void I2C1_Init(void) {
 8000fa6:	b513      	push	{r0, r1, r4, lr}
  GPIO_Init(I2C_GPIO_PORT, &GPIO_InitStructure);
 8000fa8:	4c0f      	ldr	r4, [pc, #60]	; (8000fe8 <I2C1_Init+0x44>)
  RCC_APB2PeriphClockCmd(I2C_RCC_PORT, ENABLE);
 8000faa:	2101      	movs	r1, #1
 8000fac:	2008      	movs	r0, #8
  GPIO_InitTypeDef GPIO_InitStructure = {0};
 8000fae:	9301      	str	r3, [sp, #4]
  RCC_APB2PeriphClockCmd(I2C_RCC_PORT, ENABLE);
 8000fb0:	f000 fd7a 	bl	8001aa8 <RCC_APB2PeriphClockCmd>
  GPIO_InitStructure.GPIO_Pin = I2C_SCL_PIN;
 8000fb4:	4b0d      	ldr	r3, [pc, #52]	; (8000fec <I2C1_Init+0x48>)
  GPIO_Init(I2C_GPIO_PORT, &GPIO_InitStructure);
 8000fb6:	4620      	mov	r0, r4
 8000fb8:	a901      	add	r1, sp, #4
  GPIO_InitStructure.GPIO_Pin = I2C_SCL_PIN;
 8000fba:	9301      	str	r3, [sp, #4]
  GPIO_Init(I2C_GPIO_PORT, &GPIO_InitStructure);
 8000fbc:	f000 fc1d 	bl	80017fa <GPIO_Init>
  Soft_I2C_SDA_OutOD();
 8000fc0:	f7ff fc8c 	bl	80008dc <Soft_I2C_SDA_OutOD>
  I2C_SCL_H;
 8000fc4:	4620      	mov	r0, r4
 8000fc6:	2140      	movs	r1, #64	; 0x40
 8000fc8:	f000 fc6d 	bl	80018a6 <GPIO_SetBits>
  I2C_SDA_H;
 8000fcc:	4620      	mov	r0, r4
 8000fce:	2180      	movs	r1, #128	; 0x80
 8000fd0:	f000 fc69 	bl	80018a6 <GPIO_SetBits>
  Soft_I2C_Delay();
 8000fd4:	f7ff fc9e 	bl	8000914 <Soft_I2C_Delay>
  return g_systick_counter;
 8000fd8:	4b05      	ldr	r3, [pc, #20]	; (8000ff0 <I2C1_Init+0x4c>)
  BH1750_LOG("Soft I2C Init OK");
 8000fda:	4806      	ldr	r0, [pc, #24]	; (8000ff4 <I2C1_Init+0x50>)
  return g_systick_counter;
 8000fdc:	6819      	ldr	r1, [r3, #0]
  BH1750_LOG("Soft I2C Init OK");
 8000fde:	f000 ffe3 	bl	8001fa8 <iprintf>
}
 8000fe2:	b002      	add	sp, #8
 8000fe4:	bd10      	pop	{r4, pc}
 8000fe6:	bf00      	nop
 8000fe8:	40010c00 	.word	0x40010c00
 8000fec:	14030040 	.word	0x14030040
 8000ff0:	200001a4 	.word	0x200001a4
 8000ff4:	08003d64 	.word	0x08003d64

08000ff8 <Read_Ambient_Light>:
u16 Read_Ambient_Light(void) {
 8000ff8:	b573      	push	{r0, r1, r4, r5, r6, lr}
  if (!BH1750_Detect()) {
 8000ffa:	f7ff fd63 	bl	8000ac4 <BH1750_Detect>
 8000ffe:	b920      	cbnz	r0, 800100a <Read_Ambient_Light+0x12>
  if (!BH1750_ReadRaw(&raw)) return ambient_light;
 8001000:	4b27      	ldr	r3, [pc, #156]	; (80010a0 <Read_Ambient_Light+0xa8>)
 8001002:	881c      	ldrh	r4, [r3, #0]
}
 8001004:	4620      	mov	r0, r4
 8001006:	b002      	add	sp, #8
 8001008:	bd70      	pop	{r4, r5, r6, pc}
  if (!BH1750_WriteCmd(0x01)) return ambient_light;
 800100a:	2001      	movs	r0, #1
 800100c:	f7ff fd3e 	bl	8000a8c <BH1750_WriteCmd>
 8001010:	2800      	cmp	r0, #0
 8001012:	d0f5      	beq.n	8001000 <Read_Ambient_Light+0x8>
  Delay_Ms(10);
 8001014:	200a      	movs	r0, #10
 8001016:	f000 ff5f 	bl	8001ed8 <Delay_Ms>
  if (!BH1750_WriteCmd(0x07)) return ambient_light;
 800101a:	2007      	movs	r0, #7
 800101c:	f7ff fd36 	bl	8000a8c <BH1750_WriteCmd>
 8001020:	2800      	cmp	r0, #0
 8001022:	d0ed      	beq.n	8001000 <Read_Ambient_Light+0x8>
  Delay_Ms(10);
 8001024:	200a      	movs	r0, #10
 8001026:	f000 ff57 	bl	8001ed8 <Delay_Ms>
  if (!BH1750_WriteCmd(0x10)) return ambient_light;
 800102a:	2010      	movs	r0, #16
 800102c:	f7ff fd2e 	bl	8000a8c <BH1750_WriteCmd>
 8001030:	2800      	cmp	r0, #0
 8001032:	d0e5      	beq.n	8001000 <Read_Ambient_Light+0x8>
  Delay_Ms(200);
 8001034:	20c8      	movs	r0, #200	; 0xc8
 8001036:	f000 ff4f 	bl	8001ed8 <Delay_Ms>
  Soft_I2C_Start();
 800103a:	f7ff fc6f 	bl	800091c <Soft_I2C_Start>
  Soft_I2C_SendByte(g_bh1750_addr | 0x01);
 800103e:	4b19      	ldr	r3, [pc, #100]	; (80010a4 <Read_Ambient_Light+0xac>)
 8001040:	7818      	ldrb	r0, [r3, #0]
 8001042:	f040 0001 	orr.w	r0, r0, #1
 8001046:	f7ff fc85 	bl	8000954 <Soft_I2C_SendByte>
  if (Soft_I2C_WaitAck()) { Soft_I2C_Stop(); return 0; }
 800104a:	f7ff fcab 	bl	80009a4 <Soft_I2C_WaitAck>
 800104e:	4604      	mov	r4, r0
 8001050:	b110      	cbz	r0, 8001058 <Read_Ambient_Light+0x60>
 8001052:	f7ff fcc5 	bl	80009e0 <Soft_I2C_Stop>
 8001056:	e7d3      	b.n	8001000 <Read_Ambient_Light+0x8>
  hi = Soft_I2C_ReadByte(1);
 8001058:	2001      	movs	r0, #1
 800105a:	f7ff fcd9 	bl	8000a10 <Soft_I2C_ReadByte>
 800105e:	4605      	mov	r5, r0
  lo = Soft_I2C_ReadByte(0);
 8001060:	4620      	mov	r0, r4
 8001062:	f7ff fcd5 	bl	8000a10 <Soft_I2C_ReadByte>
 8001066:	4604      	mov	r4, r0
  Soft_I2C_Stop();
 8001068:	f7ff fcba 	bl	80009e0 <Soft_I2C_Stop>
  *raw = ((u16)hi << 8) | lo;
 800106c:	ea44 2005 	orr.w	r0, r4, r5, lsl #8
  lux = (u16)((((u16)buf[0] << 8) | buf[1]) / 1.2);
 8001070:	f3c0 2507 	ubfx	r5, r0, #8, #8
 8001074:	b2c6      	uxtb	r6, r0
 8001076:	b280      	uxth	r0, r0
 8001078:	f7ff f98c 	bl	8000394 <__aeabi_i2d>
 800107c:	f04f 3233 	mov.w	r2, #858993459	; 0x33333333
 8001080:	4b09      	ldr	r3, [pc, #36]	; (80010a8 <Read_Ambient_Light+0xb0>)
 8001082:	f7ff fb1b 	bl	80006bc <__aeabi_ddiv>
 8001086:	f7ff fc01 	bl	800088c <__aeabi_d2uiz>
  return g_systick_counter;
 800108a:	4b08      	ldr	r3, [pc, #32]	; (80010ac <Read_Ambient_Light+0xb4>)
  lux = (u16)((((u16)buf[0] << 8) | buf[1]) / 1.2);
 800108c:	b284      	uxth	r4, r0
  return g_systick_counter;
 800108e:	6819      	ldr	r1, [r3, #0]
  BH1750_LOG("Read OK raw=%02X %02X lux=%u", buf[0], buf[1], lux);
 8001090:	462a      	mov	r2, r5
 8001092:	4633      	mov	r3, r6
 8001094:	9400      	str	r4, [sp, #0]
 8001096:	4806      	ldr	r0, [pc, #24]	; (80010b0 <Read_Ambient_Light+0xb8>)
 8001098:	f000 ff86 	bl	8001fa8 <iprintf>
  return lux;
 800109c:	e7b2      	b.n	8001004 <Read_Ambient_Light+0xc>
 800109e:	bf00      	nop
 80010a0:	20000098 	.word	0x20000098
 80010a4:	20000000 	.word	0x20000000
 80010a8:	3ff33333 	.word	0x3ff33333
 80010ac:	200001a4 	.word	0x200001a4
 80010b0:	08003d84 	.word	0x08003d84

080010b4 <Auto_Light_Adjust>:
void Auto_Light_Adjust(void) {
 80010b4:	b570      	push	{r4, r5, r6, lr}
  if (auto_light_enable == 0 || touch_warm_flag || touch_white_flag) {
 80010b6:	4b1c      	ldr	r3, [pc, #112]	; (8001128 <Auto_Light_Adjust+0x74>)
 80010b8:	781b      	ldrb	r3, [r3, #0]
 80010ba:	2b00      	cmp	r3, #0
 80010bc:	d032      	beq.n	8001124 <Auto_Light_Adjust+0x70>
 80010be:	4b1b      	ldr	r3, [pc, #108]	; (800112c <Auto_Light_Adjust+0x78>)
 80010c0:	781a      	ldrb	r2, [r3, #0]
 80010c2:	4b1b      	ldr	r3, [pc, #108]	; (8001130 <Auto_Light_Adjust+0x7c>)
 80010c4:	781b      	ldrb	r3, [r3, #0]
 80010c6:	4313      	orrs	r3, r2
 80010c8:	d12c      	bne.n	8001124 <Auto_Light_Adjust+0x70>
  return g_systick_counter;
 80010ca:	4e1a      	ldr	r6, [pc, #104]	; (8001134 <Auto_Light_Adjust+0x80>)
  if ((SysTick_GetTick() - auto_light_tick) > AUTO_LIGHT_INTERVAL) {
 80010cc:	4d1a      	ldr	r5, [pc, #104]	; (8001138 <Auto_Light_Adjust+0x84>)
  return g_systick_counter;
 80010ce:	6833      	ldr	r3, [r6, #0]
  if ((SysTick_GetTick() - auto_light_tick) > AUTO_LIGHT_INTERVAL) {
 80010d0:	682a      	ldr	r2, [r5, #0]
 80010d2:	1a9b      	subs	r3, r3, r2
 80010d4:	f5b3 7ffa 	cmp.w	r3, #500	; 0x1f4
 80010d8:	d924      	bls.n	8001124 <Auto_Light_Adjust+0x70>
    ambient_light = Read_Ambient_Light();
 80010da:	f7ff ff8d 	bl	8000ff8 <Read_Ambient_Light>
    if (ambient_light > 1000) {
 80010de:	f5b0 7f7a 	cmp.w	r0, #1000	; 0x3e8
      ambient_light = 1000;
 80010e2:	bf88      	it	hi
 80010e4:	f44f 727a 	movhi.w	r2, #1000	; 0x3e8
    target_warm = 100 - (ambient_light / 10);
 80010e8:	f04f 010a 	mov.w	r1, #10
 80010ec:	4b13      	ldr	r3, [pc, #76]	; (800113c <Auto_Light_Adjust+0x88>)
    ambient_light = Read_Ambient_Light();
 80010ee:	bf94      	ite	ls
 80010f0:	8018      	strhls	r0, [r3, #0]
      ambient_light = 1000;
 80010f2:	801a      	strhhi	r2, [r3, #0]
    target_warm = 100 - (ambient_light / 10);
 80010f4:	881c      	ldrh	r4, [r3, #0]
    if (warm_switch == 1) {
 80010f6:	4b12      	ldr	r3, [pc, #72]	; (8001140 <Auto_Light_Adjust+0x8c>)
    target_warm = 100 - (ambient_light / 10);
 80010f8:	fbb4 f4f1 	udiv	r4, r4, r1
    if (warm_switch == 1) {
 80010fc:	781b      	ldrb	r3, [r3, #0]
    target_warm = 100 - (ambient_light / 10);
 80010fe:	f1c4 0464 	rsb	r4, r4, #100	; 0x64
    if (warm_switch == 1) {
 8001102:	2b01      	cmp	r3, #1
    target_warm = 100 - (ambient_light / 10);
 8001104:	b2e4      	uxtb	r4, r4
    if (warm_switch == 1) {
 8001106:	d103      	bne.n	8001110 <Auto_Light_Adjust+0x5c>
      Set_PWM_Duty(PWM_WARM_CH, target_warm);
 8001108:	4621      	mov	r1, r4
 800110a:	200c      	movs	r0, #12
 800110c:	f7ff fdb6 	bl	8000c7c <Set_PWM_Duty>
    if (white_switch == 1) {
 8001110:	4b0c      	ldr	r3, [pc, #48]	; (8001144 <Auto_Light_Adjust+0x90>)
 8001112:	781b      	ldrb	r3, [r3, #0]
 8001114:	2b01      	cmp	r3, #1
 8001116:	d103      	bne.n	8001120 <Auto_Light_Adjust+0x6c>
      Set_PWM_Duty(PWM_WHITE_CH, target_white);
 8001118:	4621      	mov	r1, r4
 800111a:	2000      	movs	r0, #0
 800111c:	f7ff fdae 	bl	8000c7c <Set_PWM_Duty>
  return g_systick_counter;
 8001120:	6833      	ldr	r3, [r6, #0]
    auto_light_tick = SysTick_GetTick();
 8001122:	602b      	str	r3, [r5, #0]
}
 8001124:	bd70      	pop	{r4, r5, r6, pc}
 8001126:	bf00      	nop
 8001128:	2000009a 	.word	0x2000009a
 800112c:	200001b0 	.word	0x200001b0
 8001130:	200001b1 	.word	0x200001b1
 8001134:	200001a4 	.word	0x200001a4
 8001138:	2000009c 	.word	0x2000009c
 800113c:	20000098 	.word	0x20000098
 8001140:	20000004 	.word	0x20000004
 8001144:	20000008 	.word	0x20000008

08001148 <UART1_Init>:
void UART1_Init(u32 baudrate) {
 8001148:	b570      	push	{r4, r5, r6, lr}
  GPIO_InitTypeDef GPIO_InitStructure = {0};
 800114a:	2400      	movs	r4, #0
void UART1_Init(u32 baudrate) {
 800114c:	b086      	sub	sp, #24
  USART_InitTypeDef USART_InitStructure = {0};
 800114e:	2210      	movs	r2, #16
void UART1_Init(u32 baudrate) {
 8001150:	4605      	mov	r5, r0
  USART_InitTypeDef USART_InitStructure = {0};
 8001152:	4621      	mov	r1, r4
 8001154:	a802      	add	r0, sp, #8
  GPIO_Init(GPIOA, &GPIO_InitStructure);
 8001156:	4e1c      	ldr	r6, [pc, #112]	; (80011c8 <UART1_Init+0x80>)
  GPIO_InitTypeDef GPIO_InitStructure = {0};
 8001158:	9400      	str	r4, [sp, #0]
  USART_InitTypeDef USART_InitStructure = {0};
 800115a:	f000 ff1d 	bl	8001f98 <memset>
  RCC_APB2PeriphClockCmd(RCC_APB2Periph_USART1 | RCC_APB2Periph_GPIOA, ENABLE);
 800115e:	2101      	movs	r1, #1
 8001160:	f244 0004 	movw	r0, #16388	; 0x4004
  NVIC_InitTypeDef NVIC_InitStructure = {0};
 8001164:	9401      	str	r4, [sp, #4]
  RCC_APB2PeriphClockCmd(RCC_APB2Periph_USART1 | RCC_APB2Periph_GPIOA, ENABLE);
 8001166:	f000 fc9f 	bl	8001aa8 <RCC_APB2PeriphClockCmd>
  GPIO_InitStructure.GPIO_Pin = GPIO_Pin_9;
 800116a:	4b18      	ldr	r3, [pc, #96]	; (80011cc <UART1_Init+0x84>)
  GPIO_Init(GPIOA, &GPIO_InitStructure);
 800116c:	4669      	mov	r1, sp
 800116e:	4630      	mov	r0, r6
  GPIO_InitStructure.GPIO_Pin = GPIO_Pin_9;
 8001170:	9300      	str	r3, [sp, #0]
  GPIO_Init(GPIOA, &GPIO_InitStructure);
 8001172:	f000 fb42 	bl	80017fa <GPIO_Init>
  GPIO_InitStructure.GPIO_Pin = GPIO_Pin_10;
 8001176:	f44f 6380 	mov.w	r3, #1024	; 0x400
 800117a:	f8ad 3000 	strh.w	r3, [sp]
  GPIO_InitStructure.GPIO_Mode = GPIO_Mode_IN_FLOATING;
 800117e:	2304      	movs	r3, #4
  GPIO_Init(GPIOA, &GPIO_InitStructure);
 8001180:	4669      	mov	r1, sp
 8001182:	4630      	mov	r0, r6
  GPIO_InitStructure.GPIO_Mode = GPIO_Mode_IN_FLOATING;
 8001184:	f88d 3003 	strb.w	r3, [sp, #3]
  GPIO_Init(GPIOA, &GPIO_InitStructure);
 8001188:	f000 fb37 	bl	80017fa <GPIO_Init>
  USART_InitStructure.USART_Parity = USART_Parity_No;
 800118c:	f44f 2340 	mov.w	r3, #786432	; 0xc0000
  USART_InitStructure.USART_WordLength = USART_WordLength_8b;
 8001190:	e9cd 5402 	strd	r5, r4, [sp, #8]
  USART_InitStructure.USART_HardwareFlowControl = USART_HardwareFlowControl_None;
 8001194:	f8ad 4014 	strh.w	r4, [sp, #20]
  USART_Init(USART1, &USART_InitStructure);
 8001198:	4c0d      	ldr	r4, [pc, #52]	; (80011d0 <UART1_Init+0x88>)
 800119a:	a902      	add	r1, sp, #8
 800119c:	4620      	mov	r0, r4
  USART_InitStructure.USART_Parity = USART_Parity_No;
 800119e:	9304      	str	r3, [sp, #16]
  USART_Init(USART1, &USART_InitStructure);
 80011a0:	f000 fdca 	bl	8001d38 <USART_Init>
  USART_ITConfig(USART1, USART_IT_RXNE, ENABLE); //  πƒ‹Ω” ’÷–∂œ
 80011a4:	2201      	movs	r2, #1
 80011a6:	f240 5125 	movw	r1, #1317	; 0x525
 80011aa:	4620      	mov	r0, r4
 80011ac:	f000 fe14 	bl	8001dd8 <USART_ITConfig>
  NVIC_InitStructure.NVIC_IRQChannel = USART1_IRQn;
 80011b0:	4b08      	ldr	r3, [pc, #32]	; (80011d4 <UART1_Init+0x8c>)
  NVIC_Init(&NVIC_InitStructure);
 80011b2:	a801      	add	r0, sp, #4
  NVIC_InitStructure.NVIC_IRQChannel = USART1_IRQn;
 80011b4:	9301      	str	r3, [sp, #4]
  NVIC_Init(&NVIC_InitStructure);
 80011b6:	f000 fb7b 	bl	80018b0 <NVIC_Init>
  USART_Cmd(USART1, ENABLE);
 80011ba:	2101      	movs	r1, #1
 80011bc:	4620      	mov	r0, r4
 80011be:	f000 fdff 	bl	8001dc0 <USART_Cmd>
}
 80011c2:	b006      	add	sp, #24
 80011c4:	bd70      	pop	{r4, r5, r6, pc}
 80011c6:	bf00      	nop
 80011c8:	40010800 	.word	0x40010800
 80011cc:	18030200 	.word	0x18030200
 80011d0:	40013800 	.word	0x40013800
 80011d4:	01000025 	.word	0x01000025

080011d8 <Parse_ESP8266_Cmd>:
 * @∫Ø ˝√˚    Parse_ESP8266_Cmd
 * @π¶ƒ‹      Ω‚ŒˆESP8266œ¬∑¢µƒ÷∏¡Ó£®JSONªÚºÚªØPWM∏Ò Ω£©
 * @≤Œ ˝      cmd - ÷∏¡Ó◊÷∑˚¥Æ
 * @∑µªÿ÷µ    Œﬁ
 ********************************************************************/
void Parse_ESP8266_Cmd(char *cmd) {
 80011d8:	b573      	push	{r0, r1, r4, r5, r6, lr}
  char *p = NULL;

  // Ω‚Œˆ…Ë÷√PWM÷∏¡Ó£∫{"cmd":"set_pwm","warm":20,"white":30}
  if (strstr(cmd, "\"cmd\":\"set_pwm\"")) {
 80011da:	4934      	ldr	r1, [pc, #208]	; (80012ac <Parse_ESP8266_Cmd+0xd4>)
void Parse_ESP8266_Cmd(char *cmd) {
 80011dc:	4604      	mov	r4, r0
  if (strstr(cmd, "\"cmd\":\"set_pwm\"")) {
 80011de:	f001 f812 	bl	8002206 <strstr>
 80011e2:	b1d8      	cbz	r0, 800121c <Parse_ESP8266_Cmd+0x44>
    u8 warm = warm_last_duty;
    u8 white = white_last_duty;
 80011e4:	4b32      	ldr	r3, [pc, #200]	; (80012b0 <Parse_ESP8266_Cmd+0xd8>)
    p = strstr(cmd, "\"warm\":");
 80011e6:	4620      	mov	r0, r4
 80011e8:	4932      	ldr	r1, [pc, #200]	; (80012b4 <Parse_ESP8266_Cmd+0xdc>)
    u8 white = white_last_duty;
 80011ea:	781e      	ldrb	r6, [r3, #0]
    p = strstr(cmd, "\"warm\":");
 80011ec:	f001 f80b 	bl	8002206 <strstr>
    if (p) {
 80011f0:	b978      	cbnz	r0, 8001212 <Parse_ESP8266_Cmd+0x3a>
    u8 warm = warm_last_duty;
 80011f2:	4b31      	ldr	r3, [pc, #196]	; (80012b8 <Parse_ESP8266_Cmd+0xe0>)
 80011f4:	781d      	ldrb	r5, [r3, #0]
      warm = (u8)atoi(p + 7);
    }
    p = strstr(cmd, "\"white\":");
 80011f6:	4620      	mov	r0, r4
 80011f8:	4930      	ldr	r1, [pc, #192]	; (80012bc <Parse_ESP8266_Cmd+0xe4>)
 80011fa:	f001 f804 	bl	8002206 <strstr>
    if (p) {
 80011fe:	b118      	cbz	r0, 8001208 <Parse_ESP8266_Cmd+0x30>
      white = (u8)atoi(p + 8);
 8001200:	3008      	adds	r0, #8
 8001202:	f000 fec5 	bl	8001f90 <atoi>
 8001206:	b2c6      	uxtb	r6, r0
    }
    Apply_Remote_PWM(warm, white);
 8001208:	4631      	mov	r1, r6
 800120a:	4628      	mov	r0, r5
  }
  // –¬‘ˆºÚªØ∏Ò Ω£∫PWM:<warm>,<white> ¿˝£∫"PWM:35,80"
  else if (strncmp(cmd, "PWM:", 4) == 0) {
    int warm = 0, white = 0;
    if (sscanf(cmd + 4, "%d,%d", &warm, &white) == 2) {
      Apply_Remote_PWM((u8)warm, (u8)white);
 800120c:	f7ff fd5a 	bl	8000cc4 <Apply_Remote_PWM>
    }
  }
}
 8001210:	e014      	b.n	800123c <Parse_ESP8266_Cmd+0x64>
      warm = (u8)atoi(p + 7);
 8001212:	3007      	adds	r0, #7
 8001214:	f000 febc 	bl	8001f90 <atoi>
 8001218:	b2c5      	uxtb	r5, r0
 800121a:	e7ec      	b.n	80011f6 <Parse_ESP8266_Cmd+0x1e>
  else if (strstr(cmd, "\"cmd\":\"auto_light\"")) {
 800121c:	4620      	mov	r0, r4
 800121e:	4928      	ldr	r1, [pc, #160]	; (80012c0 <Parse_ESP8266_Cmd+0xe8>)
 8001220:	f000 fff1 	bl	8002206 <strstr>
 8001224:	4605      	mov	r5, r0
 8001226:	b158      	cbz	r0, 8001240 <Parse_ESP8266_Cmd+0x68>
    p = strstr(cmd, "\"enable\":");
 8001228:	4620      	mov	r0, r4
 800122a:	4926      	ldr	r1, [pc, #152]	; (80012c4 <Parse_ESP8266_Cmd+0xec>)
 800122c:	f000 ffeb 	bl	8002206 <strstr>
    if (p) {
 8001230:	b120      	cbz	r0, 800123c <Parse_ESP8266_Cmd+0x64>
      auto_light_enable = atoi(p + 9);
 8001232:	3009      	adds	r0, #9
 8001234:	f000 feac 	bl	8001f90 <atoi>
 8001238:	4b23      	ldr	r3, [pc, #140]	; (80012c8 <Parse_ESP8266_Cmd+0xf0>)
 800123a:	7018      	strb	r0, [r3, #0]
}
 800123c:	b002      	add	sp, #8
 800123e:	bd70      	pop	{r4, r5, r6, pc}
  else if (strstr(cmd, "\"cmd\":\"light_switch\"")) {
 8001240:	4620      	mov	r0, r4
 8001242:	4922      	ldr	r1, [pc, #136]	; (80012cc <Parse_ESP8266_Cmd+0xf4>)
 8001244:	f000 ffdf 	bl	8002206 <strstr>
 8001248:	b1c8      	cbz	r0, 800127e <Parse_ESP8266_Cmd+0xa6>
    p = strstr(cmd, "\"warm\":");
 800124a:	4620      	mov	r0, r4
 800124c:	4919      	ldr	r1, [pc, #100]	; (80012b4 <Parse_ESP8266_Cmd+0xdc>)
 800124e:	f000 ffda 	bl	8002206 <strstr>
    if (p) {
 8001252:	b130      	cbz	r0, 8001262 <Parse_ESP8266_Cmd+0x8a>
      Light_Switch(0, atoi(p + 7));
 8001254:	3007      	adds	r0, #7
 8001256:	f000 fe9b 	bl	8001f90 <atoi>
 800125a:	b2c1      	uxtb	r1, r0
 800125c:	4628      	mov	r0, r5
 800125e:	f7ff fd5d 	bl	8000d1c <Light_Switch>
    p = strstr(cmd, "\"white\":");
 8001262:	4620      	mov	r0, r4
 8001264:	4915      	ldr	r1, [pc, #84]	; (80012bc <Parse_ESP8266_Cmd+0xe4>)
 8001266:	f000 ffce 	bl	8002206 <strstr>
    if (p) {
 800126a:	2800      	cmp	r0, #0
 800126c:	d0e6      	beq.n	800123c <Parse_ESP8266_Cmd+0x64>
      Light_Switch(1, atoi(p + 8));
 800126e:	3008      	adds	r0, #8
 8001270:	f000 fe8e 	bl	8001f90 <atoi>
 8001274:	b2c1      	uxtb	r1, r0
 8001276:	2001      	movs	r0, #1
 8001278:	f7ff fd50 	bl	8000d1c <Light_Switch>
 800127c:	e7de      	b.n	800123c <Parse_ESP8266_Cmd+0x64>
  else if (strncmp(cmd, "PWM:", 4) == 0) {
 800127e:	2204      	movs	r2, #4
 8001280:	4620      	mov	r0, r4
 8001282:	4913      	ldr	r1, [pc, #76]	; (80012d0 <Parse_ESP8266_Cmd+0xf8>)
 8001284:	f000 ffad 	bl	80021e2 <strncmp>
 8001288:	2800      	cmp	r0, #0
 800128a:	d1d7      	bne.n	800123c <Parse_ESP8266_Cmd+0x64>
    int warm = 0, white = 0;
 800128c:	e9cd 0000 	strd	r0, r0, [sp]
    if (sscanf(cmd + 4, "%d,%d", &warm, &white) == 2) {
 8001290:	466a      	mov	r2, sp
 8001292:	4910      	ldr	r1, [pc, #64]	; (80012d4 <Parse_ESP8266_Cmd+0xfc>)
 8001294:	ab01      	add	r3, sp, #4
 8001296:	1d20      	adds	r0, r4, #4
 8001298:	f000 ff34 	bl	8002104 <siscanf>
 800129c:	2802      	cmp	r0, #2
 800129e:	d1cd      	bne.n	800123c <Parse_ESP8266_Cmd+0x64>
      Apply_Remote_PWM((u8)warm, (u8)white);
 80012a0:	f89d 1004 	ldrb.w	r1, [sp, #4]
 80012a4:	f89d 0000 	ldrb.w	r0, [sp]
 80012a8:	e7b0      	b.n	800120c <Parse_ESP8266_Cmd+0x34>
 80012aa:	bf00      	nop
 80012ac:	08003db0 	.word	0x08003db0
 80012b0:	20000007 	.word	0x20000007
 80012b4:	08003dc0 	.word	0x08003dc0
 80012b8:	20000003 	.word	0x20000003
 80012bc:	08003dc8 	.word	0x08003dc8
 80012c0:	08003dd1 	.word	0x08003dd1
 80012c4:	08003de4 	.word	0x08003de4
 80012c8:	2000009a 	.word	0x2000009a
 80012cc:	08003dee 	.word	0x08003dee
 80012d0:	08003e03 	.word	0x08003e03
 80012d4:	08003e08 	.word	0x08003e08

080012d8 <UART1_Receive_Cmd>:
/*********************************************************************
 * @∫Ø ˝√˚    UART1_Receive_Cmd
 * @π¶ƒ‹      Ω” ’ESP8266÷∏¡Ó£®¥¯ª∫≥Â«¯£©
 * @∑µªÿ÷µ    Œﬁ
 ********************************************************************/
void UART1_Receive_Cmd(void) {
 80012d8:	b570      	push	{r4, r5, r6, lr}
  static char cmd_buf[JSON_BUF_LEN] = {0};
  static u8 buf_idx = 0;

  // ¥”ª∑–Œª∫≥Â∂¡»°£®”… USART1_IRQHandler ÃÓ≥‰£©£¨»∑±£≤ª÷–∂œ∂™◊÷Ω⁄
  // u16 batch_len = 0;
  while (uart1_rx_head != uart1_rx_tail) {
 80012da:	4d16      	ldr	r5, [pc, #88]	; (8001334 <UART1_Receive_Cmd+0x5c>)
 80012dc:	4c16      	ldr	r4, [pc, #88]	; (8001338 <UART1_Receive_Cmd+0x60>)
 80012de:	4a17      	ldr	r2, [pc, #92]	; (800133c <UART1_Receive_Cmd+0x64>)
 80012e0:	8829      	ldrh	r1, [r5, #0]
 80012e2:	8813      	ldrh	r3, [r2, #0]
 80012e4:	b289      	uxth	r1, r1
 80012e6:	b29b      	uxth	r3, r3
 80012e8:	4299      	cmp	r1, r3
 80012ea:	d100      	bne.n	80012ee <UART1_Receive_Cmd+0x16>
  }

  // if (batch_len > 0) {
  //   printf("[U1RX] batch=%u buf_len=%u\r\n", (unsigned)batch_len, (unsigned)buf_idx);
  // }
}
 80012ec:	bd70      	pop	{r4, r5, r6, pc}
    u8 data = uart1_rx_buf[uart1_rx_tail];
 80012ee:	8813      	ldrh	r3, [r2, #0]
 80012f0:	4913      	ldr	r1, [pc, #76]	; (8001340 <UART1_Receive_Cmd+0x68>)
 80012f2:	b29b      	uxth	r3, r3
 80012f4:	5cc8      	ldrb	r0, [r1, r3]
    uart1_rx_tail = (uart1_rx_tail + 1) % UART1_RX_BUF_SIZE;
 80012f6:	8813      	ldrh	r3, [r2, #0]
    if (data == '\r' || data == '\n') {
 80012f8:	280d      	cmp	r0, #13
    uart1_rx_tail = (uart1_rx_tail + 1) % UART1_RX_BUF_SIZE;
 80012fa:	f103 0301 	add.w	r3, r3, #1
 80012fe:	b2db      	uxtb	r3, r3
 8001300:	8013      	strh	r3, [r2, #0]
    u8 data = uart1_rx_buf[uart1_rx_tail];
 8001302:	b2c1      	uxtb	r1, r0
    if (data == '\r' || data == '\n') {
 8001304:	7823      	ldrb	r3, [r4, #0]
 8001306:	d001      	beq.n	800130c <UART1_Receive_Cmd+0x34>
 8001308:	290a      	cmp	r1, #10
 800130a:	d108      	bne.n	800131e <UART1_Receive_Cmd+0x46>
      if (buf_idx > 0) {
 800130c:	2b00      	cmp	r3, #0
 800130e:	d0e6      	beq.n	80012de <UART1_Receive_Cmd+0x6>
        cmd_buf[buf_idx] = '\0';
 8001310:	2600      	movs	r6, #0
 8001312:	480c      	ldr	r0, [pc, #48]	; (8001344 <UART1_Receive_Cmd+0x6c>)
 8001314:	54c6      	strb	r6, [r0, r3]
        Parse_ESP8266_Cmd(cmd_buf);
 8001316:	f7ff ff5f 	bl	80011d8 <Parse_ESP8266_Cmd>
        buf_idx = 0;
 800131a:	7026      	strb	r6, [r4, #0]
 800131c:	e7df      	b.n	80012de <UART1_Receive_Cmd+0x6>
    if (buf_idx < (JSON_BUF_LEN - 1)) {
 800131e:	2bff      	cmp	r3, #255	; 0xff
      buf_idx = 0;
 8001320:	bf0f      	iteee	eq
 8001322:	2300      	moveq	r3, #0
      cmd_buf[buf_idx++] = data;
 8001324:	1c5a      	addne	r2, r3, #1
 8001326:	7022      	strbne	r2, [r4, #0]
 8001328:	4a06      	ldrne	r2, [pc, #24]	; (8001344 <UART1_Receive_Cmd+0x6c>)
      buf_idx = 0;
 800132a:	bf0c      	ite	eq
 800132c:	7023      	strbeq	r3, [r4, #0]
      cmd_buf[buf_idx++] = data;
 800132e:	54d1      	strbne	r1, [r2, r3]
      buf_idx = 0;
 8001330:	e7d5      	b.n	80012de <UART1_Receive_Cmd+0x6>
 8001332:	bf00      	nop
 8001334:	200002b8 	.word	0x200002b8
 8001338:	200000a0 	.word	0x200000a0
 800133c:	200002ba 	.word	0x200002ba
 8001340:	200001b8 	.word	0x200001b8
 8001344:	200000a1 	.word	0x200000a1

08001348 <UART1_Send_Status>:
/*********************************************************************
 * @∫Ø ˝√˚    UART1_Send_Status
 * @π¶ƒ‹      œÚESP8266…œ±®œµÕ≥◊¥Ã¨£®JSON∏Ò Ω£©
 * @∑µªÿ÷µ    Œﬁ
 ********************************************************************/
void UART1_Send_Status(void) {
 8001348:	b5f0      	push	{r4, r5, r6, r7, lr}
  char json[JSON_BUF_LEN] = {0};
 800134a:	2400      	movs	r4, #0
void UART1_Send_Status(void) {
 800134c:	b0c7      	sub	sp, #284	; 0x11c
  char json[JSON_BUF_LEN] = {0};
 800134e:	22fc      	movs	r2, #252	; 0xfc
 8001350:	4621      	mov	r1, r4
 8001352:	a807      	add	r0, sp, #28
 8001354:	9406      	str	r4, [sp, #24]
 8001356:	f000 fe1f 	bl	8001f98 <memset>
  return g_systick_counter;
 800135a:	4b1c      	ldr	r3, [pc, #112]	; (80013cc <UART1_Send_Status+0x84>)
  // Ω” ’”≈œ»£∫»Ù◊ÓΩ¸250msƒ⁄”–Ω” ’ªÓ∂Ø£¨‘ÚÃ¯π˝±æ¥Œ…œ±®£¨±‹√‚TX¥Ú∂œRX
  if ((SysTick_GetTick() - uart1_last_rx_tick) < 250) {
 800135c:	4a1c      	ldr	r2, [pc, #112]	; (80013d0 <UART1_Send_Status+0x88>)
  return g_systick_counter;
 800135e:	681b      	ldr	r3, [r3, #0]
  if ((SysTick_GetTick() - uart1_last_rx_tick) < 250) {
 8001360:	6812      	ldr	r2, [r2, #0]
  char json[JSON_BUF_LEN] = {0};
 8001362:	ad06      	add	r5, sp, #24
  if ((SysTick_GetTick() - uart1_last_rx_tick) < 250) {
 8001364:	1a9b      	subs	r3, r3, r2
 8001366:	2bf9      	cmp	r3, #249	; 0xf9
 8001368:	d920      	bls.n	80013ac <UART1_Send_Status+0x64>
    return;
  }
  // ππ‘ÏJSON◊÷∑˚¥Æ
  sprintf(json,
 800136a:	4b1a      	ldr	r3, [pc, #104]	; (80013d4 <UART1_Send_Status+0x8c>)
 800136c:	4a1a      	ldr	r2, [pc, #104]	; (80013d8 <UART1_Send_Status+0x90>)
 800136e:	781b      	ldrb	r3, [r3, #0]
 8001370:	4628      	mov	r0, r5
 8001372:	9305      	str	r3, [sp, #20]
 8001374:	4b19      	ldr	r3, [pc, #100]	; (80013dc <UART1_Send_Status+0x94>)
 8001376:	491a      	ldr	r1, [pc, #104]	; (80013e0 <UART1_Send_Status+0x98>)
 8001378:	781b      	ldrb	r3, [r3, #0]
          warm_switch, white_switch,
          auto_light_enable);

  // ÷◊÷Ω⁄∑¢ÀÕJSON ˝æ›
  for (u8 i = 0; i < strlen(json); i++) {
    while (USART_GetFlagStatus(USART1, USART_FLAG_TXE) == RESET);
 800137a:	4f1a      	ldr	r7, [pc, #104]	; (80013e4 <UART1_Send_Status+0x9c>)
  sprintf(json,
 800137c:	9304      	str	r3, [sp, #16]
 800137e:	4b1a      	ldr	r3, [pc, #104]	; (80013e8 <UART1_Send_Status+0xa0>)
 8001380:	781b      	ldrb	r3, [r3, #0]
 8001382:	9303      	str	r3, [sp, #12]
 8001384:	4b19      	ldr	r3, [pc, #100]	; (80013ec <UART1_Send_Status+0xa4>)
 8001386:	781b      	ldrb	r3, [r3, #0]
 8001388:	9302      	str	r3, [sp, #8]
 800138a:	4b19      	ldr	r3, [pc, #100]	; (80013f0 <UART1_Send_Status+0xa8>)
 800138c:	781b      	ldrb	r3, [r3, #0]
 800138e:	9301      	str	r3, [sp, #4]
 8001390:	4b18      	ldr	r3, [pc, #96]	; (80013f4 <UART1_Send_Status+0xac>)
 8001392:	881b      	ldrh	r3, [r3, #0]
 8001394:	9300      	str	r3, [sp, #0]
 8001396:	4b18      	ldr	r3, [pc, #96]	; (80013f8 <UART1_Send_Status+0xb0>)
 8001398:	7812      	ldrb	r2, [r2, #0]
 800139a:	781b      	ldrb	r3, [r3, #0]
 800139c:	f000 fe92 	bl	80020c4 <siprintf>
  for (u8 i = 0; i < strlen(json); i++) {
 80013a0:	4628      	mov	r0, r5
 80013a2:	f7ff fa93 	bl	80008cc <strlen>
 80013a6:	b2e6      	uxtb	r6, r4
 80013a8:	42b0      	cmp	r0, r6
 80013aa:	d801      	bhi.n	80013b0 <UART1_Send_Status+0x68>
    USART_SendData(USART1, json[i]);
  }
}
 80013ac:	b047      	add	sp, #284	; 0x11c
 80013ae:	bdf0      	pop	{r4, r5, r6, r7, pc}
    while (USART_GetFlagStatus(USART1, USART_FLAG_TXE) == RESET);
 80013b0:	2180      	movs	r1, #128	; 0x80
 80013b2:	4638      	mov	r0, r7
 80013b4:	f000 fd30 	bl	8001e18 <USART_GetFlagStatus>
 80013b8:	2800      	cmp	r0, #0
 80013ba:	d0f9      	beq.n	80013b0 <UART1_Send_Status+0x68>
    USART_SendData(USART1, json[i]);
 80013bc:	57a9      	ldrsb	r1, [r5, r6]
 80013be:	4638      	mov	r0, r7
 80013c0:	b289      	uxth	r1, r1
 80013c2:	f000 fd21 	bl	8001e08 <USART_SendData>
  for (u8 i = 0; i < strlen(json); i++) {
 80013c6:	3401      	adds	r4, #1
 80013c8:	e7ea      	b.n	80013a0 <UART1_Send_Status+0x58>
 80013ca:	bf00      	nop
 80013cc:	200001a4 	.word	0x200001a4
 80013d0:	200001b4 	.word	0x200001b4
 80013d4:	2000009a 	.word	0x2000009a
 80013d8:	20000002 	.word	0x20000002
 80013dc:	20000008 	.word	0x20000008
 80013e0:	08003e0e 	.word	0x08003e0e
 80013e4:	40013800 	.word	0x40013800
 80013e8:	20000004 	.word	0x20000004
 80013ec:	200001b1 	.word	0x200001b1
 80013f0:	200001b0 	.word	0x200001b0
 80013f4:	20000098 	.word	0x20000098
 80013f8:	20000006 	.word	0x20000006

080013fc <RGB_Reserve_Init>:
 * @∫Ø ˝√˚    RGB_Reserve_Init
 * @π¶ƒ‹      ≥ı ºªØ‘§¡ÙRGB“˝Ω≈£®PA14/PA15£©
 * @∑µªÿ÷µ    Œﬁ
 ********************************************************************/
void RGB_Reserve_Init(void) {
  GPIO_InitTypeDef GPIO_InitStructure = {0};
 80013fc:	2300      	movs	r3, #0
void RGB_Reserve_Init(void) {
 80013fe:	b513      	push	{r0, r1, r4, lr}

  // ≈‰÷√PA14/PA15Œ™Õ∆ÕÏ ‰≥ˆ
  GPIO_InitStructure.GPIO_Pin = GPIO_Pin_14 | GPIO_Pin_15;
  GPIO_InitStructure.GPIO_Mode = GPIO_Mode_Out_PP;
  GPIO_InitStructure.GPIO_Speed = GPIO_Speed_50MHz;
  GPIO_Init(GPIOA, &GPIO_InitStructure);
 8001400:	4c09      	ldr	r4, [pc, #36]	; (8001428 <RGB_Reserve_Init+0x2c>)
  RCC_APB2PeriphClockCmd(RCC_APB2Periph_GPIOA, ENABLE);
 8001402:	2101      	movs	r1, #1
 8001404:	2004      	movs	r0, #4
  GPIO_InitTypeDef GPIO_InitStructure = {0};
 8001406:	9301      	str	r3, [sp, #4]
  RCC_APB2PeriphClockCmd(RCC_APB2Periph_GPIOA, ENABLE);
 8001408:	f000 fb4e 	bl	8001aa8 <RCC_APB2PeriphClockCmd>
  GPIO_InitStructure.GPIO_Pin = GPIO_Pin_14 | GPIO_Pin_15;
 800140c:	4b07      	ldr	r3, [pc, #28]	; (800142c <RGB_Reserve_Init+0x30>)
  GPIO_Init(GPIOA, &GPIO_InitStructure);
 800140e:	4620      	mov	r0, r4
 8001410:	a901      	add	r1, sp, #4
  GPIO_InitStructure.GPIO_Pin = GPIO_Pin_14 | GPIO_Pin_15;
 8001412:	9301      	str	r3, [sp, #4]
  GPIO_Init(GPIOA, &GPIO_InitStructure);
 8001414:	f000 f9f1 	bl	80017fa <GPIO_Init>

  // ≥ı ºµÁ∆Ω÷√∏ﬂ
  GPIO_SetBits(GPIOA, GPIO_Pin_14 | GPIO_Pin_15);
 8001418:	f44f 4140 	mov.w	r1, #49152	; 0xc000
 800141c:	4620      	mov	r0, r4
 800141e:	f000 fa42 	bl	80018a6 <GPIO_SetBits>
}
 8001422:	b002      	add	sp, #8
 8001424:	bd10      	pop	{r4, pc}
 8001426:	bf00      	nop
 8001428:	40010800 	.word	0x40010800
 800142c:	1003c000 	.word	0x1003c000

08001430 <main>:
/*********************************************************************
 * @∫Ø ˝√˚    main
 * @π¶ƒ‹      ÷˜∫Ø ˝£®’˚∫œÀ˘”–π¶ƒ‹£©
 * @∑µªÿ÷µ    Œﬁ
 ********************************************************************/
int main(void) {
 8001430:	b5f8      	push	{r3, r4, r5, r6, r7, lr}
  u32 report_tick = 0;

  // 1. ≈‰÷√œµÕ≥ ±÷”£®8MHz °˙ 72MHz£©
  SystemClock_Config_8MHz();
 8001432:	f7ff fb6d 	bl	8000b10 <SystemClock_Config_8MHz>
  // 2. ≥ı ºªØª˘¥°Õ‚…Ë
  Delay_Init();
 8001436:	f000 fd15 	bl	8001e64 <Delay_Init>
  USART_Printf_Init(UART_BAUDRATE);  // µ˜ ‘¥Æø⁄£®USART2£©
 800143a:	f44f 5016 	mov.w	r0, #9600	; 0x2580
 800143e:	f000 fd67 	bl	8001f10 <USART_Printf_Init>
  printf("CH32F103 ÷«ƒ‹µ∆¥¯øÿ÷∆œµÕ≥ V2.0\r\n");
 8001442:	4823      	ldr	r0, [pc, #140]	; (80014d0 <main+0xa0>)
 8001444:	f000 fe36 	bl	80020b4 <puts>
  printf("œµÕ≥ ±÷”£∫%d\r\n", SystemCoreClock);
 8001448:	4b22      	ldr	r3, [pc, #136]	; (80014d4 <main+0xa4>)
 800144a:	4823      	ldr	r0, [pc, #140]	; (80014d8 <main+0xa8>)
 800144c:	6819      	ldr	r1, [r3, #0]
 800144e:	f000 fdab 	bl	8001fa8 <iprintf>

  // 3. ≥ı ºªØπ¶ƒ‹Õ‚…Ë
  PWM_Init();          // COBµ∆¥¯PWM
 8001452:	f7ff fb8d 	bl	8000b70 <PWM_Init>
  Touch_Init();        // ¥•øÿƒ£øÈ
 8001456:	f7ff fc93 	bl	8000d80 <Touch_Init>
  TickTimer_Init();    // 1msœµÕ≥Ω⁄≈ƒº∆ ±
 800145a:	f7ff fd75 	bl	8000f48 <TickTimer_Init>
  I2C1_Init();         // π‚∏–I2C
 800145e:	f7ff fda1 	bl	8000fa4 <I2C1_Init>
  if (!BH1750_Detect()) {
 8001462:	f7ff fb2f 	bl	8000ac4 <BH1750_Detect>
 8001466:	4c1d      	ldr	r4, [pc, #116]	; (80014dc <main+0xac>)
  return g_systick_counter;
 8001468:	6821      	ldr	r1, [r4, #0]
  if (!BH1750_Detect()) {
 800146a:	bb50      	cbnz	r0, 80014c2 <main+0x92>
    BH1750_LOG("FAIL: No sensor found!");
 800146c:	481c      	ldr	r0, [pc, #112]	; (80014e0 <main+0xb0>)
 800146e:	f000 fd9b 	bl	8001fa8 <iprintf>
  BH1750_SelfTestOnce();// BH1750/I2C◊‘ºÏ£®Ω®“È∂œø™ESP8266£¨±‹√‚”ÎUART1ªÏœﬂ£©
  UART1_Init(UART_BAUDRATE);  // ESP8266Õ®–≈
 8001472:	f44f 5016 	mov.w	r0, #9600	; 0x2580
 8001476:	f7ff fe67 	bl	8001148 <UART1_Init>
  RGB_Reserve_Init();  // ‘§¡ÙRGB“˝Ω≈
 800147a:	f7ff ffbf 	bl	80013fc <RGB_Reserve_Init>

  // 4. ≥ı º◊¥Ã¨£∫µ∆ø™∆Ù£¨’ºø’±»3%
  Light_Switch(0, 1);
 800147e:	2101      	movs	r1, #1
 8001480:	2000      	movs	r0, #0
 8001482:	f7ff fc4b 	bl	8000d1c <Light_Switch>
  Light_Switch(1, 1);
 8001486:	2101      	movs	r1, #1
 8001488:	4608      	mov	r0, r1
 800148a:	f7ff fc47 	bl	8000d1c <Light_Switch>
  u32 report_tick = 0;
 800148e:	2500      	movs	r5, #0
    // Ω” ’ESP8266÷∏¡Ó
    UART1_Receive_Cmd();
    
    // ∂® ±œÚESP8266…œ±®◊¥Ã¨
    if ((SysTick_GetTick() - report_tick) > REPORT_INTERVAL) {
      if (auto_light_enable == 1) {
 8001490:	4e14      	ldr	r6, [pc, #80]	; (80014e4 <main+0xb4>)
        ambient_light = Read_Ambient_Light();
 8001492:	4f15      	ldr	r7, [pc, #84]	; (80014e8 <main+0xb8>)
    Touch_Detect();
 8001494:	f7ff fc88 	bl	8000da8 <Touch_Detect>
    Auto_Light_Adjust();
 8001498:	f7ff fe0c 	bl	80010b4 <Auto_Light_Adjust>
    UART1_Receive_Cmd();
 800149c:	f7ff ff1c 	bl	80012d8 <UART1_Receive_Cmd>
  return g_systick_counter;
 80014a0:	6823      	ldr	r3, [r4, #0]
    if ((SysTick_GetTick() - report_tick) > REPORT_INTERVAL) {
 80014a2:	1b5b      	subs	r3, r3, r5
 80014a4:	2b64      	cmp	r3, #100	; 0x64
 80014a6:	d908      	bls.n	80014ba <main+0x8a>
      if (auto_light_enable == 1) {
 80014a8:	7833      	ldrb	r3, [r6, #0]
 80014aa:	2b01      	cmp	r3, #1
 80014ac:	d102      	bne.n	80014b4 <main+0x84>
        ambient_light = Read_Ambient_Light();
 80014ae:	f7ff fda3 	bl	8000ff8 <Read_Ambient_Light>
 80014b2:	8038      	strh	r0, [r7, #0]
      }
      UART1_Send_Status();
 80014b4:	f7ff ff48 	bl	8001348 <UART1_Send_Status>
  return g_systick_counter;
 80014b8:	6825      	ldr	r5, [r4, #0]
      report_tick = SysTick_GetTick();
    }

    Delay_Ms(10);
 80014ba:	200a      	movs	r0, #10
 80014bc:	f000 fd0c 	bl	8001ed8 <Delay_Ms>
    Touch_Detect();
 80014c0:	e7e8      	b.n	8001494 <main+0x64>
  BH1750_LOG("FOUND Sensor addr=0x%02X", g_bh1750_addr >> 1);
 80014c2:	4b0a      	ldr	r3, [pc, #40]	; (80014ec <main+0xbc>)
 80014c4:	480a      	ldr	r0, [pc, #40]	; (80014f0 <main+0xc0>)
 80014c6:	781a      	ldrb	r2, [r3, #0]
 80014c8:	0852      	lsrs	r2, r2, #1
 80014ca:	f000 fd6d 	bl	8001fa8 <iprintf>
 80014ce:	e7d0      	b.n	8001472 <main+0x42>
 80014d0:	08003e8b 	.word	0x08003e8b
 80014d4:	2000001c 	.word	0x2000001c
 80014d8:	08003eab 	.word	0x08003eab
 80014dc:	200001a4 	.word	0x200001a4
 80014e0:	08003eba 	.word	0x08003eba
 80014e4:	2000009a 	.word	0x2000009a
 80014e8:	20000098 	.word	0x20000098
 80014ec:	20000000 	.word	0x20000000
 80014f0:	08003ee0 	.word	0x08003ee0

080014f4 <USART1_IRQHandler>:
  }
}

// USART1 Ω” ’÷–∂œ£∫ÃÓ≥‰ª∑–Œª∫≥Â£¨±‹√‚÷˜—≠ª∑◊Ë»˚µº÷¬∂™◊÷Ω⁄
void USART1_IRQHandler(void) {
 80014f4:	b538      	push	{r3, r4, r5, lr}
  if (USART_GetITStatus(USART1, USART_IT_RXNE) != RESET) {
 80014f6:	f240 5125 	movw	r1, #1317	; 0x525
 80014fa:	4812      	ldr	r0, [pc, #72]	; (8001544 <USART1_IRQHandler+0x50>)
 80014fc:	f000 fc92 	bl	8001e24 <USART_GetITStatus>
 8001500:	b1a8      	cbz	r0, 800152e <USART1_IRQHandler+0x3a>
    u8 data = USART_ReceiveData(USART1);
 8001502:	4810      	ldr	r0, [pc, #64]	; (8001544 <USART1_IRQHandler+0x50>)
 8001504:	f000 fc84 	bl	8001e10 <USART_ReceiveData>
  return g_systick_counter;
 8001508:	4b0f      	ldr	r3, [pc, #60]	; (8001548 <USART1_IRQHandler+0x54>)
    uart1_last_rx_tick = SysTick_GetTick();

    u16 next_head = (uart1_rx_head + 1) % UART1_RX_BUF_SIZE;
    if (next_head != uart1_rx_tail) {
 800150a:	4c10      	ldr	r4, [pc, #64]	; (800154c <USART1_IRQHandler+0x58>)
  return g_systick_counter;
 800150c:	681a      	ldr	r2, [r3, #0]
    uart1_last_rx_tick = SysTick_GetTick();
 800150e:	4b10      	ldr	r3, [pc, #64]	; (8001550 <USART1_IRQHandler+0x5c>)
 8001510:	4d10      	ldr	r5, [pc, #64]	; (8001554 <USART1_IRQHandler+0x60>)
 8001512:	601a      	str	r2, [r3, #0]
    u16 next_head = (uart1_rx_head + 1) % UART1_RX_BUF_SIZE;
 8001514:	4a10      	ldr	r2, [pc, #64]	; (8001558 <USART1_IRQHandler+0x64>)
    u8 data = USART_ReceiveData(USART1);
 8001516:	b2c0      	uxtb	r0, r0
    u16 next_head = (uart1_rx_head + 1) % UART1_RX_BUF_SIZE;
 8001518:	8813      	ldrh	r3, [r2, #0]
    if (next_head != uart1_rx_tail) {
 800151a:	8821      	ldrh	r1, [r4, #0]
    u16 next_head = (uart1_rx_head + 1) % UART1_RX_BUF_SIZE;
 800151c:	3301      	adds	r3, #1
 800151e:	b2db      	uxtb	r3, r3
    if (next_head != uart1_rx_tail) {
 8001520:	b289      	uxth	r1, r1
 8001522:	4299      	cmp	r1, r3
 8001524:	d004      	beq.n	8001530 <USART1_IRQHandler+0x3c>
      uart1_rx_buf[uart1_rx_head] = data;
 8001526:	8811      	ldrh	r1, [r2, #0]
 8001528:	b289      	uxth	r1, r1
 800152a:	5468      	strb	r0, [r5, r1]
      uart1_rx_head = next_head;
 800152c:	8013      	strh	r3, [r2, #0]
      uart1_rx_tail = (uart1_rx_tail + 1) % UART1_RX_BUF_SIZE;
      uart1_rx_buf[uart1_rx_head] = data;
      uart1_rx_head = next_head;
    }
  }
 800152e:	bd38      	pop	{r3, r4, r5, pc}
      uart1_rx_tail = (uart1_rx_tail + 1) % UART1_RX_BUF_SIZE;
 8001530:	8823      	ldrh	r3, [r4, #0]
 8001532:	3301      	adds	r3, #1
 8001534:	b2db      	uxtb	r3, r3
 8001536:	8023      	strh	r3, [r4, #0]
      uart1_rx_buf[uart1_rx_head] = data;
 8001538:	8813      	ldrh	r3, [r2, #0]
 800153a:	b29b      	uxth	r3, r3
 800153c:	54e8      	strb	r0, [r5, r3]
      uart1_rx_head = next_head;
 800153e:	8011      	strh	r1, [r2, #0]
 8001540:	e7f5      	b.n	800152e <USART1_IRQHandler+0x3a>
 8001542:	bf00      	nop
 8001544:	40013800 	.word	0x40013800
 8001548:	200001a4 	.word	0x200001a4
 800154c:	200002ba 	.word	0x200002ba
 8001550:	200001b4 	.word	0x200001b4
 8001554:	200001b8 	.word	0x200001b8
 8001558:	200002b8 	.word	0x200002b8

0800155c <NMI_Handler>:
 *
 * @return  none
 */
void NMI_Handler(void)
{
  while (1)
 800155c:	e7fe      	b.n	800155c <NMI_Handler>

0800155e <HardFault_Handler>:
 *
 * @return  none
 */
void HardFault_Handler(void)
{
  while (1)
 800155e:	e7fe      	b.n	800155e <HardFault_Handler>

08001560 <MemManage_Handler>:
 *
 * @return  none
 */
void MemManage_Handler(void)
{
  while (1)
 8001560:	e7fe      	b.n	8001560 <MemManage_Handler>

08001562 <BusFault_Handler>:
 *
 * @return  none
 */
void BusFault_Handler(void)
{
  while (1)
 8001562:	e7fe      	b.n	8001562 <BusFault_Handler>

08001564 <UsageFault_Handler>:
 *
 * @return  none
 */
void UsageFault_Handler(void)
{
  while (1)
 8001564:	e7fe      	b.n	8001564 <UsageFault_Handler>

08001566 <SVC_Handler>:
 *
 * @return  none
 */
void SVC_Handler(void)
{
}
 8001566:	4770      	bx	lr

08001568 <DebugMon_Handler>:
 8001568:	4770      	bx	lr

0800156a <PendSV_Handler>:
 800156a:	4770      	bx	lr

0800156c <TimingDelay_Decrement>:
 *
 * @return  none
 */
static __IO uint32_t TimingDelay = 0;
void TimingDelay_Decrement(void) {
  if (TimingDelay != 0x00) {
 800156c:	4b03      	ldr	r3, [pc, #12]	; (800157c <TimingDelay_Decrement+0x10>)
 800156e:	681a      	ldr	r2, [r3, #0]
 8001570:	b112      	cbz	r2, 8001578 <TimingDelay_Decrement+0xc>
    TimingDelay--;
 8001572:	681a      	ldr	r2, [r3, #0]
 8001574:	3a01      	subs	r2, #1
 8001576:	601a      	str	r2, [r3, #0]
  }
}
 8001578:	4770      	bx	lr
 800157a:	bf00      	nop
 800157c:	200002cc 	.word	0x200002cc

08001580 <SysTick_Handler>:
extern __IO uint32_t g_systick_counter;
void TimingDelay_Decrement(void);
void SysTick_Handler(void)
{
  g_systick_counter++;
 8001580:	4a02      	ldr	r2, [pc, #8]	; (800158c <SysTick_Handler+0xc>)
 8001582:	6813      	ldr	r3, [r2, #0]
 8001584:	3301      	adds	r3, #1
 8001586:	6013      	str	r3, [r2, #0]
  TimingDelay_Decrement();
 8001588:	f7ff bff0 	b.w	800156c <TimingDelay_Decrement>
 800158c:	200001a4 	.word	0x200001a4

08001590 <TIM4_IRQHandler>:
 * @brief   TIM4 Êõ¥Êñ∞‰∏≠Êñ≠ÔºöÁî®‰∫é‰∫ßÁîü1msÁ≥ªÁªüËäÇÊãç„ÄÇ
 *
 * @return  none
 */
void TIM4_IRQHandler(void)
{
 8001590:	b508      	push	{r3, lr}
  if (TIM_GetITStatus(TIM4, TIM_IT_Update) != RESET)
 8001592:	2101      	movs	r1, #1
 8001594:	4806      	ldr	r0, [pc, #24]	; (80015b0 <TIM4_IRQHandler+0x20>)
 8001596:	f000 fbbf 	bl	8001d18 <TIM_GetITStatus>
 800159a:	b138      	cbz	r0, 80015ac <TIM4_IRQHandler+0x1c>
  {
    TIM_ClearITPendingBit(TIM4, TIM_IT_Update);
 800159c:	2101      	movs	r1, #1
 800159e:	4804      	ldr	r0, [pc, #16]	; (80015b0 <TIM4_IRQHandler+0x20>)
 80015a0:	f000 fbc5 	bl	8001d2e <TIM_ClearITPendingBit>
    g_systick_counter++;
 80015a4:	4a03      	ldr	r2, [pc, #12]	; (80015b4 <TIM4_IRQHandler+0x24>)
 80015a6:	6813      	ldr	r3, [r2, #0]
 80015a8:	3301      	adds	r3, #1
 80015aa:	6013      	str	r3, [r2, #0]
  }
}
 80015ac:	bd08      	pop	{r3, pc}
 80015ae:	bf00      	nop
 80015b0:	40000800 	.word	0x40000800
 80015b4:	200001a4 	.word	0x200001a4

080015b8 <TIM3_IRQHandler>:
 *          - CC1‰∏≠Êñ≠ÔºöÂà∞ËææÂç†Á©∫ÊØîÂÖ≥Êñ≠ÁÇπÊãâ‰Ωé
 *
 * @return  none
 */
void TIM3_IRQHandler(void)
{
 80015b8:	b538      	push	{r3, r4, r5, lr}
  // Âë®ÊúüÂºÄÂßã
  if (TIM_GetITStatus(TIM3, TIM_IT_Update) != RESET)
 80015ba:	4d26      	ldr	r5, [pc, #152]	; (8001654 <TIM3_IRQHandler+0x9c>)
 80015bc:	2101      	movs	r1, #1
 80015be:	4628      	mov	r0, r5
 80015c0:	f000 fbaa 	bl	8001d18 <TIM_GetITStatus>
 80015c4:	b1a8      	cbz	r0, 80015f2 <TIM3_IRQHandler+0x3a>
  {
    TIM_ClearITPendingBit(TIM3, TIM_IT_Update);
 80015c6:	2101      	movs	r1, #1
 80015c8:	4628      	mov	r0, r5
 80015ca:	f000 fbb0 	bl	8001d2e <TIM_ClearITPendingBit>
    // ÈÅøÂÖçÊóßÁöÑCC1ÊåÇËµ∑ÂΩ±ÂìçÊú¨Âë®Êúü
    TIM_ClearITPendingBit(TIM3, TIM_IT_CC1);
 80015ce:	2102      	movs	r1, #2
 80015d0:	4628      	mov	r0, r5
 80015d2:	f000 fbac 	bl	8001d2e <TIM_ClearITPendingBit>

    u8 duty = g_white_soft_duty;
 80015d6:	4b20      	ldr	r3, [pc, #128]	; (8001658 <TIM3_IRQHandler+0xa0>)
 80015d8:	781b      	ldrb	r3, [r3, #0]
    if (duty == 0)
 80015da:	f003 04ff 	and.w	r4, r3, #255	; 0xff
 80015de:	b9bb      	cbnz	r3, 8001610 <TIM3_IRQHandler+0x58>
    {
      GPIO_ResetBits(GPIOA, GPIO_Pin_4);
 80015e0:	2110      	movs	r1, #16
 80015e2:	481e      	ldr	r0, [pc, #120]	; (800165c <TIM3_IRQHandler+0xa4>)
 80015e4:	f000 f961 	bl	80018aa <GPIO_ResetBits>
      TIM_ITConfig(TIM3, TIM_IT_CC1, DISABLE);
    }
    else if (duty >= 100)
    {
      GPIO_SetBits(GPIOA, GPIO_Pin_4);
      TIM_ITConfig(TIM3, TIM_IT_CC1, DISABLE);
 80015e8:	2200      	movs	r2, #0
      if (on_ticks < 1U) on_ticks = 1U;
      if (on_ticks > arr) on_ticks = arr;

      GPIO_SetBits(GPIOA, GPIO_Pin_4);
      TIM_SetCompare1(TIM3, on_ticks);
      TIM_ITConfig(TIM3, TIM_IT_CC1, ENABLE);
 80015ea:	2102      	movs	r1, #2
 80015ec:	4628      	mov	r0, r5
 80015ee:	f000 fb6f 	bl	8001cd0 <TIM_ITConfig>
    }
  }

  // ÂÖ≥Êñ≠ÁÇπ
  if (TIM_GetITStatus(TIM3, TIM_IT_CC1) != RESET)
 80015f2:	2102      	movs	r1, #2
 80015f4:	4817      	ldr	r0, [pc, #92]	; (8001654 <TIM3_IRQHandler+0x9c>)
 80015f6:	f000 fb8f 	bl	8001d18 <TIM_GetITStatus>
 80015fa:	b348      	cbz	r0, 8001650 <TIM3_IRQHandler+0x98>
  {
    TIM_ClearITPendingBit(TIM3, TIM_IT_CC1);
 80015fc:	2102      	movs	r1, #2
 80015fe:	4815      	ldr	r0, [pc, #84]	; (8001654 <TIM3_IRQHandler+0x9c>)
 8001600:	f000 fb95 	bl	8001d2e <TIM_ClearITPendingBit>
    GPIO_ResetBits(GPIOA, GPIO_Pin_4);
  }
}
 8001604:	e8bd 4038 	ldmia.w	sp!, {r3, r4, r5, lr}
    GPIO_ResetBits(GPIOA, GPIO_Pin_4);
 8001608:	2110      	movs	r1, #16
 800160a:	4814      	ldr	r0, [pc, #80]	; (800165c <TIM3_IRQHandler+0xa4>)
 800160c:	f000 b94d 	b.w	80018aa <GPIO_ResetBits>
    else if (duty >= 100)
 8001610:	2c63      	cmp	r4, #99	; 0x63
 8001612:	d904      	bls.n	800161e <TIM3_IRQHandler+0x66>
      GPIO_SetBits(GPIOA, GPIO_Pin_4);
 8001614:	2110      	movs	r1, #16
 8001616:	4811      	ldr	r0, [pc, #68]	; (800165c <TIM3_IRQHandler+0xa4>)
 8001618:	f000 f945 	bl	80018a6 <GPIO_SetBits>
 800161c:	e7e4      	b.n	80015e8 <TIM3_IRQHandler+0x30>
      u16 arr = (u16)TIM3->ATRLR;
 800161e:	8da9      	ldrh	r1, [r5, #44]	; 0x2c
      GPIO_SetBits(GPIOA, GPIO_Pin_4);
 8001620:	480e      	ldr	r0, [pc, #56]	; (800165c <TIM3_IRQHandler+0xa4>)
      u16 arr = (u16)TIM3->ATRLR;
 8001622:	b289      	uxth	r1, r1
      u16 period_ticks = (u16)(arr + 1U);
 8001624:	1c4a      	adds	r2, r1, #1
      u16 on_ticks = (u16)(((u32)duty * (u32)period_ticks) / 100U);
 8001626:	b292      	uxth	r2, r2
 8001628:	4354      	muls	r4, r2
 800162a:	2264      	movs	r2, #100	; 0x64
 800162c:	fbb4 f4f2 	udiv	r4, r4, r2
 8001630:	b2a4      	uxth	r4, r4
      if (on_ticks < 1U) on_ticks = 1U;
 8001632:	2c01      	cmp	r4, #1
 8001634:	bf38      	it	cc
 8001636:	2401      	movcc	r4, #1
      if (on_ticks > arr) on_ticks = arr;
 8001638:	428c      	cmp	r4, r1
 800163a:	bf28      	it	cs
 800163c:	460c      	movcs	r4, r1
      GPIO_SetBits(GPIOA, GPIO_Pin_4);
 800163e:	2110      	movs	r1, #16
 8001640:	f000 f931 	bl	80018a6 <GPIO_SetBits>
      TIM_SetCompare1(TIM3, on_ticks);
 8001644:	4621      	mov	r1, r4
 8001646:	4628      	mov	r0, r5
 8001648:	f000 fb61 	bl	8001d0e <TIM_SetCompare1>
      TIM_ITConfig(TIM3, TIM_IT_CC1, ENABLE);
 800164c:	2201      	movs	r2, #1
 800164e:	e7cc      	b.n	80015ea <TIM3_IRQHandler+0x32>
}
 8001650:	bd38      	pop	{r3, r4, r5, pc}
 8001652:	bf00      	nop
 8001654:	40000400 	.word	0x40000400
 8001658:	20000001 	.word	0x20000001
 800165c:	40010800 	.word	0x40010800

08001660 <SystemInit>:
 *
 * @return  none
 */
void SystemInit (void)
{
  RCC->CTLR |= (uint32_t)0x00000001;
 8001660:	4b37      	ldr	r3, [pc, #220]	; (8001740 <SystemInit+0xe0>)
{
 8001662:	b082      	sub	sp, #8
  RCC->CTLR |= (uint32_t)0x00000001;
 8001664:	681a      	ldr	r2, [r3, #0]
 8001666:	f042 0201 	orr.w	r2, r2, #1
 800166a:	601a      	str	r2, [r3, #0]
  RCC->CFGR0 &= (uint32_t)0xF8FF0000;
 800166c:	6859      	ldr	r1, [r3, #4]
 800166e:	4a35      	ldr	r2, [pc, #212]	; (8001744 <SystemInit+0xe4>)
 8001670:	400a      	ands	r2, r1
 8001672:	605a      	str	r2, [r3, #4]
  RCC->CTLR &= (uint32_t)0xFEF6FFFF;
 8001674:	681a      	ldr	r2, [r3, #0]
 8001676:	f022 7284 	bic.w	r2, r2, #17301504	; 0x1080000
 800167a:	f422 3280 	bic.w	r2, r2, #65536	; 0x10000
 800167e:	601a      	str	r2, [r3, #0]
  RCC->CTLR &= (uint32_t)0xFFFBFFFF;
 8001680:	681a      	ldr	r2, [r3, #0]
 8001682:	f422 2280 	bic.w	r2, r2, #262144	; 0x40000
 8001686:	601a      	str	r2, [r3, #0]
  RCC->CFGR0 &= (uint32_t)0xFF80FFFF;
 8001688:	685a      	ldr	r2, [r3, #4]
 800168a:	f422 02fe 	bic.w	r2, r2, #8323072	; 0x7f0000
 800168e:	605a      	str	r2, [r3, #4]
  RCC->INTR = 0x009F0000;    
 8001690:	f44f 021f 	mov.w	r2, #10420224	; 0x9f0000
 8001694:	609a      	str	r2, [r3, #8]
 *
 * @return  none
 */
static void SetSysClockTo72_HSE(void)
{
  __IO uint32_t StartUpCounter = 0, HSEStatus = 0;
 8001696:	2200      	movs	r2, #0
 8001698:	9200      	str	r2, [sp, #0]
 800169a:	9201      	str	r2, [sp, #4]
     
  RCC->CTLR |= ((uint32_t)RCC_HSEON);
 800169c:	681a      	ldr	r2, [r3, #0]
 800169e:	f442 3280 	orr.w	r2, r2, #65536	; 0x10000
 80016a2:	601a      	str	r2, [r3, #0]
 
  /* Wait till HSE is ready and if Time out is reached exit */
  do
  {
    HSEStatus = RCC->CTLR & RCC_HSERDY;
 80016a4:	681a      	ldr	r2, [r3, #0]
 80016a6:	f402 3200 	and.w	r2, r2, #131072	; 0x20000
 80016aa:	9201      	str	r2, [sp, #4]
    StartUpCounter++;  
 80016ac:	9a00      	ldr	r2, [sp, #0]
 80016ae:	3201      	adds	r2, #1
 80016b0:	9200      	str	r2, [sp, #0]
  } while((HSEStatus == 0) && (StartUpCounter != HSE_STARTUP_TIMEOUT));
 80016b2:	9a01      	ldr	r2, [sp, #4]
 80016b4:	b91a      	cbnz	r2, 80016be <SystemInit+0x5e>
 80016b6:	9a00      	ldr	r2, [sp, #0]
 80016b8:	f5b2 6fa0 	cmp.w	r2, #1280	; 0x500
 80016bc:	d1f2      	bne.n	80016a4 <SystemInit+0x44>

  if ((RCC->CTLR & RCC_HSERDY) != RESET)
 80016be:	681a      	ldr	r2, [r3, #0]
 80016c0:	f412 3200 	ands.w	r2, r2, #131072	; 0x20000
  {
    HSEStatus = (uint32_t)0x01;
 80016c4:	bf18      	it	ne
 80016c6:	2201      	movne	r2, #1
  }
  else
  {
    HSEStatus = (uint32_t)0x00;
 80016c8:	9201      	str	r2, [sp, #4]
  }  

  if (HSEStatus == (uint32_t)0x01)
 80016ca:	9a01      	ldr	r2, [sp, #4]
 80016cc:	2a01      	cmp	r2, #1
 80016ce:	d130      	bne.n	8001732 <SystemInit+0xd2>
  {
    /* Enable Prefetch Buffer */
    FLASH->ACTLR |= FLASH_ACTLR_PRFTBE;
 80016d0:	4a1d      	ldr	r2, [pc, #116]	; (8001748 <SystemInit+0xe8>)
 80016d2:	6811      	ldr	r1, [r2, #0]
 80016d4:	f041 0110 	orr.w	r1, r1, #16
 80016d8:	6011      	str	r1, [r2, #0]

    /* Flash 2 wait state */
    FLASH->ACTLR &= (uint32_t)((uint32_t)~FLASH_ACTLR_LATENCY);
 80016da:	6811      	ldr	r1, [r2, #0]
 80016dc:	f021 0103 	bic.w	r1, r1, #3
 80016e0:	6011      	str	r1, [r2, #0]
    FLASH->ACTLR |= (uint32_t)FLASH_ACTLR_LATENCY_2;    
 80016e2:	6811      	ldr	r1, [r2, #0]
 80016e4:	f041 0102 	orr.w	r1, r1, #2
 80016e8:	6011      	str	r1, [r2, #0]

    /* HCLK = SYSCLK */
    RCC->CFGR0 |= (uint32_t)RCC_HPRE_DIV1; 
 80016ea:	685a      	ldr	r2, [r3, #4]
 80016ec:	605a      	str	r2, [r3, #4]
    /* PCLK2 = HCLK */
    RCC->CFGR0 |= (uint32_t)RCC_PPRE2_DIV1; 
 80016ee:	685a      	ldr	r2, [r3, #4]
 80016f0:	605a      	str	r2, [r3, #4]
    /* PCLK1 = HCLK */
    RCC->CFGR0 |= (uint32_t)RCC_PPRE1_DIV2;
 80016f2:	685a      	ldr	r2, [r3, #4]
 80016f4:	f442 6280 	orr.w	r2, r2, #1024	; 0x400
 80016f8:	605a      	str	r2, [r3, #4]
 
    /*  PLL configuration: PLLCLK = HSE * 9 = 72 MHz */
    RCC->CFGR0 &= (uint32_t)((uint32_t)~(RCC_PLLSRC | RCC_PLLXTPRE |
 80016fa:	685a      	ldr	r2, [r3, #4]
 80016fc:	f422 127c 	bic.w	r2, r2, #4128768	; 0x3f0000
 8001700:	605a      	str	r2, [r3, #4]
                                        RCC_PLLMULL));
    RCC->CFGR0 |= (uint32_t)(RCC_PLLSRC_HSE | RCC_PLLMULL9);
 8001702:	685a      	ldr	r2, [r3, #4]
 8001704:	f442 12e8 	orr.w	r2, r2, #1900544	; 0x1d0000
 8001708:	605a      	str	r2, [r3, #4]
    /* Enable PLL */
    RCC->CTLR |= RCC_PLLON;
 800170a:	681a      	ldr	r2, [r3, #0]
 800170c:	f042 7280 	orr.w	r2, r2, #16777216	; 0x1000000
 8001710:	601a      	str	r2, [r3, #0]
    /* Wait till PLL is ready */
    while((RCC->CTLR & RCC_PLLRDY) == 0)
 8001712:	681a      	ldr	r2, [r3, #0]
 8001714:	0192      	lsls	r2, r2, #6
 8001716:	d5fc      	bpl.n	8001712 <SystemInit+0xb2>
    {
    }    
    /* Select PLL as system clock source */
    RCC->CFGR0 &= (uint32_t)((uint32_t)~(RCC_SW));
 8001718:	685a      	ldr	r2, [r3, #4]
 800171a:	f022 0203 	bic.w	r2, r2, #3
 800171e:	605a      	str	r2, [r3, #4]
    RCC->CFGR0 |= (uint32_t)RCC_SW_PLL;    
 8001720:	685a      	ldr	r2, [r3, #4]
 8001722:	f042 0202 	orr.w	r2, r2, #2
 8001726:	605a      	str	r2, [r3, #4]
    /* Wait till PLL is used as system clock source */
    while ((RCC->CFGR0 & (uint32_t)RCC_SWS) != (uint32_t)0x08)
 8001728:	685a      	ldr	r2, [r3, #4]
 800172a:	f002 020c 	and.w	r2, r2, #12
 800172e:	2a08      	cmp	r2, #8
 8001730:	d1fa      	bne.n	8001728 <SystemInit+0xc8>
  SCB->VTOR = FLASH_BASE | VECT_TAB_OFFSET; /* Vector Table Relocation in Internal FLASH. */
 8001732:	f04f 6200 	mov.w	r2, #134217728	; 0x8000000
 8001736:	4b05      	ldr	r3, [pc, #20]	; (800174c <SystemInit+0xec>)
 8001738:	609a      	str	r2, [r3, #8]
}
 800173a:	b002      	add	sp, #8
 800173c:	4770      	bx	lr
 800173e:	bf00      	nop
 8001740:	40021000 	.word	0x40021000
 8001744:	f8ff0000 	.word	0xf8ff0000
 8001748:	40022000 	.word	0x40022000
 800174c:	e000ed00 	.word	0xe000ed00

08001750 <SystemCoreClockUpdate>:
    tmp = RCC->CFGR0 & RCC_SWS;
 8001750:	4912      	ldr	r1, [pc, #72]	; (800179c <SystemCoreClockUpdate+0x4c>)
 8001752:	4a13      	ldr	r2, [pc, #76]	; (80017a0 <SystemCoreClockUpdate+0x50>)
 8001754:	684b      	ldr	r3, [r1, #4]
 8001756:	f003 030c 	and.w	r3, r3, #12
    switch( tmp )
 800175a:	2b08      	cmp	r3, #8
 800175c:	d00a      	beq.n	8001774 <SystemCoreClockUpdate+0x24>
            SystemCoreClock = HSI_VALUE;
 800175e:	4b11      	ldr	r3, [pc, #68]	; (80017a4 <SystemCoreClockUpdate+0x54>)
                    SystemCoreClock = HSE_VALUE * pllmull;
 8001760:	6013      	str	r3, [r2, #0]
    tmp = AHBPrescTable[( ( RCC->CFGR0 & RCC_HPRE ) >> 4 )];
 8001762:	684b      	ldr	r3, [r1, #4]
 8001764:	4910      	ldr	r1, [pc, #64]	; (80017a8 <SystemCoreClockUpdate+0x58>)
 8001766:	f3c3 1303 	ubfx	r3, r3, #4, #4
 800176a:	5cc9      	ldrb	r1, [r1, r3]
    SystemCoreClock >>= tmp;
 800176c:	6813      	ldr	r3, [r2, #0]
 800176e:	40cb      	lsrs	r3, r1
 8001770:	6013      	str	r3, [r2, #0]
}
 8001772:	4770      	bx	lr
            pllmull = RCC->CFGR0 & RCC_PLLMULL;
 8001774:	684b      	ldr	r3, [r1, #4]
            pllsource = RCC->CFGR0 & RCC_PLLSRC;
 8001776:	6848      	ldr	r0, [r1, #4]
            pllmull = ( pllmull >> 18 ) + 2;
 8001778:	f3c3 4383 	ubfx	r3, r3, #18, #4
            if( pllsource == 0x00 )
 800177c:	03c0      	lsls	r0, r0, #15
            pllmull = ( pllmull >> 18 ) + 2;
 800177e:	f103 0302 	add.w	r3, r3, #2
            if( pllsource == 0x00 )
 8001782:	d405      	bmi.n	8001790 <SystemCoreClockUpdate+0x40>
                if( EXTEN->EXTEN_CTR & EXTEN_PLL_HSI_PRE )
 8001784:	4809      	ldr	r0, [pc, #36]	; (80017ac <SystemCoreClockUpdate+0x5c>)
 8001786:	6800      	ldr	r0, [r0, #0]
 8001788:	06c0      	lsls	r0, r0, #27
 800178a:	d504      	bpl.n	8001796 <SystemCoreClockUpdate+0x46>
                    SystemCoreClock = HSE_VALUE * pllmull;
 800178c:	4805      	ldr	r0, [pc, #20]	; (80017a4 <SystemCoreClockUpdate+0x54>)
 800178e:	e003      	b.n	8001798 <SystemCoreClockUpdate+0x48>
                if( ( RCC->CFGR0 & RCC_PLLXTPRE ) != ( uint32_t )RESET )
 8001790:	6848      	ldr	r0, [r1, #4]
 8001792:	0380      	lsls	r0, r0, #14
 8001794:	d5fa      	bpl.n	800178c <SystemCoreClockUpdate+0x3c>
                    SystemCoreClock = ( HSE_VALUE >> 1 ) * pllmull;
 8001796:	4806      	ldr	r0, [pc, #24]	; (80017b0 <SystemCoreClockUpdate+0x60>)
                    SystemCoreClock = HSE_VALUE * pllmull;
 8001798:	4343      	muls	r3, r0
 800179a:	e7e1      	b.n	8001760 <SystemCoreClockUpdate+0x10>
 800179c:	40021000 	.word	0x40021000
 80017a0:	2000001c 	.word	0x2000001c
 80017a4:	007a1200 	.word	0x007a1200
 80017a8:	2000000a 	.word	0x2000000a
 80017ac:	40023800 	.word	0x40023800
 80017b0:	003d0900 	.word	0x003d0900

080017b4 <Reset_Handler>:
  .weak  Reset_Handler
  .type  Reset_Handler, %function
Reset_Handler:  

/* Copy the data segment initializers from flash to SRAM */  
  movs  r1, #0
 80017b4:	2100      	movs	r1, #0
  b     LoopCopyDataInit
 80017b6:	e003      	b.n	80017c0 <LoopCopyDataInit>

080017b8 <CopyDataInit>:

CopyDataInit:
  ldr   r3, =_sidata
 80017b8:	4b0a      	ldr	r3, [pc, #40]	; (80017e4 <LoopFillZerobss+0x10>)
  ldr   r3, [r3, r1]
 80017ba:	585b      	ldr	r3, [r3, r1]
  str   r3, [r0, r1]
 80017bc:	5043      	str	r3, [r0, r1]
  adds  r1, r1, #4
 80017be:	3104      	adds	r1, #4

080017c0 <LoopCopyDataInit>:
    
LoopCopyDataInit:
  ldr   r0, =_sdata
 80017c0:	4809      	ldr	r0, [pc, #36]	; (80017e8 <LoopFillZerobss+0x14>)
  ldr   r3, =_edata
 80017c2:	4b0a      	ldr	r3, [pc, #40]	; (80017ec <LoopFillZerobss+0x18>)
  adds  r2, r0, r1
 80017c4:	1842      	adds	r2, r0, r1
  cmp   r2, r3
 80017c6:	429a      	cmp	r2, r3
  bcc   CopyDataInit
 80017c8:	d3f6      	bcc.n	80017b8 <CopyDataInit>
  ldr   r2, =_sbss
 80017ca:	4a09      	ldr	r2, [pc, #36]	; (80017f0 <LoopFillZerobss+0x1c>)
  b     LoopFillZerobss
 80017cc:	e002      	b.n	80017d4 <LoopFillZerobss>

080017ce <FillZerobss>:
/* Zero fill the bss segment. */  
FillZerobss:
  movs  r3, #0
 80017ce:	2300      	movs	r3, #0
  str   r3, [r2], #4
 80017d0:	f842 3b04 	str.w	r3, [r2], #4

080017d4 <LoopFillZerobss>:
    
LoopFillZerobss:
  ldr   r3, = _ebss
 80017d4:	4b07      	ldr	r3, [pc, #28]	; (80017f4 <LoopFillZerobss+0x20>)
  cmp   r2, r3
 80017d6:	429a      	cmp	r2, r3
  bcc   FillZerobss
 80017d8:	d3f9      	bcc.n	80017ce <FillZerobss>
/* Call the clock system intitialization function.*/
  bl  SystemInit   
 80017da:	f7ff ff41 	bl	8001660 <SystemInit>
/* Call the application's entry point.*/
  bl    main
 80017de:	f7ff fe27 	bl	8001430 <main>
  bx    lr    
 80017e2:	4770      	bx	lr
  ldr   r3, =_sidata
 80017e4:	080040c0 	.word	0x080040c0
  ldr   r0, =_sdata
 80017e8:	20000000 	.word	0x20000000
  ldr   r3, =_edata
 80017ec:	20000098 	.word	0x20000098
  ldr   r2, =_sbss
 80017f0:	20000098 	.word	0x20000098
  ldr   r3, = _ebss
 80017f4:	200002f0 	.word	0x200002f0

080017f8 <ADC1_2_IRQHandler>:
  This simply enters an infinite loop.
*******************************************************************************/
  .section  .text.Default_Handler,"ax",%progbits
Default_Handler:
Infinite_Loop:
  b  Infinite_Loop
 80017f8:	e7fe      	b.n	80017f8 <ADC1_2_IRQHandler>

080017fa <GPIO_Init>:
 *        contains the configuration information for the specified GPIO peripheral.
 *
 * @return  none
 */
void GPIO_Init( GPIO_TypeDef *GPIOx, GPIO_InitTypeDef *GPIO_InitStruct )
{
 80017fa:	e92d 41f0 	stmdb	sp!, {r4, r5, r6, r7, r8, lr}
    uint32_t currentmode = 0x00, currentpin = 0x00, pinpos = 0x00, pos = 0x00;
    uint32_t tmpreg = 0x00, pinmask = 0x00;

    currentmode = ( ( uint32_t )GPIO_InitStruct->GPIO_Mode ) & ( ( uint32_t )0x0F );
 80017fe:	78cb      	ldrb	r3, [r1, #3]
    if( ( ( ( uint32_t )GPIO_InitStruct->GPIO_Mode ) & ( ( uint32_t )0x10 ) ) != 0x00 )
    {
        currentmode |= ( uint32_t )GPIO_InitStruct->GPIO_Speed;
    }

    if( ( ( uint32_t )GPIO_InitStruct->GPIO_Pin & ( ( uint32_t )0x00FF ) ) != 0x00 )
 8001800:	880e      	ldrh	r6, [r1, #0]
    if( ( ( ( uint32_t )GPIO_InitStruct->GPIO_Mode ) & ( ( uint32_t )0x10 ) ) != 0x00 )
 8001802:	06da      	lsls	r2, r3, #27
 8001804:	bf48      	it	mi
 8001806:	788a      	ldrbmi	r2, [r1, #2]
 8001808:	f003 050f 	and.w	r5, r3, #15
        currentmode |= ( uint32_t )GPIO_InitStruct->GPIO_Speed;
 800180c:	bf48      	it	mi
 800180e:	4315      	orrmi	r5, r2
    if( ( ( uint32_t )GPIO_InitStruct->GPIO_Pin & ( ( uint32_t )0x00FF ) ) != 0x00 )
 8001810:	780a      	ldrb	r2, [r1, #0]
 8001812:	b1d2      	cbz	r2, 800184a <GPIO_Init+0x50>
    {
        tmpreg = GPIOx->CFGLR;

        for( pinpos = 0x00; pinpos < 0x08; pinpos++ )
 8001814:	2100      	movs	r1, #0
        {
            pos = ( ( uint32_t )0x01 ) << pinpos;
 8001816:	f04f 0c01 	mov.w	ip, #1
            currentpin = ( GPIO_InitStruct->GPIO_Pin ) & pos;

            if( currentpin == pos )
            {
                pos = pinpos << 2;
                pinmask = ( ( uint32_t )0x0F ) << pos;
 800181a:	f04f 0e0f 	mov.w	lr, #15
        tmpreg = GPIOx->CFGLR;
 800181e:	6802      	ldr	r2, [r0, #0]
            pos = ( ( uint32_t )0x01 ) << pinpos;
 8001820:	fa0c f701 	lsl.w	r7, ip, r1
            if( currentpin == pos )
 8001824:	ea37 0406 	bics.w	r4, r7, r6
 8001828:	d10b      	bne.n	8001842 <GPIO_Init+0x48>
                pos = pinpos << 2;
 800182a:	008c      	lsls	r4, r1, #2
                pinmask = ( ( uint32_t )0x0F ) << pos;
 800182c:	fa0e f804 	lsl.w	r8, lr, r4
                tmpreg &= ~pinmask;
 8001830:	ea22 0208 	bic.w	r2, r2, r8
                tmpreg |= ( currentmode << pos );
 8001834:	fa05 f404 	lsl.w	r4, r5, r4

                if( GPIO_InitStruct->GPIO_Mode == GPIO_Mode_IPD )
 8001838:	2b28      	cmp	r3, #40	; 0x28
                tmpreg |= ( currentmode << pos );
 800183a:	ea42 0204 	orr.w	r2, r2, r4
                if( GPIO_InitStruct->GPIO_Mode == GPIO_Mode_IPD )
 800183e:	d124      	bne.n	800188a <GPIO_Init+0x90>
                {
                    GPIOx->BCR = ( ( ( uint32_t )0x01 ) << pinpos );
 8001840:	6147      	str	r7, [r0, #20]
        for( pinpos = 0x00; pinpos < 0x08; pinpos++ )
 8001842:	3101      	adds	r1, #1
 8001844:	2908      	cmp	r1, #8
 8001846:	d1eb      	bne.n	8001820 <GPIO_Init+0x26>
                        GPIOx->BSHR = ( ( ( uint32_t )0x01 ) << pinpos );
                    }
                }
            }
        }
        GPIOx->CFGLR = tmpreg;
 8001848:	6002      	str	r2, [r0, #0]
    }

    if( GPIO_InitStruct->GPIO_Pin > 0x00FF )
 800184a:	2eff      	cmp	r6, #255	; 0xff
 800184c:	d91b      	bls.n	8001886 <GPIO_Init+0x8c>
    {
        tmpreg = GPIOx->CFGHR;
 800184e:	2408      	movs	r4, #8

        for( pinpos = 0x00; pinpos < 0x08; pinpos++ )
        {
            pos = ( ( ( uint32_t )0x01 ) << ( pinpos + 0x08 ) );
 8001850:	f04f 0c01 	mov.w	ip, #1
            currentpin = ( ( GPIO_InitStruct->GPIO_Pin ) & pos );

            if( currentpin == pos )
            {
                pos = pinpos << 2;
                pinmask = ( ( uint32_t )0x0F ) << pos;
 8001854:	f04f 0e0f 	mov.w	lr, #15
        tmpreg = GPIOx->CFGHR;
 8001858:	6841      	ldr	r1, [r0, #4]
            pos = ( ( ( uint32_t )0x01 ) << ( pinpos + 0x08 ) );
 800185a:	fa0c f704 	lsl.w	r7, ip, r4
            if( currentpin == pos )
 800185e:	ea37 0206 	bics.w	r2, r7, r6
 8001862:	d10c      	bne.n	800187e <GPIO_Init+0x84>
                pos = pinpos << 2;
 8001864:	00a2      	lsls	r2, r4, #2
 8001866:	3a20      	subs	r2, #32
                pinmask = ( ( uint32_t )0x0F ) << pos;
 8001868:	fa0e f802 	lsl.w	r8, lr, r2
                tmpreg &= ~pinmask;
 800186c:	ea21 0108 	bic.w	r1, r1, r8
                tmpreg |= ( currentmode << pos );
 8001870:	fa05 f202 	lsl.w	r2, r5, r2

                if( GPIO_InitStruct->GPIO_Mode == GPIO_Mode_IPD )
 8001874:	2b28      	cmp	r3, #40	; 0x28
                tmpreg |= ( currentmode << pos );
 8001876:	ea41 0102 	orr.w	r1, r1, r2
                if( GPIO_InitStruct->GPIO_Mode == GPIO_Mode_IPD )
 800187a:	d10a      	bne.n	8001892 <GPIO_Init+0x98>
                {
                    GPIOx->BCR = ( ( ( uint32_t )0x01 ) << ( pinpos + 0x08 ) );
 800187c:	6147      	str	r7, [r0, #20]
        for( pinpos = 0x00; pinpos < 0x08; pinpos++ )
 800187e:	3401      	adds	r4, #1
 8001880:	2c10      	cmp	r4, #16
 8001882:	d1ea      	bne.n	800185a <GPIO_Init+0x60>
                {
                    GPIOx->BSHR = ( ( ( uint32_t )0x01 ) << ( pinpos + 0x08 ) );
                }
            }
        }
        GPIOx->CFGHR = tmpreg;
 8001884:	6041      	str	r1, [r0, #4]
    }
}
 8001886:	e8bd 81f0 	ldmia.w	sp!, {r4, r5, r6, r7, r8, pc}
                    if( GPIO_InitStruct->GPIO_Mode == GPIO_Mode_IPU )
 800188a:	2b48      	cmp	r3, #72	; 0x48
                        GPIOx->BSHR = ( ( ( uint32_t )0x01 ) << pinpos );
 800188c:	bf08      	it	eq
 800188e:	6107      	streq	r7, [r0, #16]
 8001890:	e7d7      	b.n	8001842 <GPIO_Init+0x48>
                if( GPIO_InitStruct->GPIO_Mode == GPIO_Mode_IPU )
 8001892:	2b48      	cmp	r3, #72	; 0x48
                    GPIOx->BSHR = ( ( ( uint32_t )0x01 ) << ( pinpos + 0x08 ) );
 8001894:	bf08      	it	eq
 8001896:	6107      	streq	r7, [r0, #16]
 8001898:	e7f1      	b.n	800187e <GPIO_Init+0x84>

0800189a <GPIO_ReadInputDataBit>:
 */
uint8_t GPIO_ReadInputDataBit( GPIO_TypeDef *GPIOx, uint16_t GPIO_Pin )
{
    uint8_t bitstatus = 0x00;

    if( ( GPIOx->INDR & GPIO_Pin ) != ( uint32_t )Bit_RESET )
 800189a:	6883      	ldr	r3, [r0, #8]
 800189c:	4219      	tst	r1, r3
    {
        bitstatus = ( uint8_t )Bit_RESET;
    }

    return bitstatus;
}
 800189e:	bf14      	ite	ne
 80018a0:	2001      	movne	r0, #1
 80018a2:	2000      	moveq	r0, #0
 80018a4:	4770      	bx	lr

080018a6 <GPIO_SetBits>:
 *
 * @return  none
 */
void GPIO_SetBits( GPIO_TypeDef *GPIOx, uint16_t GPIO_Pin )
{
    GPIOx->BSHR = GPIO_Pin;
 80018a6:	6101      	str	r1, [r0, #16]
}
 80018a8:	4770      	bx	lr

080018aa <GPIO_ResetBits>:
 *
 * @return  none
 */
void GPIO_ResetBits( GPIO_TypeDef *GPIOx, uint16_t GPIO_Pin )
{
    GPIOx->BCR = GPIO_Pin;
 80018aa:	6141      	str	r1, [r0, #20]
}
 80018ac:	4770      	bx	lr
	...

080018b0 <NVIC_Init>:
 *        configuration information for the specified NVIC peripheral.
 *
 * @return  none
 */
void NVIC_Init( NVIC_InitTypeDef *NVIC_InitStruct )
{
 80018b0:	b570      	push	{r4, r5, r6, lr}
 80018b2:	2501      	movs	r5, #1
 80018b4:	7801      	ldrb	r1, [r0, #0]
 80018b6:	f001 031f 	and.w	r3, r1, #31
 80018ba:	409d      	lsls	r5, r3
    uint32_t tmppriority = 0x00, tmppre = 0x00, tmpsub = 0x0F;

    if( NVIC_InitStruct->NVIC_IRQChannelCmd != DISABLE )
 80018bc:	78c3      	ldrb	r3, [r0, #3]
 80018be:	094c      	lsrs	r4, r1, #5
 80018c0:	b1c3      	cbz	r3, 80018f4 <NVIC_Init+0x44>
    {
        /* Compute the Corresponding IRQ Priority */
        tmppriority = ( 0x700 - ( ( SCB->AIRCR ) & ( uint32_t )0x700 ) ) >> 0x08;
 80018c2:	4b0f      	ldr	r3, [pc, #60]	; (8001900 <NVIC_Init+0x50>)
 80018c4:	68da      	ldr	r2, [r3, #12]
        tmppre = ( 0x4 - tmppriority );
        tmpsub = tmpsub >> tmppriority;

        tmppriority = ( uint32_t )NVIC_InitStruct->NVIC_IRQChannelPreemptionPriority << tmppre;
 80018c6:	7843      	ldrb	r3, [r0, #1]
        tmppriority = ( 0x700 - ( ( SCB->AIRCR ) & ( uint32_t )0x700 ) ) >> 0x08;
 80018c8:	43d2      	mvns	r2, r2
 80018ca:	f3c2 2202 	ubfx	r2, r2, #8, #3
        tmppre = ( 0x4 - tmppriority );
 80018ce:	f1c2 0604 	rsb	r6, r2, #4
        tmppriority = ( uint32_t )NVIC_InitStruct->NVIC_IRQChannelPreemptionPriority << tmppre;
 80018d2:	fa03 f606 	lsl.w	r6, r3, r6
        tmppriority |=  NVIC_InitStruct->NVIC_IRQChannelSubPriority & tmpsub;
 80018d6:	7883      	ldrb	r3, [r0, #2]
        tmpsub = tmpsub >> tmppriority;
 80018d8:	200f      	movs	r0, #15
 80018da:	fa20 f202 	lsr.w	r2, r0, r2
        tmppriority |=  NVIC_InitStruct->NVIC_IRQChannelSubPriority & tmpsub;
 80018de:	4013      	ands	r3, r2
 80018e0:	4333      	orrs	r3, r6
        tmppriority = tmppriority << 0x04;

        NVIC->IP[NVIC_InitStruct->NVIC_IRQChannel] = tmppriority;
 80018e2:	4a08      	ldr	r2, [pc, #32]	; (8001904 <NVIC_Init+0x54>)
        tmppriority = tmppriority << 0x04;
 80018e4:	011b      	lsls	r3, r3, #4
        NVIC->IP[NVIC_InitStruct->NVIC_IRQChannel] = tmppriority;
 80018e6:	b2db      	uxtb	r3, r3
 80018e8:	4411      	add	r1, r2
 80018ea:	f881 3300 	strb.w	r3, [r1, #768]	; 0x300

        /* Enable the Selected IRQ Channels */
        NVIC->ISER[NVIC_InitStruct->NVIC_IRQChannel >> 0x05] =
 80018ee:	f842 5024 	str.w	r5, [r2, r4, lsl #2]
    {
        /* Disable the Selected IRQ Channels */
        NVIC->ICER[NVIC_InitStruct->NVIC_IRQChannel >> 0x05] =
            ( uint32_t )0x01 << ( NVIC_InitStruct->NVIC_IRQChannel & ( uint8_t )0x1F );
    }
}
 80018f2:	bd70      	pop	{r4, r5, r6, pc}
        NVIC->ICER[NVIC_InitStruct->NVIC_IRQChannel >> 0x05] =
 80018f4:	4b03      	ldr	r3, [pc, #12]	; (8001904 <NVIC_Init+0x54>)
 80018f6:	3420      	adds	r4, #32
 80018f8:	f843 5024 	str.w	r5, [r3, r4, lsl #2]
}
 80018fc:	e7f9      	b.n	80018f2 <NVIC_Init+0x42>
 80018fe:	bf00      	nop
 8001900:	e000ed00 	.word	0xe000ed00
 8001904:	e000e100 	.word	0xe000e100

08001908 <SysTick_CLKSourceConfig>:
 *          
 * @return  none
 */
void SysTick_CLKSourceConfig( uint32_t SysTick_CLKSource )
{
    if( SysTick_CLKSource == SysTick_CLKSource_HCLK )
 8001908:	4b04      	ldr	r3, [pc, #16]	; (800191c <SysTick_CLKSourceConfig+0x14>)
 800190a:	2804      	cmp	r0, #4
    {
        SysTick->CTRL |= SysTick_CLKSource_HCLK;
 800190c:	681a      	ldr	r2, [r3, #0]
 800190e:	bf0c      	ite	eq
 8001910:	f042 0204 	orreq.w	r2, r2, #4
    }
    else
    {
        SysTick->CTRL &= SysTick_CLKSource_HCLK_Div8;
 8001914:	f022 0204 	bicne.w	r2, r2, #4
 8001918:	601a      	str	r2, [r3, #0]
    }
}
 800191a:	4770      	bx	lr
 800191c:	e000e010 	.word	0xe000e010

08001920 <RCC_DeInit>:
 *          HSE can not be stopped if it is used directly or through the PLL as system clock.
 * @return  none
 */
void RCC_DeInit( void )
{
    RCC->CTLR |= ( uint32_t )0x00000001;
 8001920:	4b0d      	ldr	r3, [pc, #52]	; (8001958 <RCC_DeInit+0x38>)
 8001922:	681a      	ldr	r2, [r3, #0]
 8001924:	f042 0201 	orr.w	r2, r2, #1
 8001928:	601a      	str	r2, [r3, #0]
    RCC->CFGR0 &= ( uint32_t )0xF8FF0000;
 800192a:	6859      	ldr	r1, [r3, #4]
 800192c:	4a0b      	ldr	r2, [pc, #44]	; (800195c <RCC_DeInit+0x3c>)
 800192e:	400a      	ands	r2, r1
 8001930:	605a      	str	r2, [r3, #4]
    RCC->CTLR &= ( uint32_t )0xFEF6FFFF;
 8001932:	681a      	ldr	r2, [r3, #0]
 8001934:	f022 7284 	bic.w	r2, r2, #17301504	; 0x1080000
 8001938:	f422 3280 	bic.w	r2, r2, #65536	; 0x10000
 800193c:	601a      	str	r2, [r3, #0]
    RCC->CTLR &= ( uint32_t )0xFFFBFFFF;
 800193e:	681a      	ldr	r2, [r3, #0]
 8001940:	f422 2280 	bic.w	r2, r2, #262144	; 0x40000
 8001944:	601a      	str	r2, [r3, #0]
    RCC->CFGR0 &= ( uint32_t )0xFF80FFFF;
 8001946:	685a      	ldr	r2, [r3, #4]
 8001948:	f422 02fe 	bic.w	r2, r2, #8323072	; 0x7f0000
 800194c:	605a      	str	r2, [r3, #4]
    RCC->INTR = 0x009F0000;
 800194e:	f44f 021f 	mov.w	r2, #10420224	; 0x9f0000
 8001952:	609a      	str	r2, [r3, #8]
}
 8001954:	4770      	bx	lr
 8001956:	bf00      	nop
 8001958:	40021000 	.word	0x40021000
 800195c:	f8ff0000 	.word	0xf8ff0000

08001960 <RCC_HSEConfig>:
 *            HSE can not be stopped if it is used directly or through the PLL as system clock.
 * @return  none
 */
void RCC_HSEConfig( uint32_t RCC_HSE )
{
    RCC->CTLR &= CTLR_HSEON_Reset;
 8001960:	4b0c      	ldr	r3, [pc, #48]	; (8001994 <RCC_HSEConfig+0x34>)
    RCC->CTLR &= CTLR_HSEBYP_Reset;

    switch( RCC_HSE )
 8001962:	f5b0 3f80 	cmp.w	r0, #65536	; 0x10000
    RCC->CTLR &= CTLR_HSEON_Reset;
 8001966:	681a      	ldr	r2, [r3, #0]
 8001968:	f422 3280 	bic.w	r2, r2, #65536	; 0x10000
 800196c:	601a      	str	r2, [r3, #0]
    RCC->CTLR &= CTLR_HSEBYP_Reset;
 800196e:	681a      	ldr	r2, [r3, #0]
 8001970:	f422 2280 	bic.w	r2, r2, #262144	; 0x40000
 8001974:	601a      	str	r2, [r3, #0]
    switch( RCC_HSE )
 8001976:	d003      	beq.n	8001980 <RCC_HSEConfig+0x20>
 8001978:	f5b0 2f80 	cmp.w	r0, #262144	; 0x40000
 800197c:	d005      	beq.n	800198a <RCC_HSEConfig+0x2a>
 800197e:	4770      	bx	lr
    {
        case RCC_HSE_ON:
            RCC->CTLR |= CTLR_HSEON_Set;
 8001980:	681a      	ldr	r2, [r3, #0]
 8001982:	f442 3280 	orr.w	r2, r2, #65536	; 0x10000
            break;

        case RCC_HSE_Bypass:
            RCC->CTLR |= CTLR_HSEBYP_Set | CTLR_HSEON_Set;
 8001986:	601a      	str	r2, [r3, #0]
            break;

        default:
            break;
    }
}
 8001988:	4770      	bx	lr
            RCC->CTLR |= CTLR_HSEBYP_Set | CTLR_HSEON_Set;
 800198a:	681a      	ldr	r2, [r3, #0]
 800198c:	f442 22a0 	orr.w	r2, r2, #327680	; 0x50000
 8001990:	e7f9      	b.n	8001986 <RCC_HSEConfig+0x26>
 8001992:	bf00      	nop
 8001994:	40021000 	.word	0x40021000

08001998 <RCC_PLLConfig>:
 */
void RCC_PLLConfig( uint32_t RCC_PLLSource, uint32_t RCC_PLLMul )
{
    uint32_t tmpreg = 0;

    tmpreg = RCC->CFGR0;
 8001998:	4a03      	ldr	r2, [pc, #12]	; (80019a8 <RCC_PLLConfig+0x10>)
 800199a:	6853      	ldr	r3, [r2, #4]
    tmpreg &= CFGR0_PLL_Mask;
 800199c:	f423 137c 	bic.w	r3, r3, #4128768	; 0x3f0000
 80019a0:	430b      	orrs	r3, r1
    tmpreg |= RCC_PLLSource | RCC_PLLMul;
 80019a2:	4303      	orrs	r3, r0
    RCC->CFGR0 = tmpreg;
 80019a4:	6053      	str	r3, [r2, #4]
}
 80019a6:	4770      	bx	lr
 80019a8:	40021000 	.word	0x40021000

080019ac <RCC_PLLCmd>:
 *
 * @return  none
 */
void RCC_PLLCmd( FunctionalState NewState )
{
    *( __IO uint32_t * ) CTLR_PLLON_BB = ( uint32_t )NewState;
 80019ac:	4b01      	ldr	r3, [pc, #4]	; (80019b4 <RCC_PLLCmd+0x8>)
 80019ae:	6018      	str	r0, [r3, #0]
}
 80019b0:	4770      	bx	lr
 80019b2:	bf00      	nop
 80019b4:	42420060 	.word	0x42420060

080019b8 <RCC_SYSCLKConfig>:
 */
void RCC_SYSCLKConfig( uint32_t RCC_SYSCLKSource )
{
    uint32_t tmpreg = 0;

    tmpreg = RCC->CFGR0;
 80019b8:	4a03      	ldr	r2, [pc, #12]	; (80019c8 <RCC_SYSCLKConfig+0x10>)
 80019ba:	6853      	ldr	r3, [r2, #4]
    tmpreg &= CFGR0_SW_Mask;
 80019bc:	f023 0303 	bic.w	r3, r3, #3
    tmpreg |= RCC_SYSCLKSource;
 80019c0:	4303      	orrs	r3, r0
    RCC->CFGR0 = tmpreg;
 80019c2:	6053      	str	r3, [r2, #4]
}
 80019c4:	4770      	bx	lr
 80019c6:	bf00      	nop
 80019c8:	40021000 	.word	0x40021000

080019cc <RCC_GetSYSCLKSource>:
 *          0x04 - HSE used as system clock.
 *          0x08 - PLL used as system clock.
 */
uint8_t RCC_GetSYSCLKSource( void )
{
    return ( ( uint8_t )( RCC->CFGR0 & CFGR0_SWS_Mask ) );
 80019cc:	4b02      	ldr	r3, [pc, #8]	; (80019d8 <RCC_GetSYSCLKSource+0xc>)
 80019ce:	6858      	ldr	r0, [r3, #4]
}
 80019d0:	f000 000c 	and.w	r0, r0, #12
 80019d4:	4770      	bx	lr
 80019d6:	bf00      	nop
 80019d8:	40021000 	.word	0x40021000

080019dc <RCC_HCLKConfig>:
 */
void RCC_HCLKConfig( uint32_t RCC_SYSCLK )
{
    uint32_t tmpreg = 0;

    tmpreg = RCC->CFGR0;
 80019dc:	4a03      	ldr	r2, [pc, #12]	; (80019ec <RCC_HCLKConfig+0x10>)
 80019de:	6853      	ldr	r3, [r2, #4]
    tmpreg &= CFGR0_HPRE_Reset_Mask;
 80019e0:	f023 03f0 	bic.w	r3, r3, #240	; 0xf0
    tmpreg |= RCC_SYSCLK;
 80019e4:	4303      	orrs	r3, r0
    RCC->CFGR0 = tmpreg;
 80019e6:	6053      	str	r3, [r2, #4]
}
 80019e8:	4770      	bx	lr
 80019ea:	bf00      	nop
 80019ec:	40021000 	.word	0x40021000

080019f0 <RCC_PCLK1Config>:
 */
void RCC_PCLK1Config( uint32_t RCC_HCLK )
{
    uint32_t tmpreg = 0;

    tmpreg = RCC->CFGR0;
 80019f0:	4a03      	ldr	r2, [pc, #12]	; (8001a00 <RCC_PCLK1Config+0x10>)
 80019f2:	6853      	ldr	r3, [r2, #4]
    tmpreg &= CFGR0_PPRE1_Reset_Mask;
 80019f4:	f423 63e0 	bic.w	r3, r3, #1792	; 0x700
    tmpreg |= RCC_HCLK;
 80019f8:	4303      	orrs	r3, r0
    RCC->CFGR0 = tmpreg;
 80019fa:	6053      	str	r3, [r2, #4]
}
 80019fc:	4770      	bx	lr
 80019fe:	bf00      	nop
 8001a00:	40021000 	.word	0x40021000

08001a04 <RCC_PCLK2Config>:
 */
void RCC_PCLK2Config( uint32_t RCC_HCLK )
{
    uint32_t tmpreg = 0;

    tmpreg = RCC->CFGR0;
 8001a04:	4a03      	ldr	r2, [pc, #12]	; (8001a14 <RCC_PCLK2Config+0x10>)
 8001a06:	6853      	ldr	r3, [r2, #4]
    tmpreg &= CFGR0_PPRE2_Reset_Mask;
 8001a08:	f423 5360 	bic.w	r3, r3, #14336	; 0x3800
    tmpreg |= RCC_HCLK << 3;
 8001a0c:	ea43 03c0 	orr.w	r3, r3, r0, lsl #3
    RCC->CFGR0 = tmpreg;
 8001a10:	6053      	str	r3, [r2, #4]
}
 8001a12:	4770      	bx	lr
 8001a14:	40021000 	.word	0x40021000

08001a18 <RCC_GetClocksFreq>:
 */
void RCC_GetClocksFreq( RCC_ClocksTypeDef *RCC_Clocks )
{
    uint32_t tmp = 0, pllmull = 0, pllsource = 0, presc = 0;

    tmp = RCC->CFGR0 & CFGR0_SWS_Mask;
 8001a18:	4a1d      	ldr	r2, [pc, #116]	; (8001a90 <RCC_GetClocksFreq+0x78>)
{
 8001a1a:	b510      	push	{r4, lr}
    tmp = RCC->CFGR0 & CFGR0_SWS_Mask;
 8001a1c:	6853      	ldr	r3, [r2, #4]
 8001a1e:	f003 030c 	and.w	r3, r3, #12

    switch( tmp )
 8001a22:	2b08      	cmp	r3, #8
 8001a24:	d01f      	beq.n	8001a66 <RCC_GetClocksFreq+0x4e>
    {
        case 0x00:
            RCC_Clocks->SYSCLK_Frequency = HSI_VALUE;
 8001a26:	4b1b      	ldr	r3, [pc, #108]	; (8001a94 <RCC_GetClocksFreq+0x7c>)
                {
                    RCC_Clocks->SYSCLK_Frequency = ( HSE_VALUE >> 1 ) * pllmull;
                }
                else
                {
                    RCC_Clocks->SYSCLK_Frequency = HSE_VALUE * pllmull;
 8001a28:	6003      	str	r3, [r0, #0]
        default:
            RCC_Clocks->SYSCLK_Frequency = HSI_VALUE;
            break;
    }

    tmp = RCC->CFGR0 & CFGR0_HPRE_Set_Mask;
 8001a2a:	6853      	ldr	r3, [r2, #4]
    tmp = tmp >> 4;
    presc = APBAHBPrescTable[tmp];
 8001a2c:	4c1a      	ldr	r4, [pc, #104]	; (8001a98 <RCC_GetClocksFreq+0x80>)
    tmp = tmp >> 4;
 8001a2e:	f3c3 1303 	ubfx	r3, r3, #4, #4
    presc = APBAHBPrescTable[tmp];
 8001a32:	5ce1      	ldrb	r1, [r4, r3]
    RCC_Clocks->HCLK_Frequency = RCC_Clocks->SYSCLK_Frequency >> presc;
 8001a34:	6803      	ldr	r3, [r0, #0]
 8001a36:	40cb      	lsrs	r3, r1
 8001a38:	6043      	str	r3, [r0, #4]
    tmp = RCC->CFGR0 & CFGR0_PPRE1_Set_Mask;
 8001a3a:	6851      	ldr	r1, [r2, #4]
    tmp = tmp >> 8;
 8001a3c:	f3c1 2102 	ubfx	r1, r1, #8, #3
    presc = APBAHBPrescTable[tmp];
 8001a40:	5c61      	ldrb	r1, [r4, r1]
    RCC_Clocks->PCLK1_Frequency = RCC_Clocks->HCLK_Frequency >> presc;
 8001a42:	fa23 f101 	lsr.w	r1, r3, r1
 8001a46:	6081      	str	r1, [r0, #8]
    tmp = RCC->CFGR0 & CFGR0_PPRE2_Set_Mask;
 8001a48:	6851      	ldr	r1, [r2, #4]
    tmp = tmp >> 11;
 8001a4a:	f3c1 21c2 	ubfx	r1, r1, #11, #3
    presc = APBAHBPrescTable[tmp];
 8001a4e:	5c61      	ldrb	r1, [r4, r1]
    RCC_Clocks->PCLK2_Frequency = RCC_Clocks->HCLK_Frequency >> presc;
 8001a50:	40cb      	lsrs	r3, r1
 8001a52:	60c3      	str	r3, [r0, #12]
    tmp = RCC->CFGR0 & CFGR0_ADCPRE_Set_Mask;
 8001a54:	6852      	ldr	r2, [r2, #4]
    tmp = tmp >> 14;
    presc = ADCPrescTable[tmp];
 8001a56:	4911      	ldr	r1, [pc, #68]	; (8001a9c <RCC_GetClocksFreq+0x84>)
    tmp = tmp >> 14;
 8001a58:	f3c2 3281 	ubfx	r2, r2, #14, #2
    presc = ADCPrescTable[tmp];
 8001a5c:	5c8a      	ldrb	r2, [r1, r2]
    RCC_Clocks->ADCCLK_Frequency = RCC_Clocks->PCLK2_Frequency / presc;
 8001a5e:	fbb3 f3f2 	udiv	r3, r3, r2
 8001a62:	6103      	str	r3, [r0, #16]
}
 8001a64:	bd10      	pop	{r4, pc}
            pllmull = RCC->CFGR0 & CFGR0_PLLMull_Mask;
 8001a66:	6853      	ldr	r3, [r2, #4]
            pllsource = RCC->CFGR0 & CFGR0_PLLSRC_Mask;
 8001a68:	6851      	ldr	r1, [r2, #4]
            pllmull = ( pllmull >> 18 ) + 2;
 8001a6a:	f3c3 4383 	ubfx	r3, r3, #18, #4
            if( pllsource == 0x00 )
 8001a6e:	03c9      	lsls	r1, r1, #15
            pllmull = ( pllmull >> 18 ) + 2;
 8001a70:	f103 0302 	add.w	r3, r3, #2
            if( pllsource == 0x00 )
 8001a74:	d405      	bmi.n	8001a82 <RCC_GetClocksFreq+0x6a>
                if( EXTEN->EXTEN_CTR & EXTEN_PLL_HSI_PRE )
 8001a76:	490a      	ldr	r1, [pc, #40]	; (8001aa0 <RCC_GetClocksFreq+0x88>)
 8001a78:	6809      	ldr	r1, [r1, #0]
 8001a7a:	06cc      	lsls	r4, r1, #27
 8001a7c:	d504      	bpl.n	8001a88 <RCC_GetClocksFreq+0x70>
                    RCC_Clocks->SYSCLK_Frequency = HSE_VALUE * pllmull;
 8001a7e:	4905      	ldr	r1, [pc, #20]	; (8001a94 <RCC_GetClocksFreq+0x7c>)
 8001a80:	e003      	b.n	8001a8a <RCC_GetClocksFreq+0x72>
                if( ( RCC->CFGR0 & CFGR0_PLLXTPRE_Mask ) != ( uint32_t )RESET )
 8001a82:	6851      	ldr	r1, [r2, #4]
 8001a84:	0389      	lsls	r1, r1, #14
 8001a86:	d5fa      	bpl.n	8001a7e <RCC_GetClocksFreq+0x66>
                    RCC_Clocks->SYSCLK_Frequency = ( HSE_VALUE >> 1 ) * pllmull;
 8001a88:	4906      	ldr	r1, [pc, #24]	; (8001aa4 <RCC_GetClocksFreq+0x8c>)
                    RCC_Clocks->SYSCLK_Frequency = HSE_VALUE * pllmull;
 8001a8a:	434b      	muls	r3, r1
 8001a8c:	e7cc      	b.n	8001a28 <RCC_GetClocksFreq+0x10>
 8001a8e:	bf00      	nop
 8001a90:	40021000 	.word	0x40021000
 8001a94:	007a1200 	.word	0x007a1200
 8001a98:	20000024 	.word	0x20000024
 8001a9c:	20000020 	.word	0x20000020
 8001aa0:	40023800 	.word	0x40023800
 8001aa4:	003d0900 	.word	0x003d0900

08001aa8 <RCC_APB2PeriphClockCmd>:
 *
 * @return  none
 */
void RCC_APB2PeriphClockCmd( uint32_t RCC_APB2Periph, FunctionalState NewState )
{
    if( NewState != DISABLE )
 8001aa8:	4b04      	ldr	r3, [pc, #16]	; (8001abc <RCC_APB2PeriphClockCmd+0x14>)
    {
        RCC->APB2PCENR |= RCC_APB2Periph;
 8001aaa:	699a      	ldr	r2, [r3, #24]
    if( NewState != DISABLE )
 8001aac:	b111      	cbz	r1, 8001ab4 <RCC_APB2PeriphClockCmd+0xc>
        RCC->APB2PCENR |= RCC_APB2Periph;
 8001aae:	4310      	orrs	r0, r2
    }
    else
    {
        RCC->APB2PCENR &= ~RCC_APB2Periph;
 8001ab0:	6198      	str	r0, [r3, #24]
    }
}
 8001ab2:	4770      	bx	lr
        RCC->APB2PCENR &= ~RCC_APB2Periph;
 8001ab4:	ea22 0000 	bic.w	r0, r2, r0
 8001ab8:	e7fa      	b.n	8001ab0 <RCC_APB2PeriphClockCmd+0x8>
 8001aba:	bf00      	nop
 8001abc:	40021000 	.word	0x40021000

08001ac0 <RCC_APB1PeriphClockCmd>:
 *
 * @return  none
 */
void RCC_APB1PeriphClockCmd( uint32_t RCC_APB1Periph, FunctionalState NewState )
{
    if( NewState != DISABLE )
 8001ac0:	4b04      	ldr	r3, [pc, #16]	; (8001ad4 <RCC_APB1PeriphClockCmd+0x14>)
    {
        RCC->APB1PCENR |= RCC_APB1Periph;
 8001ac2:	69da      	ldr	r2, [r3, #28]
    if( NewState != DISABLE )
 8001ac4:	b111      	cbz	r1, 8001acc <RCC_APB1PeriphClockCmd+0xc>
        RCC->APB1PCENR |= RCC_APB1Periph;
 8001ac6:	4310      	orrs	r0, r2
    }
    else
    {
        RCC->APB1PCENR &= ~RCC_APB1Periph;
 8001ac8:	61d8      	str	r0, [r3, #28]
    }
}
 8001aca:	4770      	bx	lr
        RCC->APB1PCENR &= ~RCC_APB1Periph;
 8001acc:	ea22 0000 	bic.w	r0, r2, r0
 8001ad0:	e7fa      	b.n	8001ac8 <RCC_APB1PeriphClockCmd+0x8>
 8001ad2:	bf00      	nop
 8001ad4:	40021000 	.word	0x40021000

08001ad8 <RCC_APB2PeriphResetCmd>:
 *
 * @return  none
 */
void RCC_APB2PeriphResetCmd( uint32_t RCC_APB2Periph, FunctionalState NewState )
{
    if( NewState != DISABLE )
 8001ad8:	4b04      	ldr	r3, [pc, #16]	; (8001aec <RCC_APB2PeriphResetCmd+0x14>)
    {
        RCC->APB2PRSTR |= RCC_APB2Periph;
 8001ada:	68da      	ldr	r2, [r3, #12]
    if( NewState != DISABLE )
 8001adc:	b111      	cbz	r1, 8001ae4 <RCC_APB2PeriphResetCmd+0xc>
        RCC->APB2PRSTR |= RCC_APB2Periph;
 8001ade:	4310      	orrs	r0, r2
    }
    else
    {
        RCC->APB2PRSTR &= ~RCC_APB2Periph;
 8001ae0:	60d8      	str	r0, [r3, #12]
    }
}
 8001ae2:	4770      	bx	lr
        RCC->APB2PRSTR &= ~RCC_APB2Periph;
 8001ae4:	ea22 0000 	bic.w	r0, r2, r0
 8001ae8:	e7fa      	b.n	8001ae0 <RCC_APB2PeriphResetCmd+0x8>
 8001aea:	bf00      	nop
 8001aec:	40021000 	.word	0x40021000

08001af0 <RCC_APB1PeriphResetCmd>:
 *
 * @return  none
 */
void RCC_APB1PeriphResetCmd( uint32_t RCC_APB1Periph, FunctionalState NewState )
{
    if( NewState != DISABLE )
 8001af0:	4b04      	ldr	r3, [pc, #16]	; (8001b04 <RCC_APB1PeriphResetCmd+0x14>)
    {
        RCC->APB1PRSTR |= RCC_APB1Periph;
 8001af2:	691a      	ldr	r2, [r3, #16]
    if( NewState != DISABLE )
 8001af4:	b111      	cbz	r1, 8001afc <RCC_APB1PeriphResetCmd+0xc>
        RCC->APB1PRSTR |= RCC_APB1Periph;
 8001af6:	4310      	orrs	r0, r2
    }
    else
    {
        RCC->APB1PRSTR &= ~RCC_APB1Periph;
 8001af8:	6118      	str	r0, [r3, #16]
    }
}
 8001afa:	4770      	bx	lr
        RCC->APB1PRSTR &= ~RCC_APB1Periph;
 8001afc:	ea22 0000 	bic.w	r0, r2, r0
 8001b00:	e7fa      	b.n	8001af8 <RCC_APB1PeriphResetCmd+0x8>
 8001b02:	bf00      	nop
 8001b04:	40021000 	.word	0x40021000

08001b08 <RCC_GetFlagStatus>:
{
    uint32_t tmp = 0;
    uint32_t statusreg = 0;

    FlagStatus bitstatus = RESET;
    tmp = RCC_FLAG >> 5;
 8001b08:	0942      	lsrs	r2, r0, #5

    if( tmp == 1 )
 8001b0a:	2a01      	cmp	r2, #1
 8001b0c:	4b07      	ldr	r3, [pc, #28]	; (8001b2c <RCC_GetFlagStatus+0x24>)
 8001b0e:	d107      	bne.n	8001b20 <RCC_GetFlagStatus+0x18>
    {
        statusreg = RCC->CTLR;
 8001b10:	681b      	ldr	r3, [r3, #0]
    else
    {
        statusreg = RCC->RSTSCKR;
    }

    tmp = RCC_FLAG & FLAG_Mask;
 8001b12:	f000 001f 	and.w	r0, r0, #31

    if( ( statusreg & ( ( uint32_t )1 << tmp ) ) != ( uint32_t )RESET )
 8001b16:	fa23 f000 	lsr.w	r0, r3, r0
    {
        bitstatus = RESET;
    }

    return bitstatus;
}
 8001b1a:	f000 0001 	and.w	r0, r0, #1
 8001b1e:	4770      	bx	lr
    else if( tmp == 2 )
 8001b20:	2a02      	cmp	r2, #2
        statusreg = RCC->BDCTLR;
 8001b22:	bf0c      	ite	eq
 8001b24:	6a1b      	ldreq	r3, [r3, #32]
        statusreg = RCC->RSTSCKR;
 8001b26:	6a5b      	ldrne	r3, [r3, #36]	; 0x24
 8001b28:	e7f3      	b.n	8001b12 <RCC_GetFlagStatus+0xa>
 8001b2a:	bf00      	nop
 8001b2c:	40021000 	.word	0x40021000

08001b30 <TIM_DeInit>:
 * @param   TIMx - where x can be 1 to 4 to select the TIM peripheral.
 *
 * @return  none
 */
void TIM_DeInit( TIM_TypeDef *TIMx )
{
 8001b30:	b508      	push	{r3, lr}
    if( TIMx == TIM1 )
 8001b32:	4b18      	ldr	r3, [pc, #96]	; (8001b94 <TIM_DeInit+0x64>)
 8001b34:	4298      	cmp	r0, r3
 8001b36:	d10b      	bne.n	8001b50 <TIM_DeInit+0x20>
    {
        RCC_APB2PeriphResetCmd( RCC_APB2Periph_TIM1, ENABLE );
 8001b38:	2101      	movs	r1, #1
 8001b3a:	f44f 6000 	mov.w	r0, #2048	; 0x800
 8001b3e:	f7ff ffcb 	bl	8001ad8 <RCC_APB2PeriphResetCmd>
    else if( TIMx == TIM4 )
    {
        RCC_APB1PeriphResetCmd( RCC_APB1Periph_TIM4, ENABLE );
        RCC_APB1PeriphResetCmd( RCC_APB1Periph_TIM4, DISABLE );
    }
}
 8001b42:	e8bd 4008 	ldmia.w	sp!, {r3, lr}
        RCC_APB2PeriphResetCmd( RCC_APB2Periph_TIM1, DISABLE );
 8001b46:	2100      	movs	r1, #0
 8001b48:	f44f 6000 	mov.w	r0, #2048	; 0x800
 8001b4c:	f7ff bfc4 	b.w	8001ad8 <RCC_APB2PeriphResetCmd>
    else if( TIMx == TIM2 )
 8001b50:	f1b0 4f80 	cmp.w	r0, #1073741824	; 0x40000000
 8001b54:	d109      	bne.n	8001b6a <TIM_DeInit+0x3a>
        RCC_APB1PeriphResetCmd( RCC_APB1Periph_TIM2, ENABLE );
 8001b56:	2101      	movs	r1, #1
 8001b58:	4608      	mov	r0, r1
 8001b5a:	f7ff ffc9 	bl	8001af0 <RCC_APB1PeriphResetCmd>
        RCC_APB1PeriphResetCmd( RCC_APB1Periph_TIM2, DISABLE );
 8001b5e:	2100      	movs	r1, #0
 8001b60:	2001      	movs	r0, #1
}
 8001b62:	e8bd 4008 	ldmia.w	sp!, {r3, lr}
        RCC_APB1PeriphResetCmd( RCC_APB1Periph_TIM4, DISABLE );
 8001b66:	f7ff bfc3 	b.w	8001af0 <RCC_APB1PeriphResetCmd>
    else if( TIMx == TIM3 )
 8001b6a:	4b0b      	ldr	r3, [pc, #44]	; (8001b98 <TIM_DeInit+0x68>)
 8001b6c:	4298      	cmp	r0, r3
 8001b6e:	d106      	bne.n	8001b7e <TIM_DeInit+0x4e>
        RCC_APB1PeriphResetCmd( RCC_APB1Periph_TIM3, ENABLE );
 8001b70:	2101      	movs	r1, #1
 8001b72:	2002      	movs	r0, #2
 8001b74:	f7ff ffbc 	bl	8001af0 <RCC_APB1PeriphResetCmd>
        RCC_APB1PeriphResetCmd( RCC_APB1Periph_TIM3, DISABLE );
 8001b78:	2100      	movs	r1, #0
 8001b7a:	2002      	movs	r0, #2
 8001b7c:	e7f1      	b.n	8001b62 <TIM_DeInit+0x32>
    else if( TIMx == TIM4 )
 8001b7e:	4b07      	ldr	r3, [pc, #28]	; (8001b9c <TIM_DeInit+0x6c>)
 8001b80:	4298      	cmp	r0, r3
 8001b82:	d106      	bne.n	8001b92 <TIM_DeInit+0x62>
        RCC_APB1PeriphResetCmd( RCC_APB1Periph_TIM4, ENABLE );
 8001b84:	2101      	movs	r1, #1
 8001b86:	2004      	movs	r0, #4
 8001b88:	f7ff ffb2 	bl	8001af0 <RCC_APB1PeriphResetCmd>
        RCC_APB1PeriphResetCmd( RCC_APB1Periph_TIM4, DISABLE );
 8001b8c:	2100      	movs	r1, #0
 8001b8e:	2004      	movs	r0, #4
 8001b90:	e7e7      	b.n	8001b62 <TIM_DeInit+0x32>
}
 8001b92:	bd08      	pop	{r3, pc}
 8001b94:	40012c00 	.word	0x40012c00
 8001b98:	40000400 	.word	0x40000400
 8001b9c:	40000800 	.word	0x40000800

08001ba0 <TIM_TimeBaseInit>:
{
    uint16_t tmpcr1 = 0;

    tmpcr1 = TIMx->CTLR1;

    if( ( TIMx == TIM1 ) || ( TIMx == TIM2 ) || ( TIMx == TIM3 ) || ( TIMx == TIM4 ) )
 8001ba0:	4a12      	ldr	r2, [pc, #72]	; (8001bec <TIM_TimeBaseInit+0x4c>)
    tmpcr1 = TIMx->CTLR1;
 8001ba2:	8803      	ldrh	r3, [r0, #0]
    if( ( TIMx == TIM1 ) || ( TIMx == TIM2 ) || ( TIMx == TIM3 ) || ( TIMx == TIM4 ) )
 8001ba4:	4290      	cmp	r0, r2
    tmpcr1 = TIMx->CTLR1;
 8001ba6:	b29b      	uxth	r3, r3
    if( ( TIMx == TIM1 ) || ( TIMx == TIM2 ) || ( TIMx == TIM3 ) || ( TIMx == TIM4 ) )
 8001ba8:	d00a      	beq.n	8001bc0 <TIM_TimeBaseInit+0x20>
 8001baa:	f1b0 4f80 	cmp.w	r0, #1073741824	; 0x40000000
 8001bae:	d007      	beq.n	8001bc0 <TIM_TimeBaseInit+0x20>
 8001bb0:	f5a2 3294 	sub.w	r2, r2, #75776	; 0x12800
 8001bb4:	4290      	cmp	r0, r2
 8001bb6:	d003      	beq.n	8001bc0 <TIM_TimeBaseInit+0x20>
 8001bb8:	f502 6280 	add.w	r2, r2, #1024	; 0x400
 8001bbc:	4290      	cmp	r0, r2
 8001bbe:	d103      	bne.n	8001bc8 <TIM_TimeBaseInit+0x28>
    {
        tmpcr1 &= ( uint16_t )( ~( ( uint16_t )( TIM_DIR | TIM_CMS ) ) );
        tmpcr1 |= ( uint32_t )TIM_TimeBaseInitStruct->TIM_CounterMode;
 8001bc0:	884a      	ldrh	r2, [r1, #2]
        tmpcr1 &= ( uint16_t )( ~( ( uint16_t )( TIM_DIR | TIM_CMS ) ) );
 8001bc2:	f023 0370 	bic.w	r3, r3, #112	; 0x70
        tmpcr1 |= ( uint32_t )TIM_TimeBaseInitStruct->TIM_CounterMode;
 8001bc6:	4313      	orrs	r3, r2
    }

    tmpcr1 &= ( uint16_t )( ~( ( uint16_t )TIM_CTLR1_CKD ) );
    tmpcr1 |= ( uint32_t )TIM_TimeBaseInitStruct->TIM_ClockDivision;
 8001bc8:	88ca      	ldrh	r2, [r1, #6]
    tmpcr1 &= ( uint16_t )( ~( ( uint16_t )TIM_CTLR1_CKD ) );
 8001bca:	f423 7340 	bic.w	r3, r3, #768	; 0x300
 8001bce:	b29b      	uxth	r3, r3
    tmpcr1 |= ( uint32_t )TIM_TimeBaseInitStruct->TIM_ClockDivision;
 8001bd0:	4313      	orrs	r3, r2

    TIMx->CTLR1 = tmpcr1;
 8001bd2:	8003      	strh	r3, [r0, #0]
    TIMx->ATRLR = TIM_TimeBaseInitStruct->TIM_Period ;
 8001bd4:	888b      	ldrh	r3, [r1, #4]
 8001bd6:	8583      	strh	r3, [r0, #44]	; 0x2c
    TIMx->PSC = TIM_TimeBaseInitStruct->TIM_Prescaler;
 8001bd8:	880b      	ldrh	r3, [r1, #0]
 8001bda:	8503      	strh	r3, [r0, #40]	; 0x28

    if( TIMx == TIM1 )
 8001bdc:	4b03      	ldr	r3, [pc, #12]	; (8001bec <TIM_TimeBaseInit+0x4c>)
 8001bde:	4298      	cmp	r0, r3
    {
        TIMx->RPTCR = TIM_TimeBaseInitStruct->TIM_RepetitionCounter;
 8001be0:	bf04      	itt	eq
 8001be2:	7a0b      	ldrbeq	r3, [r1, #8]
 8001be4:	8603      	strheq	r3, [r0, #48]	; 0x30
    }

    TIMx->SWEVGR = TIM_PSCReloadMode_Immediate;
 8001be6:	2301      	movs	r3, #1
 8001be8:	8283      	strh	r3, [r0, #20]
}
 8001bea:	4770      	bx	lr
 8001bec:	40012c00 	.word	0x40012c00

08001bf0 <TIM_OC1Init>:
 */
void TIM_OC1Init( TIM_TypeDef *TIMx, TIM_OCInitTypeDef *TIM_OCInitStruct )
{
    uint16_t tmpccmrx = 0, tmpccer = 0, tmpcr2 = 0;

    TIMx->CCER &= ( uint16_t )( ~( uint16_t )TIM_CC1E );
 8001bf0:	8c03      	ldrh	r3, [r0, #32]
{
 8001bf2:	b570      	push	{r4, r5, r6, lr}
    TIMx->CCER &= ( uint16_t )( ~( uint16_t )TIM_CC1E );
 8001bf4:	f023 0301 	bic.w	r3, r3, #1
 8001bf8:	041b      	lsls	r3, r3, #16
 8001bfa:	0c1b      	lsrs	r3, r3, #16
 8001bfc:	8403      	strh	r3, [r0, #32]
    tmpccer = TIMx->CCER;
 8001bfe:	8c03      	ldrh	r3, [r0, #32]
    tmpcr2 =  TIMx->CTLR2;
 8001c00:	8882      	ldrh	r2, [r0, #4]
    tmpccmrx = TIMx->CHCTLR1;
 8001c02:	8b04      	ldrh	r4, [r0, #24]
    tmpccmrx &= ( uint16_t )( ~( ( uint16_t )TIM_OC1M ) );
    tmpccmrx &= ( uint16_t )( ~( ( uint16_t )TIM_CC1S ) );
    tmpccmrx |= TIM_OCInitStruct->TIM_OCMode;
 8001c04:	880d      	ldrh	r5, [r1, #0]
    tmpccmrx &= ( uint16_t )( ~( ( uint16_t )TIM_CC1S ) );
 8001c06:	f024 0473 	bic.w	r4, r4, #115	; 0x73
 8001c0a:	0424      	lsls	r4, r4, #16
 8001c0c:	0c24      	lsrs	r4, r4, #16
    tmpccer &= ( uint16_t )( ~( ( uint16_t )TIM_CC1P ) );
    tmpccer |= TIM_OCInitStruct->TIM_OCPolarity;
    tmpccer |= TIM_OCInitStruct->TIM_OutputState;
 8001c0e:	884e      	ldrh	r6, [r1, #2]
    tmpccmrx |= TIM_OCInitStruct->TIM_OCMode;
 8001c10:	432c      	orrs	r4, r5
    tmpccer &= ( uint16_t )( ~( ( uint16_t )TIM_CC1P ) );
 8001c12:	f023 0302 	bic.w	r3, r3, #2
    tmpccer |= TIM_OCInitStruct->TIM_OutputState;
 8001c16:	890d      	ldrh	r5, [r1, #8]
    tmpccer &= ( uint16_t )( ~( ( uint16_t )TIM_CC1P ) );
 8001c18:	041b      	lsls	r3, r3, #16
    tmpccer |= TIM_OCInitStruct->TIM_OutputState;
 8001c1a:	4335      	orrs	r5, r6
    tmpccer &= ( uint16_t )( ~( ( uint16_t )TIM_CC1P ) );
 8001c1c:	0c1b      	lsrs	r3, r3, #16
    tmpccer |= TIM_OCInitStruct->TIM_OutputState;
 8001c1e:	432b      	orrs	r3, r5

    if( TIMx == TIM1 )
 8001c20:	4d0c      	ldr	r5, [pc, #48]	; (8001c54 <TIM_OC1Init+0x64>)
    tmpcr2 =  TIMx->CTLR2;
 8001c22:	b292      	uxth	r2, r2
    if( TIMx == TIM1 )
 8001c24:	42a8      	cmp	r0, r5
    tmpccer |= TIM_OCInitStruct->TIM_OutputState;
 8001c26:	b29b      	uxth	r3, r3
    if( TIMx == TIM1 )
 8001c28:	d10e      	bne.n	8001c48 <TIM_OC1Init+0x58>
    {
        tmpccer &= ( uint16_t )( ~( ( uint16_t )TIM_CC1NP ) );
        tmpccer |= TIM_OCInitStruct->TIM_OCNPolarity;
 8001c2a:	894d      	ldrh	r5, [r1, #10]
        tmpccer &= ( uint16_t )( ~( ( uint16_t )TIM_CC1NP ) );
 8001c2c:	f023 0308 	bic.w	r3, r3, #8
        tmpccer |= TIM_OCInitStruct->TIM_OCNPolarity;
 8001c30:	432b      	orrs	r3, r5

        tmpccer &= ( uint16_t )( ~( ( uint16_t )TIM_CC1NE ) );
        tmpccer |= TIM_OCInitStruct->TIM_OutputNState;
 8001c32:	888d      	ldrh	r5, [r1, #4]
        tmpccer &= ( uint16_t )( ~( ( uint16_t )TIM_CC1NE ) );
 8001c34:	f023 0304 	bic.w	r3, r3, #4

        tmpcr2 &= ( uint16_t )( ~( ( uint16_t )TIM_OIS1 ) );
        tmpcr2 &= ( uint16_t )( ~( ( uint16_t )TIM_OIS1N ) );

        tmpcr2 |= TIM_OCInitStruct->TIM_OCIdleState;
        tmpcr2 |= TIM_OCInitStruct->TIM_OCNIdleState;
 8001c38:	89ce      	ldrh	r6, [r1, #14]
        tmpccer |= TIM_OCInitStruct->TIM_OutputNState;
 8001c3a:	432b      	orrs	r3, r5
        tmpcr2 |= TIM_OCInitStruct->TIM_OCNIdleState;
 8001c3c:	898d      	ldrh	r5, [r1, #12]
        tmpcr2 &= ( uint16_t )( ~( ( uint16_t )TIM_OIS1N ) );
 8001c3e:	f422 7240 	bic.w	r2, r2, #768	; 0x300
        tmpcr2 |= TIM_OCInitStruct->TIM_OCNIdleState;
 8001c42:	4335      	orrs	r5, r6
 8001c44:	432a      	orrs	r2, r5
 8001c46:	b292      	uxth	r2, r2
    }

    TIMx->CTLR2 = tmpcr2;
 8001c48:	8082      	strh	r2, [r0, #4]
    TIMx->CHCTLR1 = tmpccmrx;
    TIMx->CH1CVR = TIM_OCInitStruct->TIM_Pulse;
 8001c4a:	88ca      	ldrh	r2, [r1, #6]
    TIMx->CHCTLR1 = tmpccmrx;
 8001c4c:	8304      	strh	r4, [r0, #24]
    TIMx->CH1CVR = TIM_OCInitStruct->TIM_Pulse;
 8001c4e:	8682      	strh	r2, [r0, #52]	; 0x34
    TIMx->CCER = tmpccer;
 8001c50:	8403      	strh	r3, [r0, #32]
}
 8001c52:	bd70      	pop	{r4, r5, r6, pc}
 8001c54:	40012c00 	.word	0x40012c00

08001c58 <TIM_OC4Init>:
 */
void TIM_OC4Init( TIM_TypeDef *TIMx, TIM_OCInitTypeDef *TIM_OCInitStruct )
{
    uint16_t tmpccmrx = 0, tmpccer = 0, tmpcr2 = 0;

    TIMx->CCER &= ( uint16_t )( ~( ( uint16_t )TIM_CC4E ) );
 8001c58:	8c03      	ldrh	r3, [r0, #32]
{
 8001c5a:	b570      	push	{r4, r5, r6, lr}
    TIMx->CCER &= ( uint16_t )( ~( ( uint16_t )TIM_CC4E ) );
 8001c5c:	f423 5380 	bic.w	r3, r3, #4096	; 0x1000
 8001c60:	041b      	lsls	r3, r3, #16
 8001c62:	0c1b      	lsrs	r3, r3, #16
 8001c64:	8403      	strh	r3, [r0, #32]
    tmpccer = TIMx->CCER;
 8001c66:	8c03      	ldrh	r3, [r0, #32]
    tmpcr2 =  TIMx->CTLR2;
 8001c68:	8884      	ldrh	r4, [r0, #4]
    tmpccmrx = TIMx->CHCTLR2;
 8001c6a:	8b82      	ldrh	r2, [r0, #28]
    tmpccmrx &= ( uint16_t )( ~( ( uint16_t )TIM_OC4M ) );
    tmpccmrx &= ( uint16_t )( ~( ( uint16_t )TIM_CC4S ) );
    tmpccmrx |= ( uint16_t )( TIM_OCInitStruct->TIM_OCMode << 8 );
 8001c6c:	880d      	ldrh	r5, [r1, #0]
    tmpccmrx &= ( uint16_t )( ~( ( uint16_t )TIM_CC4S ) );
 8001c6e:	f422 42e6 	bic.w	r2, r2, #29440	; 0x7300
 8001c72:	0412      	lsls	r2, r2, #16
 8001c74:	0c12      	lsrs	r2, r2, #16
    tmpccer &= ( uint16_t )( ~( ( uint16_t )TIM_CC4P ) );
    tmpccer |= ( uint16_t )( TIM_OCInitStruct->TIM_OCPolarity << 12 );
    tmpccer |= ( uint16_t )( TIM_OCInitStruct->TIM_OutputState << 12 );
 8001c76:	884e      	ldrh	r6, [r1, #2]
    tmpccmrx |= ( uint16_t )( TIM_OCInitStruct->TIM_OCMode << 8 );
 8001c78:	ea42 2205 	orr.w	r2, r2, r5, lsl #8
    tmpccer &= ( uint16_t )( ~( ( uint16_t )TIM_CC4P ) );
 8001c7c:	f423 5300 	bic.w	r3, r3, #8192	; 0x2000
    tmpccer |= ( uint16_t )( TIM_OCInitStruct->TIM_OCPolarity << 12 );
 8001c80:	890d      	ldrh	r5, [r1, #8]
    tmpccer &= ( uint16_t )( ~( ( uint16_t )TIM_CC4P ) );
 8001c82:	041b      	lsls	r3, r3, #16
    tmpccer |= ( uint16_t )( TIM_OCInitStruct->TIM_OutputState << 12 );
 8001c84:	4335      	orrs	r5, r6
    tmpccer &= ( uint16_t )( ~( ( uint16_t )TIM_CC4P ) );
 8001c86:	0c1b      	lsrs	r3, r3, #16
    tmpccer |= ( uint16_t )( TIM_OCInitStruct->TIM_OutputState << 12 );
 8001c88:	ea43 3305 	orr.w	r3, r3, r5, lsl #12

    if( TIMx == TIM1 )
 8001c8c:	4d09      	ldr	r5, [pc, #36]	; (8001cb4 <TIM_OC4Init+0x5c>)
    tmpcr2 =  TIMx->CTLR2;
 8001c8e:	b2a4      	uxth	r4, r4
    if( TIMx == TIM1 )
 8001c90:	42a8      	cmp	r0, r5
    {
        tmpcr2 &= ( uint16_t )( ~( ( uint16_t )TIM_OIS4 ) );
        tmpcr2 |= ( uint16_t )( TIM_OCInitStruct->TIM_OCIdleState << 6 );
 8001c92:	bf02      	ittt	eq
 8001c94:	898d      	ldrheq	r5, [r1, #12]
        tmpcr2 &= ( uint16_t )( ~( ( uint16_t )TIM_OIS4 ) );
 8001c96:	f424 4480 	biceq.w	r4, r4, #16384	; 0x4000
        tmpcr2 |= ( uint16_t )( TIM_OCInitStruct->TIM_OCIdleState << 6 );
 8001c9a:	ea44 1485 	orreq.w	r4, r4, r5, lsl #6
    tmpccmrx |= ( uint16_t )( TIM_OCInitStruct->TIM_OCMode << 8 );
 8001c9e:	b292      	uxth	r2, r2
        tmpcr2 |= ( uint16_t )( TIM_OCInitStruct->TIM_OCIdleState << 6 );
 8001ca0:	bf08      	it	eq
 8001ca2:	b2a4      	uxtheq	r4, r4
    }

    TIMx->CTLR2 = tmpcr2;
 8001ca4:	8084      	strh	r4, [r0, #4]
    TIMx->CHCTLR2 = tmpccmrx;
 8001ca6:	8382      	strh	r2, [r0, #28]
    TIMx->CH4CVR = TIM_OCInitStruct->TIM_Pulse;
 8001ca8:	88ca      	ldrh	r2, [r1, #6]
    tmpccer |= ( uint16_t )( TIM_OCInitStruct->TIM_OutputState << 12 );
 8001caa:	b29b      	uxth	r3, r3
    TIMx->CH4CVR = TIM_OCInitStruct->TIM_Pulse;
 8001cac:	f8a0 2040 	strh.w	r2, [r0, #64]	; 0x40
    TIMx->CCER = tmpccer;
 8001cb0:	8403      	strh	r3, [r0, #32]
}
 8001cb2:	bd70      	pop	{r4, r5, r6, pc}
 8001cb4:	40012c00 	.word	0x40012c00

08001cb8 <TIM_Cmd>:
 */
void TIM_Cmd( TIM_TypeDef *TIMx, FunctionalState NewState )
{
    if( NewState != DISABLE )
    {
        TIMx->CTLR1 |= TIM_CEN;
 8001cb8:	8803      	ldrh	r3, [r0, #0]
    if( NewState != DISABLE )
 8001cba:	b121      	cbz	r1, 8001cc6 <TIM_Cmd+0xe>
        TIMx->CTLR1 |= TIM_CEN;
 8001cbc:	b29b      	uxth	r3, r3
 8001cbe:	f043 0301 	orr.w	r3, r3, #1
    }
    else
    {
        TIMx->CTLR1 &= ( uint16_t )( ~( ( uint16_t )TIM_CEN ) );
 8001cc2:	8003      	strh	r3, [r0, #0]
    }
}
 8001cc4:	4770      	bx	lr
        TIMx->CTLR1 &= ( uint16_t )( ~( ( uint16_t )TIM_CEN ) );
 8001cc6:	f023 0301 	bic.w	r3, r3, #1
 8001cca:	041b      	lsls	r3, r3, #16
 8001ccc:	0c1b      	lsrs	r3, r3, #16
 8001cce:	e7f8      	b.n	8001cc2 <TIM_Cmd+0xa>

08001cd0 <TIM_ITConfig>:
 */
void TIM_ITConfig( TIM_TypeDef *TIMx, uint16_t TIM_IT, FunctionalState NewState )
{
    if( NewState != DISABLE )
    {
        TIMx->DMAINTENR |= TIM_IT;
 8001cd0:	8983      	ldrh	r3, [r0, #12]
 8001cd2:	b29b      	uxth	r3, r3
    if( NewState != DISABLE )
 8001cd4:	b112      	cbz	r2, 8001cdc <TIM_ITConfig+0xc>
        TIMx->DMAINTENR |= TIM_IT;
 8001cd6:	4319      	orrs	r1, r3
    }
    else
    {
        TIMx->DMAINTENR &= ( uint16_t )~TIM_IT;
 8001cd8:	8181      	strh	r1, [r0, #12]
    }
}
 8001cda:	4770      	bx	lr
        TIMx->DMAINTENR &= ( uint16_t )~TIM_IT;
 8001cdc:	ea23 0101 	bic.w	r1, r3, r1
 8001ce0:	e7fa      	b.n	8001cd8 <TIM_ITConfig+0x8>

08001ce2 <TIM_ARRPreloadConfig>:
 */
void TIM_ARRPreloadConfig( TIM_TypeDef *TIMx, FunctionalState NewState )
{
    if( NewState != DISABLE )
    {
        TIMx->CTLR1 |= TIM_ARPE;
 8001ce2:	8803      	ldrh	r3, [r0, #0]
    if( NewState != DISABLE )
 8001ce4:	b121      	cbz	r1, 8001cf0 <TIM_ARRPreloadConfig+0xe>
        TIMx->CTLR1 |= TIM_ARPE;
 8001ce6:	b29b      	uxth	r3, r3
 8001ce8:	f043 0380 	orr.w	r3, r3, #128	; 0x80
    }
    else
    {
        TIMx->CTLR1 &= ( uint16_t )~( ( uint16_t )TIM_ARPE );
 8001cec:	8003      	strh	r3, [r0, #0]
    }
}
 8001cee:	4770      	bx	lr
        TIMx->CTLR1 &= ( uint16_t )~( ( uint16_t )TIM_ARPE );
 8001cf0:	f023 0380 	bic.w	r3, r3, #128	; 0x80
 8001cf4:	041b      	lsls	r3, r3, #16
 8001cf6:	0c1b      	lsrs	r3, r3, #16
 8001cf8:	e7f8      	b.n	8001cec <TIM_ARRPreloadConfig+0xa>

08001cfa <TIM_OC4PreloadConfig>:
 */
void TIM_OC4PreloadConfig( TIM_TypeDef *TIMx, uint16_t TIM_OCPreload )
{
    uint16_t tmpccmr2 = 0;

    tmpccmr2 = TIMx->CHCTLR2;
 8001cfa:	8b83      	ldrh	r3, [r0, #28]
    tmpccmr2 &= ( uint16_t )~( ( uint16_t )TIM_OC4PE );
 8001cfc:	f423 6300 	bic.w	r3, r3, #2048	; 0x800
 8001d00:	041b      	lsls	r3, r3, #16
 8001d02:	0c1b      	lsrs	r3, r3, #16
    tmpccmr2 |= ( uint16_t )( TIM_OCPreload << 8 );
 8001d04:	ea43 2301 	orr.w	r3, r3, r1, lsl #8
 8001d08:	b29b      	uxth	r3, r3
    TIMx->CHCTLR2 = tmpccmr2;
 8001d0a:	8383      	strh	r3, [r0, #28]
}
 8001d0c:	4770      	bx	lr

08001d0e <TIM_SetCompare1>:
 *
 * @return  none
 */
void TIM_SetCompare1( TIM_TypeDef *TIMx, uint16_t Compare1 )
{
    TIMx->CH1CVR = Compare1;
 8001d0e:	8681      	strh	r1, [r0, #52]	; 0x34
}
 8001d10:	4770      	bx	lr

08001d12 <TIM_SetCompare4>:
 *
 * @return  none
 */
void TIM_SetCompare4( TIM_TypeDef *TIMx, uint16_t Compare4 )
{
    TIMx->CH4CVR = Compare4;
 8001d12:	f8a0 1040 	strh.w	r1, [r0, #64]	; 0x40
}
 8001d16:	4770      	bx	lr

08001d18 <TIM_GetITStatus>:
ITStatus TIM_GetITStatus( TIM_TypeDef *TIMx, uint16_t TIM_IT )
{
    ITStatus bitstatus = RESET;
    uint16_t itstatus = 0x0, itenable = 0x0;

    itstatus = TIMx->INTFR & TIM_IT;
 8001d18:	8a03      	ldrh	r3, [r0, #16]

    itenable = TIMx->DMAINTENR & TIM_IT;
 8001d1a:	8982      	ldrh	r2, [r0, #12]
    if( ( itstatus != ( uint16_t )RESET ) && ( itenable != ( uint16_t )RESET ) )
 8001d1c:	ea11 0003 	ands.w	r0, r1, r3
    itenable = TIMx->DMAINTENR & TIM_IT;
 8001d20:	b292      	uxth	r2, r2
    if( ( itstatus != ( uint16_t )RESET ) && ( itenable != ( uint16_t )RESET ) )
 8001d22:	d003      	beq.n	8001d2c <TIM_GetITStatus+0x14>
 8001d24:	420a      	tst	r2, r1
    {
        bitstatus = SET;
    }
    else
    {
        bitstatus = RESET;
 8001d26:	bf14      	ite	ne
 8001d28:	2001      	movne	r0, #1
 8001d2a:	2000      	moveq	r0, #0
    }

    return bitstatus;
}
 8001d2c:	4770      	bx	lr

08001d2e <TIM_ClearITPendingBit>:
 8001d2e:	43c9      	mvns	r1, r1
 8001d30:	b289      	uxth	r1, r1
 8001d32:	8201      	strh	r1, [r0, #16]
 8001d34:	4770      	bx	lr
	...

08001d38 <USART_Init>:
 *        USART peripheral.
 *
 * @return  none
 */
void USART_Init( USART_TypeDef *USARTx, USART_InitTypeDef *USART_InitStruct )
{
 8001d38:	b530      	push	{r4, r5, lr}
 8001d3a:	460d      	mov	r5, r1
 8001d3c:	4604      	mov	r4, r0
    if( USART_InitStruct->USART_HardwareFlowControl != USART_HardwareFlowControl_None )
    {
    }

    usartxbase = ( uint32_t )USARTx;
    tmpreg = USARTx->CTLR2;
 8001d3e:	8a03      	ldrh	r3, [r0, #16]
    if( USART_InitStruct->USART_HardwareFlowControl != USART_HardwareFlowControl_None )
 8001d40:	898a      	ldrh	r2, [r1, #12]
    tmpreg = USARTx->CTLR2;
 8001d42:	b29b      	uxth	r3, r3
    tmpreg &= CTLR2_STOP_CLEAR_Mask;
    tmpreg |= ( uint32_t )USART_InitStruct->USART_StopBits;
 8001d44:	88c9      	ldrh	r1, [r1, #6]
 8001d46:	f423 5340 	bic.w	r3, r3, #12288	; 0x3000
 8001d4a:	430b      	orrs	r3, r1

    USARTx->CTLR2 = ( uint16_t )tmpreg;
 8001d4c:	8203      	strh	r3, [r0, #16]
    tmpreg = USARTx->CTLR1;
 8001d4e:	8983      	ldrh	r3, [r0, #12]
    tmpreg &= CTLR1_CLEAR_Mask;
    tmpreg |= ( uint32_t )USART_InitStruct->USART_WordLength | USART_InitStruct->USART_Parity |
 8001d50:	88a9      	ldrh	r1, [r5, #4]
 8001d52:	f423 53b0 	bic.w	r3, r3, #5632	; 0x1600
 8001d56:	f023 030c 	bic.w	r3, r3, #12
 8001d5a:	041b      	lsls	r3, r3, #16
 8001d5c:	0c1b      	lsrs	r3, r3, #16
 8001d5e:	430b      	orrs	r3, r1
 8001d60:	8929      	ldrh	r1, [r5, #8]
{
 8001d62:	b087      	sub	sp, #28
 8001d64:	430b      	orrs	r3, r1
 8001d66:	8969      	ldrh	r1, [r5, #10]
 8001d68:	430b      	orrs	r3, r1
 8001d6a:	b29b      	uxth	r3, r3
              USART_InitStruct->USART_Mode;
    USARTx->CTLR1 = ( uint16_t )tmpreg;
 8001d6c:	8183      	strh	r3, [r0, #12]

    tmpreg = USARTx->CTLR3;
 8001d6e:	8a83      	ldrh	r3, [r0, #20]
 8001d70:	b29b      	uxth	r3, r3
    tmpreg &= CTLR3_CLEAR_Mask;
    tmpreg |= USART_InitStruct->USART_HardwareFlowControl;
 8001d72:	f423 7340 	bic.w	r3, r3, #768	; 0x300
 8001d76:	4313      	orrs	r3, r2
    USARTx->CTLR3 = ( uint16_t )tmpreg;
 8001d78:	8283      	strh	r3, [r0, #20]

    RCC_GetClocksFreq( &RCC_ClocksStatus );
 8001d7a:	a801      	add	r0, sp, #4
 8001d7c:	f7ff fe4c 	bl	8001a18 <RCC_GetClocksFreq>

    if( usartxbase == USART1_BASE )
    {
        apbclock = RCC_ClocksStatus.PCLK2_Frequency;
 8001d80:	e9dd 2303 	ldrd	r2, r3, [sp, #12]
 8001d84:	490d      	ldr	r1, [pc, #52]	; (8001dbc <USART_Init+0x84>)
 8001d86:	428c      	cmp	r4, r1
 8001d88:	bf08      	it	eq
 8001d8a:	461a      	moveq	r2, r3
    }
    else
    {
        apbclock = RCC_ClocksStatus.PCLK1_Frequency;
    }
    integerdivider = ( ( 25 * apbclock ) / ( 4 * ( USART_InitStruct->USART_BaudRate ) ) );
 8001d8c:	2319      	movs	r3, #25
 8001d8e:	4353      	muls	r3, r2
 8001d90:	682a      	ldr	r2, [r5, #0]
 8001d92:	0092      	lsls	r2, r2, #2
 8001d94:	fbb3 f3f2 	udiv	r3, r3, r2
    tmpreg = ( integerdivider / 100 ) << 4;
 8001d98:	2264      	movs	r2, #100	; 0x64
 8001d9a:	fbb3 f1f2 	udiv	r1, r3, r2
    fractionaldivider = integerdivider - ( 100 * ( tmpreg >> 4 ) );
    tmpreg |= ( ( ( ( fractionaldivider * 16 ) + 50 ) / 100 ) ) & ( ( uint8_t )0x0F );
 8001d9e:	fb02 3311 	mls	r3, r2, r1, r3
 8001da2:	011b      	lsls	r3, r3, #4
 8001da4:	3332      	adds	r3, #50	; 0x32
 8001da6:	fbb3 f3f2 	udiv	r3, r3, r2
 8001daa:	f003 030f 	and.w	r3, r3, #15
 8001dae:	ea43 1301 	orr.w	r3, r3, r1, lsl #4
    USARTx->BRR = ( uint16_t )tmpreg;
 8001db2:	b29b      	uxth	r3, r3
 8001db4:	8123      	strh	r3, [r4, #8]
}
 8001db6:	b007      	add	sp, #28
 8001db8:	bd30      	pop	{r4, r5, pc}
 8001dba:	bf00      	nop
 8001dbc:	40013800 	.word	0x40013800

08001dc0 <USART_Cmd>:
 */
void USART_Cmd( USART_TypeDef *USARTx, FunctionalState NewState )
{
    if( NewState != DISABLE )
    {
        USARTx->CTLR1 |= CTLR1_UE_Set;
 8001dc0:	8983      	ldrh	r3, [r0, #12]
    if( NewState != DISABLE )
 8001dc2:	b121      	cbz	r1, 8001dce <USART_Cmd+0xe>
        USARTx->CTLR1 |= CTLR1_UE_Set;
 8001dc4:	b29b      	uxth	r3, r3
 8001dc6:	f443 5300 	orr.w	r3, r3, #8192	; 0x2000
    }
    else
    {
        USARTx->CTLR1 &= CTLR1_UE_Reset;
 8001dca:	8183      	strh	r3, [r0, #12]
    }
}
 8001dcc:	4770      	bx	lr
        USARTx->CTLR1 &= CTLR1_UE_Reset;
 8001dce:	f423 5300 	bic.w	r3, r3, #8192	; 0x2000
 8001dd2:	041b      	lsls	r3, r3, #16
 8001dd4:	0c1b      	lsrs	r3, r3, #16
 8001dd6:	e7f8      	b.n	8001dca <USART_Cmd+0xa>

08001dd8 <USART_ITConfig>:


    usartxbase = ( uint32_t )USARTx;
    usartreg = ( ( ( uint8_t )USART_IT ) >> 0x05 );
    itpos = USART_IT & IT_Mask;
    itmask = ( ( ( uint32_t )0x01 ) << itpos );
 8001dd8:	2301      	movs	r3, #1
{
 8001dda:	b510      	push	{r4, lr}
    usartreg = ( ( ( uint8_t )USART_IT ) >> 0x05 );
 8001ddc:	f3c1 1442 	ubfx	r4, r1, #5, #3

    if( usartreg == 0x01 )
 8001de0:	429c      	cmp	r4, r3
    itpos = USART_IT & IT_Mask;
 8001de2:	f001 011f 	and.w	r1, r1, #31
    itmask = ( ( ( uint32_t )0x01 ) << itpos );
 8001de6:	fa03 f101 	lsl.w	r1, r3, r1
    if( usartreg == 0x01 )
 8001dea:	d105      	bne.n	8001df8 <USART_ITConfig+0x20>
    {
        usartxbase += 0x0C;
 8001dec:	300c      	adds	r0, #12
        usartxbase += 0x14;
    }

    if( NewState != DISABLE )
    {
        *( __IO uint32_t * )usartxbase  |= itmask;
 8001dee:	6803      	ldr	r3, [r0, #0]
    if( NewState != DISABLE )
 8001df0:	b13a      	cbz	r2, 8001e02 <USART_ITConfig+0x2a>
        *( __IO uint32_t * )usartxbase  |= itmask;
 8001df2:	4319      	orrs	r1, r3
    }
    else
    {
        *( __IO uint32_t * )usartxbase &= ~itmask;
 8001df4:	6001      	str	r1, [r0, #0]
    }
}
 8001df6:	bd10      	pop	{r4, pc}
    else if( usartreg == 0x02 )
 8001df8:	2c02      	cmp	r4, #2
        usartxbase += 0x10;
 8001dfa:	bf0c      	ite	eq
 8001dfc:	3010      	addeq	r0, #16
        usartxbase += 0x14;
 8001dfe:	3014      	addne	r0, #20
 8001e00:	e7f5      	b.n	8001dee <USART_ITConfig+0x16>
        *( __IO uint32_t * )usartxbase &= ~itmask;
 8001e02:	ea23 0101 	bic.w	r1, r3, r1
 8001e06:	e7f5      	b.n	8001df4 <USART_ITConfig+0x1c>

08001e08 <USART_SendData>:
 *
 * @return  none
 */
void USART_SendData( USART_TypeDef *USARTx, uint16_t Data )
{
    USARTx->DATAR = ( Data & ( uint16_t )0x01FF );
 8001e08:	f3c1 0108 	ubfx	r1, r1, #0, #9
 8001e0c:	8081      	strh	r1, [r0, #4]
}
 8001e0e:	4770      	bx	lr

08001e10 <USART_ReceiveData>:
 *
 * @return  The received data.
 */
uint16_t USART_ReceiveData( USART_TypeDef *USARTx )
{
    return ( uint16_t )( USARTx->DATAR & ( uint16_t )0x01FF );
 8001e10:	8880      	ldrh	r0, [r0, #4]
}
 8001e12:	f3c0 0008 	ubfx	r0, r0, #0, #9
 8001e16:	4770      	bx	lr

08001e18 <USART_GetFlagStatus>:
FlagStatus USART_GetFlagStatus( USART_TypeDef *USARTx, uint16_t USART_FLAG )
{
    FlagStatus bitstatus = RESET;


    if( ( USARTx->STATR & USART_FLAG ) != ( uint16_t )RESET )
 8001e18:	8803      	ldrh	r3, [r0, #0]
 8001e1a:	4219      	tst	r1, r3
    else
    {
        bitstatus = RESET;
    }
    return bitstatus;
}
 8001e1c:	bf14      	ite	ne
 8001e1e:	2001      	movne	r0, #1
 8001e20:	2000      	moveq	r0, #0
 8001e22:	4770      	bx	lr

08001e24 <USART_GetITStatus>:
    uint32_t bitpos = 0x00, itmask = 0x00, usartreg = 0x00;
    ITStatus bitstatus = RESET;

    usartreg = ( ( ( uint8_t )USART_IT ) >> 0x05 );
    itmask = USART_IT & IT_Mask;
    itmask = ( uint32_t )0x01 << itmask;
 8001e24:	2301      	movs	r3, #1
{
 8001e26:	b510      	push	{r4, lr}
    usartreg = ( ( ( uint8_t )USART_IT ) >> 0x05 );
 8001e28:	f3c1 1442 	ubfx	r4, r1, #5, #3
{
 8001e2c:	4602      	mov	r2, r0

    if( usartreg == 0x01 )
 8001e2e:	2c01      	cmp	r4, #1
    itmask = USART_IT & IT_Mask;
 8001e30:	f001 001f 	and.w	r0, r1, #31
    itmask = ( uint32_t )0x01 << itmask;
 8001e34:	fa03 f300 	lsl.w	r3, r3, r0
    if( usartreg == 0x01 )
 8001e38:	d10e      	bne.n	8001e58 <USART_GetITStatus+0x34>
    {
        itmask &= USARTx->CTLR1;
 8001e3a:	8990      	ldrh	r0, [r2, #12]
        itmask &= USARTx->CTLR3;
    }

    bitpos = USART_IT >> 0x08;
    bitpos = ( uint32_t )0x01 << bitpos;
    bitpos &= USARTx->STATR;
 8001e3c:	8812      	ldrh	r2, [r2, #0]
        itmask &= USARTx->CTLR3;
 8001e3e:	b280      	uxth	r0, r0
 8001e40:	4018      	ands	r0, r3
    bitpos &= USARTx->STATR;
 8001e42:	b292      	uxth	r2, r2

    if( ( itmask != ( uint16_t )RESET ) && ( bitpos != ( uint16_t )RESET ) )
 8001e44:	b138      	cbz	r0, 8001e56 <USART_GetITStatus+0x32>
    bitpos = ( uint32_t )0x01 << bitpos;
 8001e46:	2301      	movs	r3, #1
    bitpos = USART_IT >> 0x08;
 8001e48:	0a09      	lsrs	r1, r1, #8
    bitpos = ( uint32_t )0x01 << bitpos;
 8001e4a:	fa03 f101 	lsl.w	r1, r3, r1
    if( ( itmask != ( uint16_t )RESET ) && ( bitpos != ( uint16_t )RESET ) )
 8001e4e:	420a      	tst	r2, r1
    {
        bitstatus = SET;
    }
    else
    {
        bitstatus = RESET;
 8001e50:	bf14      	ite	ne
 8001e52:	4618      	movne	r0, r3
 8001e54:	2000      	moveq	r0, #0
    }

    return bitstatus;
}
 8001e56:	bd10      	pop	{r4, pc}
    else if( usartreg == 0x02 )
 8001e58:	2c02      	cmp	r4, #2
        itmask &= USARTx->CTLR2;
 8001e5a:	bf0c      	ite	eq
 8001e5c:	8a10      	ldrheq	r0, [r2, #16]
        itmask &= USARTx->CTLR3;
 8001e5e:	8a90      	ldrhne	r0, [r2, #20]
 8001e60:	e7ec      	b.n	8001e3c <USART_GetITStatus+0x18>
	...

08001e64 <Delay_Init>:
 * @brief   Initializes Delay Funcation.
 *
 * @return  none
 */	
void Delay_Init(void)
{
 8001e64:	b508      	push	{r3, lr}
	SysTick_CLKSourceConfig(SysTick_CLKSource_HCLK_Div8);	
 8001e66:	f06f 0004 	mvn.w	r0, #4
 8001e6a:	f7ff fd4d 	bl	8001908 <SysTick_CLKSourceConfig>
	p_us=SystemCoreClock/8000000;			  
 8001e6e:	4b08      	ldr	r3, [pc, #32]	; (8001e90 <Delay_Init+0x2c>)
 8001e70:	4a08      	ldr	r2, [pc, #32]	; (8001e94 <Delay_Init+0x30>)
 8001e72:	681b      	ldr	r3, [r3, #0]
 8001e74:	fbb3 f3f2 	udiv	r3, r3, r2
 8001e78:	4a07      	ldr	r2, [pc, #28]	; (8001e98 <Delay_Init+0x34>)
 8001e7a:	b2db      	uxtb	r3, r3
 8001e7c:	7013      	strb	r3, [r2, #0]
	p_ms=(u16)p_us*1000;					   
 8001e7e:	ebc3 1243 	rsb	r2, r3, r3, lsl #5
 8001e82:	eb03 0382 	add.w	r3, r3, r2, lsl #2
 8001e86:	4a05      	ldr	r2, [pc, #20]	; (8001e9c <Delay_Init+0x38>)
 8001e88:	00db      	lsls	r3, r3, #3
 8001e8a:	8013      	strh	r3, [r2, #0]
}								    
 8001e8c:	bd08      	pop	{r3, pc}
 8001e8e:	bf00      	nop
 8001e90:	2000001c 	.word	0x2000001c
 8001e94:	007a1200 	.word	0x007a1200
 8001e98:	200002d2 	.word	0x200002d2
 8001e9c:	200002d0 	.word	0x200002d0

08001ea0 <Delay_Us>:
void Delay_Us(u32 n)
{		
	u32 i;	
	
	SysTick->LOAD=n*p_us; 						  		 
	SysTick->VAL=0x00;        					
 8001ea0:	2200      	movs	r2, #0
	SysTick->LOAD=n*p_us; 						  		 
 8001ea2:	4b0b      	ldr	r3, [pc, #44]	; (8001ed0 <Delay_Us+0x30>)
 8001ea4:	781b      	ldrb	r3, [r3, #0]
 8001ea6:	4358      	muls	r0, r3
 8001ea8:	4b0a      	ldr	r3, [pc, #40]	; (8001ed4 <Delay_Us+0x34>)
 8001eaa:	6058      	str	r0, [r3, #4]
	SysTick->VAL=0x00;        					
 8001eac:	609a      	str	r2, [r3, #8]
	SysTick->CTRL|=SysTick_CTRL_ENABLE_Msk ;
 8001eae:	681a      	ldr	r2, [r3, #0]
 8001eb0:	f042 0201 	orr.w	r2, r2, #1
 8001eb4:	601a      	str	r2, [r3, #0]
	
	do
	{
		i=SysTick->CTRL;
 8001eb6:	681a      	ldr	r2, [r3, #0]
	}while((i&0x01)&&!(i&(1<<16)));
 8001eb8:	f002 1201 	and.w	r2, r2, #65537	; 0x10001
 8001ebc:	2a01      	cmp	r2, #1
 8001ebe:	d0fa      	beq.n	8001eb6 <Delay_Us+0x16>
	
	SysTick->CTRL&=~SysTick_CTRL_ENABLE_Msk;	
 8001ec0:	681a      	ldr	r2, [r3, #0]
 8001ec2:	f022 0201 	bic.w	r2, r2, #1
 8001ec6:	601a      	str	r2, [r3, #0]
	SysTick->VAL =0X00;     	 
 8001ec8:	2200      	movs	r2, #0
 8001eca:	609a      	str	r2, [r3, #8]
}
 8001ecc:	4770      	bx	lr
 8001ece:	bf00      	nop
 8001ed0:	200002d2 	.word	0x200002d2
 8001ed4:	e000e010 	.word	0xe000e010

08001ed8 <Delay_Ms>:
void Delay_Ms(u16 n)
{	 		  	  
	u32 i;	
	
	SysTick->LOAD=(u32)n*p_ms;				
	SysTick->VAL =0x00;							
 8001ed8:	2200      	movs	r2, #0
	SysTick->LOAD=(u32)n*p_ms;				
 8001eda:	4b0b      	ldr	r3, [pc, #44]	; (8001f08 <Delay_Ms+0x30>)
 8001edc:	881b      	ldrh	r3, [r3, #0]
 8001ede:	4358      	muls	r0, r3
 8001ee0:	4b0a      	ldr	r3, [pc, #40]	; (8001f0c <Delay_Ms+0x34>)
 8001ee2:	6058      	str	r0, [r3, #4]
	SysTick->VAL =0x00;							
 8001ee4:	609a      	str	r2, [r3, #8]
	SysTick->CTRL|=SysTick_CTRL_ENABLE_Msk ;
 8001ee6:	681a      	ldr	r2, [r3, #0]
 8001ee8:	f042 0201 	orr.w	r2, r2, #1
 8001eec:	601a      	str	r2, [r3, #0]
	
	do
	{
		i=SysTick->CTRL;
 8001eee:	681a      	ldr	r2, [r3, #0]
	}while((i&0x01)&&!(i&(1<<16)));	
 8001ef0:	f002 1201 	and.w	r2, r2, #65537	; 0x10001
 8001ef4:	2a01      	cmp	r2, #1
 8001ef6:	d0fa      	beq.n	8001eee <Delay_Ms+0x16>
	
	SysTick->CTRL&=~SysTick_CTRL_ENABLE_Msk;	
 8001ef8:	681a      	ldr	r2, [r3, #0]
 8001efa:	f022 0201 	bic.w	r2, r2, #1
 8001efe:	601a      	str	r2, [r3, #0]
	SysTick->VAL =0X00;        	    
 8001f00:	2200      	movs	r2, #0
 8001f02:	609a      	str	r2, [r3, #8]
} 
 8001f04:	4770      	bx	lr
 8001f06:	bf00      	nop
 8001f08:	200002d0 	.word	0x200002d0
 8001f0c:	e000e010 	.word	0xe000e010

08001f10 <USART_Printf_Init>:
 * @param   baudrate - USART communication baud rate.
 *
 * @return  None
 */
void USART_Printf_Init(u32 baudrate)
{
 8001f10:	b510      	push	{r4, lr}
  GPIO_InitTypeDef GPIO_InitStructure;
  USART_InitTypeDef USART_InitStructure;
	
#if (DEBUG == DEBUG_UART1)	
  RCC_APB2PeriphClockCmd(RCC_APB2Periph_USART1|RCC_APB2Periph_GPIOA, ENABLE);	
 8001f12:	2101      	movs	r1, #1
{
 8001f14:	b086      	sub	sp, #24
 8001f16:	4604      	mov	r4, r0
  RCC_APB2PeriphClockCmd(RCC_APB2Periph_USART1|RCC_APB2Periph_GPIOA, ENABLE);	
 8001f18:	f244 0004 	movw	r0, #16388	; 0x4004
 8001f1c:	f7ff fdc4 	bl	8001aa8 <RCC_APB2PeriphClockCmd>
  
  GPIO_InitStructure.GPIO_Pin = GPIO_Pin_9; 
 8001f20:	4b0c      	ldr	r3, [pc, #48]	; (8001f54 <USART_Printf_Init+0x44>)
  GPIO_InitStructure.GPIO_Speed = GPIO_Speed_50MHz;
  GPIO_InitStructure.GPIO_Mode = GPIO_Mode_AF_PP;	
  GPIO_Init(GPIOA, &GPIO_InitStructure);
 8001f22:	a901      	add	r1, sp, #4
 8001f24:	480c      	ldr	r0, [pc, #48]	; (8001f58 <USART_Printf_Init+0x48>)
  GPIO_InitStructure.GPIO_Pin = GPIO_Pin_9; 
 8001f26:	9301      	str	r3, [sp, #4]
  GPIO_Init(GPIOA, &GPIO_InitStructure);
 8001f28:	f7ff fc67 	bl	80017fa <GPIO_Init>
#endif	
   
  USART_InitStructure.USART_BaudRate = baudrate;
  USART_InitStructure.USART_WordLength = USART_WordLength_8b;
  USART_InitStructure.USART_StopBits = USART_StopBits_1;
  USART_InitStructure.USART_Parity = USART_Parity_No;
 8001f2c:	2300      	movs	r3, #0
 8001f2e:	f44f 2200 	mov.w	r2, #524288	; 0x80000
  USART_InitStructure.USART_BaudRate = baudrate;
 8001f32:	9402      	str	r4, [sp, #8]
  USART_InitStructure.USART_HardwareFlowControl = USART_HardwareFlowControl_None;
  USART_InitStructure.USART_Mode = USART_Mode_Tx;

#if (DEBUG == DEBUG_UART1)	
  USART_Init(USART1, &USART_InitStructure); 
 8001f34:	4c09      	ldr	r4, [pc, #36]	; (8001f5c <USART_Printf_Init+0x4c>)
 8001f36:	a902      	add	r1, sp, #8
 8001f38:	4620      	mov	r0, r4
  USART_InitStructure.USART_Parity = USART_Parity_No;
 8001f3a:	e9cd 3203 	strd	r3, r2, [sp, #12]
  USART_InitStructure.USART_HardwareFlowControl = USART_HardwareFlowControl_None;
 8001f3e:	f8ad 3014 	strh.w	r3, [sp, #20]
  USART_Init(USART1, &USART_InitStructure); 
 8001f42:	f7ff fef9 	bl	8001d38 <USART_Init>
  USART_Cmd(USART1, ENABLE);  
 8001f46:	2101      	movs	r1, #1
 8001f48:	4620      	mov	r0, r4
 8001f4a:	f7ff ff39 	bl	8001dc0 <USART_Cmd>
#elif (DEBUG == DEBUG_UART3)
  USART_Init(USART3, &USART_InitStructure); 
  USART_Cmd(USART3, ENABLE);
	
#endif	
}
 8001f4e:	b006      	add	sp, #24
 8001f50:	bd10      	pop	{r4, pc}
 8001f52:	bf00      	nop
 8001f54:	18030200 	.word	0x18030200
 8001f58:	40010800 	.word	0x40010800
 8001f5c:	40013800 	.word	0x40013800

08001f60 <_write>:
* Input          : *buf: UART send Data.
*                  size: Data length
* Return         : size: Data length
*******************************************************************************/
int _write(int fd, char *buf, int size)
{
 8001f60:	b5f8      	push	{r3, r4, r5, r6, r7, lr}
 8001f62:	460e      	mov	r6, r1
 8001f64:	4614      	mov	r4, r2
  int i;

  for(i=0; i<size; i++)
 8001f66:	2500      	movs	r5, #0
  {
#if (DEBUG == DEBUG_UART1)
    while (USART_GetFlagStatus(USART1, USART_FLAG_TC) == RESET);
 8001f68:	4f08      	ldr	r7, [pc, #32]	; (8001f8c <_write+0x2c>)
  for(i=0; i<size; i++)
 8001f6a:	42a5      	cmp	r5, r4
 8001f6c:	db01      	blt.n	8001f72 <_write+0x12>
    USART_SendData(USART3, *buf++);
#endif
  }

  return size;
}
 8001f6e:	4620      	mov	r0, r4
 8001f70:	bdf8      	pop	{r3, r4, r5, r6, r7, pc}
    while (USART_GetFlagStatus(USART1, USART_FLAG_TC) == RESET);
 8001f72:	2140      	movs	r1, #64	; 0x40
 8001f74:	4805      	ldr	r0, [pc, #20]	; (8001f8c <_write+0x2c>)
 8001f76:	f7ff ff4f 	bl	8001e18 <USART_GetFlagStatus>
 8001f7a:	2800      	cmp	r0, #0
 8001f7c:	d0f9      	beq.n	8001f72 <_write+0x12>
    USART_SendData(USART1, *buf++);
 8001f7e:	5771      	ldrsb	r1, [r6, r5]
 8001f80:	4638      	mov	r0, r7
 8001f82:	b289      	uxth	r1, r1
 8001f84:	f7ff ff40 	bl	8001e08 <USART_SendData>
  for(i=0; i<size; i++)
 8001f88:	3501      	adds	r5, #1
 8001f8a:	e7ee      	b.n	8001f6a <_write+0xa>
 8001f8c:	40013800 	.word	0x40013800

08001f90 <atoi>:
 8001f90:	220a      	movs	r2, #10
 8001f92:	2100      	movs	r1, #0
 8001f94:	f000 b9d6 	b.w	8002344 <strtol>

08001f98 <memset>:
 8001f98:	4603      	mov	r3, r0
 8001f9a:	4402      	add	r2, r0
 8001f9c:	4293      	cmp	r3, r2
 8001f9e:	d100      	bne.n	8001fa2 <memset+0xa>
 8001fa0:	4770      	bx	lr
 8001fa2:	f803 1b01 	strb.w	r1, [r3], #1
 8001fa6:	e7f9      	b.n	8001f9c <memset+0x4>

08001fa8 <iprintf>:
 8001fa8:	b40f      	push	{r0, r1, r2, r3}
 8001faa:	4b0a      	ldr	r3, [pc, #40]	; (8001fd4 <iprintf+0x2c>)
 8001fac:	b513      	push	{r0, r1, r4, lr}
 8001fae:	681c      	ldr	r4, [r3, #0]
 8001fb0:	b124      	cbz	r4, 8001fbc <iprintf+0x14>
 8001fb2:	69a3      	ldr	r3, [r4, #24]
 8001fb4:	b913      	cbnz	r3, 8001fbc <iprintf+0x14>
 8001fb6:	4620      	mov	r0, r4
 8001fb8:	f000 fbd0 	bl	800275c <__sinit>
 8001fbc:	ab05      	add	r3, sp, #20
 8001fbe:	4620      	mov	r0, r4
 8001fc0:	9a04      	ldr	r2, [sp, #16]
 8001fc2:	68a1      	ldr	r1, [r4, #8]
 8001fc4:	9301      	str	r3, [sp, #4]
 8001fc6:	f001 f8dd 	bl	8003184 <_vfiprintf_r>
 8001fca:	b002      	add	sp, #8
 8001fcc:	e8bd 4010 	ldmia.w	sp!, {r4, lr}
 8001fd0:	b004      	add	sp, #16
 8001fd2:	4770      	bx	lr
 8001fd4:	20000034 	.word	0x20000034

08001fd8 <_puts_r>:
 8001fd8:	b570      	push	{r4, r5, r6, lr}
 8001fda:	460e      	mov	r6, r1
 8001fdc:	4605      	mov	r5, r0
 8001fde:	b118      	cbz	r0, 8001fe8 <_puts_r+0x10>
 8001fe0:	6983      	ldr	r3, [r0, #24]
 8001fe2:	b90b      	cbnz	r3, 8001fe8 <_puts_r+0x10>
 8001fe4:	f000 fbba 	bl	800275c <__sinit>
 8001fe8:	69ab      	ldr	r3, [r5, #24]
 8001fea:	68ac      	ldr	r4, [r5, #8]
 8001fec:	b913      	cbnz	r3, 8001ff4 <_puts_r+0x1c>
 8001fee:	4628      	mov	r0, r5
 8001ff0:	f000 fbb4 	bl	800275c <__sinit>
 8001ff4:	4b2c      	ldr	r3, [pc, #176]	; (80020a8 <_puts_r+0xd0>)
 8001ff6:	429c      	cmp	r4, r3
 8001ff8:	d120      	bne.n	800203c <_puts_r+0x64>
 8001ffa:	686c      	ldr	r4, [r5, #4]
 8001ffc:	6e63      	ldr	r3, [r4, #100]	; 0x64
 8001ffe:	07db      	lsls	r3, r3, #31
 8002000:	d405      	bmi.n	800200e <_puts_r+0x36>
 8002002:	89a3      	ldrh	r3, [r4, #12]
 8002004:	0598      	lsls	r0, r3, #22
 8002006:	d402      	bmi.n	800200e <_puts_r+0x36>
 8002008:	6da0      	ldr	r0, [r4, #88]	; 0x58
 800200a:	f000 fc45 	bl	8002898 <__retarget_lock_acquire_recursive>
 800200e:	89a3      	ldrh	r3, [r4, #12]
 8002010:	0719      	lsls	r1, r3, #28
 8002012:	d51d      	bpl.n	8002050 <_puts_r+0x78>
 8002014:	6923      	ldr	r3, [r4, #16]
 8002016:	b1db      	cbz	r3, 8002050 <_puts_r+0x78>
 8002018:	3e01      	subs	r6, #1
 800201a:	68a3      	ldr	r3, [r4, #8]
 800201c:	f816 1f01 	ldrb.w	r1, [r6, #1]!
 8002020:	3b01      	subs	r3, #1
 8002022:	60a3      	str	r3, [r4, #8]
 8002024:	bb39      	cbnz	r1, 8002076 <_puts_r+0x9e>
 8002026:	2b00      	cmp	r3, #0
 8002028:	da38      	bge.n	800209c <_puts_r+0xc4>
 800202a:	4622      	mov	r2, r4
 800202c:	210a      	movs	r1, #10
 800202e:	4628      	mov	r0, r5
 8002030:	f000 f992 	bl	8002358 <__swbuf_r>
 8002034:	3001      	adds	r0, #1
 8002036:	d011      	beq.n	800205c <_puts_r+0x84>
 8002038:	250a      	movs	r5, #10
 800203a:	e011      	b.n	8002060 <_puts_r+0x88>
 800203c:	4b1b      	ldr	r3, [pc, #108]	; (80020ac <_puts_r+0xd4>)
 800203e:	429c      	cmp	r4, r3
 8002040:	d101      	bne.n	8002046 <_puts_r+0x6e>
 8002042:	68ac      	ldr	r4, [r5, #8]
 8002044:	e7da      	b.n	8001ffc <_puts_r+0x24>
 8002046:	4b1a      	ldr	r3, [pc, #104]	; (80020b0 <_puts_r+0xd8>)
 8002048:	429c      	cmp	r4, r3
 800204a:	bf08      	it	eq
 800204c:	68ec      	ldreq	r4, [r5, #12]
 800204e:	e7d5      	b.n	8001ffc <_puts_r+0x24>
 8002050:	4621      	mov	r1, r4
 8002052:	4628      	mov	r0, r5
 8002054:	f000 f9e4 	bl	8002420 <__swsetup_r>
 8002058:	2800      	cmp	r0, #0
 800205a:	d0dd      	beq.n	8002018 <_puts_r+0x40>
 800205c:	f04f 35ff 	mov.w	r5, #4294967295
 8002060:	6e63      	ldr	r3, [r4, #100]	; 0x64
 8002062:	07da      	lsls	r2, r3, #31
 8002064:	d405      	bmi.n	8002072 <_puts_r+0x9a>
 8002066:	89a3      	ldrh	r3, [r4, #12]
 8002068:	059b      	lsls	r3, r3, #22
 800206a:	d402      	bmi.n	8002072 <_puts_r+0x9a>
 800206c:	6da0      	ldr	r0, [r4, #88]	; 0x58
 800206e:	f000 fc14 	bl	800289a <__retarget_lock_release_recursive>
 8002072:	4628      	mov	r0, r5
 8002074:	bd70      	pop	{r4, r5, r6, pc}
 8002076:	2b00      	cmp	r3, #0
 8002078:	da04      	bge.n	8002084 <_puts_r+0xac>
 800207a:	69a2      	ldr	r2, [r4, #24]
 800207c:	429a      	cmp	r2, r3
 800207e:	dc06      	bgt.n	800208e <_puts_r+0xb6>
 8002080:	290a      	cmp	r1, #10
 8002082:	d004      	beq.n	800208e <_puts_r+0xb6>
 8002084:	6823      	ldr	r3, [r4, #0]
 8002086:	1c5a      	adds	r2, r3, #1
 8002088:	6022      	str	r2, [r4, #0]
 800208a:	7019      	strb	r1, [r3, #0]
 800208c:	e7c5      	b.n	800201a <_puts_r+0x42>
 800208e:	4622      	mov	r2, r4
 8002090:	4628      	mov	r0, r5
 8002092:	f000 f961 	bl	8002358 <__swbuf_r>
 8002096:	3001      	adds	r0, #1
 8002098:	d1bf      	bne.n	800201a <_puts_r+0x42>
 800209a:	e7df      	b.n	800205c <_puts_r+0x84>
 800209c:	250a      	movs	r5, #10
 800209e:	6823      	ldr	r3, [r4, #0]
 80020a0:	1c5a      	adds	r2, r3, #1
 80020a2:	6022      	str	r2, [r4, #0]
 80020a4:	701d      	strb	r5, [r3, #0]
 80020a6:	e7db      	b.n	8002060 <_puts_r+0x88>
 80020a8:	0800402c 	.word	0x0800402c
 80020ac:	0800404c 	.word	0x0800404c
 80020b0:	0800400c 	.word	0x0800400c

080020b4 <puts>:
 80020b4:	4b02      	ldr	r3, [pc, #8]	; (80020c0 <puts+0xc>)
 80020b6:	4601      	mov	r1, r0
 80020b8:	6818      	ldr	r0, [r3, #0]
 80020ba:	f7ff bf8d 	b.w	8001fd8 <_puts_r>
 80020be:	bf00      	nop
 80020c0:	20000034 	.word	0x20000034

080020c4 <siprintf>:
 80020c4:	b40e      	push	{r1, r2, r3}
 80020c6:	f06f 4100 	mvn.w	r1, #2147483648	; 0x80000000
 80020ca:	b500      	push	{lr}
 80020cc:	b09c      	sub	sp, #112	; 0x70
 80020ce:	ab1d      	add	r3, sp, #116	; 0x74
 80020d0:	9002      	str	r0, [sp, #8]
 80020d2:	9006      	str	r0, [sp, #24]
 80020d4:	9107      	str	r1, [sp, #28]
 80020d6:	9104      	str	r1, [sp, #16]
 80020d8:	4808      	ldr	r0, [pc, #32]	; (80020fc <siprintf+0x38>)
 80020da:	4909      	ldr	r1, [pc, #36]	; (8002100 <siprintf+0x3c>)
 80020dc:	f853 2b04 	ldr.w	r2, [r3], #4
 80020e0:	9105      	str	r1, [sp, #20]
 80020e2:	6800      	ldr	r0, [r0, #0]
 80020e4:	a902      	add	r1, sp, #8
 80020e6:	9301      	str	r3, [sp, #4]
 80020e8:	f000 fd50 	bl	8002b8c <_svfiprintf_r>
 80020ec:	2200      	movs	r2, #0
 80020ee:	9b02      	ldr	r3, [sp, #8]
 80020f0:	701a      	strb	r2, [r3, #0]
 80020f2:	b01c      	add	sp, #112	; 0x70
 80020f4:	f85d eb04 	ldr.w	lr, [sp], #4
 80020f8:	b003      	add	sp, #12
 80020fa:	4770      	bx	lr
 80020fc:	20000034 	.word	0x20000034
 8002100:	ffff0208 	.word	0xffff0208

08002104 <siscanf>:
 8002104:	b40e      	push	{r1, r2, r3}
 8002106:	f44f 7201 	mov.w	r2, #516	; 0x204
 800210a:	b530      	push	{r4, r5, lr}
 800210c:	b09c      	sub	sp, #112	; 0x70
 800210e:	ac1f      	add	r4, sp, #124	; 0x7c
 8002110:	f854 5b04 	ldr.w	r5, [r4], #4
 8002114:	f8ad 2014 	strh.w	r2, [sp, #20]
 8002118:	9002      	str	r0, [sp, #8]
 800211a:	9006      	str	r0, [sp, #24]
 800211c:	f7fe fbd6 	bl	80008cc <strlen>
 8002120:	4b0b      	ldr	r3, [pc, #44]	; (8002150 <siscanf+0x4c>)
 8002122:	9003      	str	r0, [sp, #12]
 8002124:	930b      	str	r3, [sp, #44]	; 0x2c
 8002126:	2300      	movs	r3, #0
 8002128:	930f      	str	r3, [sp, #60]	; 0x3c
 800212a:	9314      	str	r3, [sp, #80]	; 0x50
 800212c:	f64f 73ff 	movw	r3, #65535	; 0xffff
 8002130:	9007      	str	r0, [sp, #28]
 8002132:	4808      	ldr	r0, [pc, #32]	; (8002154 <siscanf+0x50>)
 8002134:	f8ad 3016 	strh.w	r3, [sp, #22]
 8002138:	462a      	mov	r2, r5
 800213a:	4623      	mov	r3, r4
 800213c:	a902      	add	r1, sp, #8
 800213e:	6800      	ldr	r0, [r0, #0]
 8002140:	9401      	str	r4, [sp, #4]
 8002142:	f000 fe7d 	bl	8002e40 <__ssvfiscanf_r>
 8002146:	b01c      	add	sp, #112	; 0x70
 8002148:	e8bd 4030 	ldmia.w	sp!, {r4, r5, lr}
 800214c:	b003      	add	sp, #12
 800214e:	4770      	bx	lr
 8002150:	0800217b 	.word	0x0800217b
 8002154:	20000034 	.word	0x20000034

08002158 <__sread>:
 8002158:	b510      	push	{r4, lr}
 800215a:	460c      	mov	r4, r1
 800215c:	f9b1 100e 	ldrsh.w	r1, [r1, #14]
 8002160:	f001 fc20 	bl	80039a4 <_read_r>
 8002164:	2800      	cmp	r0, #0
 8002166:	bfab      	itete	ge
 8002168:	6d63      	ldrge	r3, [r4, #84]	; 0x54
 800216a:	89a3      	ldrhlt	r3, [r4, #12]
 800216c:	181b      	addge	r3, r3, r0
 800216e:	f423 5380 	biclt.w	r3, r3, #4096	; 0x1000
 8002172:	bfac      	ite	ge
 8002174:	6563      	strge	r3, [r4, #84]	; 0x54
 8002176:	81a3      	strhlt	r3, [r4, #12]
 8002178:	bd10      	pop	{r4, pc}

0800217a <__seofread>:
 800217a:	2000      	movs	r0, #0
 800217c:	4770      	bx	lr

0800217e <__swrite>:
 800217e:	e92d 41f0 	stmdb	sp!, {r4, r5, r6, r7, r8, lr}
 8002182:	461f      	mov	r7, r3
 8002184:	898b      	ldrh	r3, [r1, #12]
 8002186:	4605      	mov	r5, r0
 8002188:	05db      	lsls	r3, r3, #23
 800218a:	460c      	mov	r4, r1
 800218c:	4616      	mov	r6, r2
 800218e:	d505      	bpl.n	800219c <__swrite+0x1e>
 8002190:	2302      	movs	r3, #2
 8002192:	2200      	movs	r2, #0
 8002194:	f9b1 100e 	ldrsh.w	r1, [r1, #14]
 8002198:	f000 fb80 	bl	800289c <_lseek_r>
 800219c:	89a3      	ldrh	r3, [r4, #12]
 800219e:	4632      	mov	r2, r6
 80021a0:	f423 5380 	bic.w	r3, r3, #4096	; 0x1000
 80021a4:	81a3      	strh	r3, [r4, #12]
 80021a6:	4628      	mov	r0, r5
 80021a8:	463b      	mov	r3, r7
 80021aa:	f9b4 100e 	ldrsh.w	r1, [r4, #14]
 80021ae:	e8bd 41f0 	ldmia.w	sp!, {r4, r5, r6, r7, r8, lr}
 80021b2:	f000 b923 	b.w	80023fc <_write_r>

080021b6 <__sseek>:
 80021b6:	b510      	push	{r4, lr}
 80021b8:	460c      	mov	r4, r1
 80021ba:	f9b1 100e 	ldrsh.w	r1, [r1, #14]
 80021be:	f000 fb6d 	bl	800289c <_lseek_r>
 80021c2:	1c43      	adds	r3, r0, #1
 80021c4:	89a3      	ldrh	r3, [r4, #12]
 80021c6:	bf15      	itete	ne
 80021c8:	6560      	strne	r0, [r4, #84]	; 0x54
 80021ca:	f423 5380 	biceq.w	r3, r3, #4096	; 0x1000
 80021ce:	f443 5380 	orrne.w	r3, r3, #4096	; 0x1000
 80021d2:	81a3      	strheq	r3, [r4, #12]
 80021d4:	bf18      	it	ne
 80021d6:	81a3      	strhne	r3, [r4, #12]
 80021d8:	bd10      	pop	{r4, pc}

080021da <__sclose>:
 80021da:	f9b1 100e 	ldrsh.w	r1, [r1, #14]
 80021de:	f000 b98d 	b.w	80024fc <_close_r>

080021e2 <strncmp>:
 80021e2:	b510      	push	{r4, lr}
 80021e4:	b16a      	cbz	r2, 8002202 <strncmp+0x20>
 80021e6:	3901      	subs	r1, #1
 80021e8:	1884      	adds	r4, r0, r2
 80021ea:	f810 3b01 	ldrb.w	r3, [r0], #1
 80021ee:	f811 2f01 	ldrb.w	r2, [r1, #1]!
 80021f2:	4293      	cmp	r3, r2
 80021f4:	d103      	bne.n	80021fe <strncmp+0x1c>
 80021f6:	42a0      	cmp	r0, r4
 80021f8:	d001      	beq.n	80021fe <strncmp+0x1c>
 80021fa:	2b00      	cmp	r3, #0
 80021fc:	d1f5      	bne.n	80021ea <strncmp+0x8>
 80021fe:	1a98      	subs	r0, r3, r2
 8002200:	bd10      	pop	{r4, pc}
 8002202:	4610      	mov	r0, r2
 8002204:	e7fc      	b.n	8002200 <strncmp+0x1e>

08002206 <strstr>:
 8002206:	b5f0      	push	{r4, r5, r6, r7, lr}
 8002208:	780c      	ldrb	r4, [r1, #0]
 800220a:	b164      	cbz	r4, 8002226 <strstr+0x20>
 800220c:	4603      	mov	r3, r0
 800220e:	781a      	ldrb	r2, [r3, #0]
 8002210:	4618      	mov	r0, r3
 8002212:	1c5e      	adds	r6, r3, #1
 8002214:	b90a      	cbnz	r2, 800221a <strstr+0x14>
 8002216:	4610      	mov	r0, r2
 8002218:	e005      	b.n	8002226 <strstr+0x20>
 800221a:	4294      	cmp	r4, r2
 800221c:	d108      	bne.n	8002230 <strstr+0x2a>
 800221e:	460d      	mov	r5, r1
 8002220:	f815 2f01 	ldrb.w	r2, [r5, #1]!
 8002224:	b902      	cbnz	r2, 8002228 <strstr+0x22>
 8002226:	bdf0      	pop	{r4, r5, r6, r7, pc}
 8002228:	f813 7f01 	ldrb.w	r7, [r3, #1]!
 800222c:	4297      	cmp	r7, r2
 800222e:	d0f7      	beq.n	8002220 <strstr+0x1a>
 8002230:	4633      	mov	r3, r6
 8002232:	e7ec      	b.n	800220e <strstr+0x8>

08002234 <_strtol_l.isra.0>:
 8002234:	2b01      	cmp	r3, #1
 8002236:	e92d 47f0 	stmdb	sp!, {r4, r5, r6, r7, r8, r9, sl, lr}
 800223a:	4686      	mov	lr, r0
 800223c:	d001      	beq.n	8002242 <_strtol_l.isra.0+0xe>
 800223e:	2b24      	cmp	r3, #36	; 0x24
 8002240:	d906      	bls.n	8002250 <_strtol_l.isra.0+0x1c>
 8002242:	f000 f96b 	bl	800251c <__errno>
 8002246:	2316      	movs	r3, #22
 8002248:	6003      	str	r3, [r0, #0]
 800224a:	2000      	movs	r0, #0
 800224c:	e8bd 87f0 	ldmia.w	sp!, {r4, r5, r6, r7, r8, r9, sl, pc}
 8002250:	468c      	mov	ip, r1
 8002252:	4e3a      	ldr	r6, [pc, #232]	; (800233c <_strtol_l.isra.0+0x108>)
 8002254:	4660      	mov	r0, ip
 8002256:	f81c 4b01 	ldrb.w	r4, [ip], #1
 800225a:	5da5      	ldrb	r5, [r4, r6]
 800225c:	f015 0508 	ands.w	r5, r5, #8
 8002260:	d1f8      	bne.n	8002254 <_strtol_l.isra.0+0x20>
 8002262:	2c2d      	cmp	r4, #45	; 0x2d
 8002264:	d133      	bne.n	80022ce <_strtol_l.isra.0+0x9a>
 8002266:	f04f 0801 	mov.w	r8, #1
 800226a:	f89c 4000 	ldrb.w	r4, [ip]
 800226e:	f100 0c02 	add.w	ip, r0, #2
 8002272:	2b00      	cmp	r3, #0
 8002274:	d05d      	beq.n	8002332 <_strtol_l.isra.0+0xfe>
 8002276:	2b10      	cmp	r3, #16
 8002278:	d10c      	bne.n	8002294 <_strtol_l.isra.0+0x60>
 800227a:	2c30      	cmp	r4, #48	; 0x30
 800227c:	d10a      	bne.n	8002294 <_strtol_l.isra.0+0x60>
 800227e:	f89c 0000 	ldrb.w	r0, [ip]
 8002282:	f000 00df 	and.w	r0, r0, #223	; 0xdf
 8002286:	2858      	cmp	r0, #88	; 0x58
 8002288:	d14e      	bne.n	8002328 <_strtol_l.isra.0+0xf4>
 800228a:	2310      	movs	r3, #16
 800228c:	f89c 4001 	ldrb.w	r4, [ip, #1]
 8002290:	f10c 0c02 	add.w	ip, ip, #2
 8002294:	2500      	movs	r5, #0
 8002296:	f108 4700 	add.w	r7, r8, #2147483648	; 0x80000000
 800229a:	3f01      	subs	r7, #1
 800229c:	fbb7 f9f3 	udiv	r9, r7, r3
 80022a0:	4628      	mov	r0, r5
 80022a2:	fb03 7a19 	mls	sl, r3, r9, r7
 80022a6:	f1a4 0630 	sub.w	r6, r4, #48	; 0x30
 80022aa:	2e09      	cmp	r6, #9
 80022ac:	d818      	bhi.n	80022e0 <_strtol_l.isra.0+0xac>
 80022ae:	4634      	mov	r4, r6
 80022b0:	42a3      	cmp	r3, r4
 80022b2:	dd24      	ble.n	80022fe <_strtol_l.isra.0+0xca>
 80022b4:	2d00      	cmp	r5, #0
 80022b6:	db1f      	blt.n	80022f8 <_strtol_l.isra.0+0xc4>
 80022b8:	4581      	cmp	r9, r0
 80022ba:	d31d      	bcc.n	80022f8 <_strtol_l.isra.0+0xc4>
 80022bc:	d101      	bne.n	80022c2 <_strtol_l.isra.0+0x8e>
 80022be:	45a2      	cmp	sl, r4
 80022c0:	db1a      	blt.n	80022f8 <_strtol_l.isra.0+0xc4>
 80022c2:	2501      	movs	r5, #1
 80022c4:	fb00 4003 	mla	r0, r0, r3, r4
 80022c8:	f81c 4b01 	ldrb.w	r4, [ip], #1
 80022cc:	e7eb      	b.n	80022a6 <_strtol_l.isra.0+0x72>
 80022ce:	2c2b      	cmp	r4, #43	; 0x2b
 80022d0:	bf08      	it	eq
 80022d2:	f89c 4000 	ldrbeq.w	r4, [ip]
 80022d6:	46a8      	mov	r8, r5
 80022d8:	bf08      	it	eq
 80022da:	f100 0c02 	addeq.w	ip, r0, #2
 80022de:	e7c8      	b.n	8002272 <_strtol_l.isra.0+0x3e>
 80022e0:	f1a4 0641 	sub.w	r6, r4, #65	; 0x41
 80022e4:	2e19      	cmp	r6, #25
 80022e6:	d801      	bhi.n	80022ec <_strtol_l.isra.0+0xb8>
 80022e8:	3c37      	subs	r4, #55	; 0x37
 80022ea:	e7e1      	b.n	80022b0 <_strtol_l.isra.0+0x7c>
 80022ec:	f1a4 0661 	sub.w	r6, r4, #97	; 0x61
 80022f0:	2e19      	cmp	r6, #25
 80022f2:	d804      	bhi.n	80022fe <_strtol_l.isra.0+0xca>
 80022f4:	3c57      	subs	r4, #87	; 0x57
 80022f6:	e7db      	b.n	80022b0 <_strtol_l.isra.0+0x7c>
 80022f8:	f04f 35ff 	mov.w	r5, #4294967295
 80022fc:	e7e4      	b.n	80022c8 <_strtol_l.isra.0+0x94>
 80022fe:	2d00      	cmp	r5, #0
 8002300:	da08      	bge.n	8002314 <_strtol_l.isra.0+0xe0>
 8002302:	2322      	movs	r3, #34	; 0x22
 8002304:	4638      	mov	r0, r7
 8002306:	f8ce 3000 	str.w	r3, [lr]
 800230a:	2a00      	cmp	r2, #0
 800230c:	d09e      	beq.n	800224c <_strtol_l.isra.0+0x18>
 800230e:	f10c 31ff 	add.w	r1, ip, #4294967295
 8002312:	e007      	b.n	8002324 <_strtol_l.isra.0+0xf0>
 8002314:	f1b8 0f00 	cmp.w	r8, #0
 8002318:	d000      	beq.n	800231c <_strtol_l.isra.0+0xe8>
 800231a:	4240      	negs	r0, r0
 800231c:	2a00      	cmp	r2, #0
 800231e:	d095      	beq.n	800224c <_strtol_l.isra.0+0x18>
 8002320:	2d00      	cmp	r5, #0
 8002322:	d1f4      	bne.n	800230e <_strtol_l.isra.0+0xda>
 8002324:	6011      	str	r1, [r2, #0]
 8002326:	e791      	b.n	800224c <_strtol_l.isra.0+0x18>
 8002328:	2430      	movs	r4, #48	; 0x30
 800232a:	2b00      	cmp	r3, #0
 800232c:	d1b2      	bne.n	8002294 <_strtol_l.isra.0+0x60>
 800232e:	2308      	movs	r3, #8
 8002330:	e7b0      	b.n	8002294 <_strtol_l.isra.0+0x60>
 8002332:	2c30      	cmp	r4, #48	; 0x30
 8002334:	d0a3      	beq.n	800227e <_strtol_l.isra.0+0x4a>
 8002336:	230a      	movs	r3, #10
 8002338:	e7ac      	b.n	8002294 <_strtol_l.isra.0+0x60>
 800233a:	bf00      	nop
 800233c:	08003f09 	.word	0x08003f09

08002340 <_strtol_r>:
 8002340:	f7ff bf78 	b.w	8002234 <_strtol_l.isra.0>

08002344 <strtol>:
 8002344:	4613      	mov	r3, r2
 8002346:	460a      	mov	r2, r1
 8002348:	4601      	mov	r1, r0
 800234a:	4802      	ldr	r0, [pc, #8]	; (8002354 <strtol+0x10>)
 800234c:	6800      	ldr	r0, [r0, #0]
 800234e:	f7ff bf71 	b.w	8002234 <_strtol_l.isra.0>
 8002352:	bf00      	nop
 8002354:	20000034 	.word	0x20000034

08002358 <__swbuf_r>:
 8002358:	b5f8      	push	{r3, r4, r5, r6, r7, lr}
 800235a:	460e      	mov	r6, r1
 800235c:	4614      	mov	r4, r2
 800235e:	4605      	mov	r5, r0
 8002360:	b118      	cbz	r0, 800236a <__swbuf_r+0x12>
 8002362:	6983      	ldr	r3, [r0, #24]
 8002364:	b90b      	cbnz	r3, 800236a <__swbuf_r+0x12>
 8002366:	f000 f9f9 	bl	800275c <__sinit>
 800236a:	4b21      	ldr	r3, [pc, #132]	; (80023f0 <__swbuf_r+0x98>)
 800236c:	429c      	cmp	r4, r3
 800236e:	d12b      	bne.n	80023c8 <__swbuf_r+0x70>
 8002370:	686c      	ldr	r4, [r5, #4]
 8002372:	69a3      	ldr	r3, [r4, #24]
 8002374:	60a3      	str	r3, [r4, #8]
 8002376:	89a3      	ldrh	r3, [r4, #12]
 8002378:	071a      	lsls	r2, r3, #28
 800237a:	d52f      	bpl.n	80023dc <__swbuf_r+0x84>
 800237c:	6923      	ldr	r3, [r4, #16]
 800237e:	b36b      	cbz	r3, 80023dc <__swbuf_r+0x84>
 8002380:	6923      	ldr	r3, [r4, #16]
 8002382:	6820      	ldr	r0, [r4, #0]
 8002384:	b2f6      	uxtb	r6, r6
 8002386:	1ac0      	subs	r0, r0, r3
 8002388:	6963      	ldr	r3, [r4, #20]
 800238a:	4637      	mov	r7, r6
 800238c:	4283      	cmp	r3, r0
 800238e:	dc04      	bgt.n	800239a <__swbuf_r+0x42>
 8002390:	4621      	mov	r1, r4
 8002392:	4628      	mov	r0, r5
 8002394:	f000 f94e 	bl	8002634 <_fflush_r>
 8002398:	bb30      	cbnz	r0, 80023e8 <__swbuf_r+0x90>
 800239a:	68a3      	ldr	r3, [r4, #8]
 800239c:	3001      	adds	r0, #1
 800239e:	3b01      	subs	r3, #1
 80023a0:	60a3      	str	r3, [r4, #8]
 80023a2:	6823      	ldr	r3, [r4, #0]
 80023a4:	1c5a      	adds	r2, r3, #1
 80023a6:	6022      	str	r2, [r4, #0]
 80023a8:	701e      	strb	r6, [r3, #0]
 80023aa:	6963      	ldr	r3, [r4, #20]
 80023ac:	4283      	cmp	r3, r0
 80023ae:	d004      	beq.n	80023ba <__swbuf_r+0x62>
 80023b0:	89a3      	ldrh	r3, [r4, #12]
 80023b2:	07db      	lsls	r3, r3, #31
 80023b4:	d506      	bpl.n	80023c4 <__swbuf_r+0x6c>
 80023b6:	2e0a      	cmp	r6, #10
 80023b8:	d104      	bne.n	80023c4 <__swbuf_r+0x6c>
 80023ba:	4621      	mov	r1, r4
 80023bc:	4628      	mov	r0, r5
 80023be:	f000 f939 	bl	8002634 <_fflush_r>
 80023c2:	b988      	cbnz	r0, 80023e8 <__swbuf_r+0x90>
 80023c4:	4638      	mov	r0, r7
 80023c6:	bdf8      	pop	{r3, r4, r5, r6, r7, pc}
 80023c8:	4b0a      	ldr	r3, [pc, #40]	; (80023f4 <__swbuf_r+0x9c>)
 80023ca:	429c      	cmp	r4, r3
 80023cc:	d101      	bne.n	80023d2 <__swbuf_r+0x7a>
 80023ce:	68ac      	ldr	r4, [r5, #8]
 80023d0:	e7cf      	b.n	8002372 <__swbuf_r+0x1a>
 80023d2:	4b09      	ldr	r3, [pc, #36]	; (80023f8 <__swbuf_r+0xa0>)
 80023d4:	429c      	cmp	r4, r3
 80023d6:	bf08      	it	eq
 80023d8:	68ec      	ldreq	r4, [r5, #12]
 80023da:	e7ca      	b.n	8002372 <__swbuf_r+0x1a>
 80023dc:	4621      	mov	r1, r4
 80023de:	4628      	mov	r0, r5
 80023e0:	f000 f81e 	bl	8002420 <__swsetup_r>
 80023e4:	2800      	cmp	r0, #0
 80023e6:	d0cb      	beq.n	8002380 <__swbuf_r+0x28>
 80023e8:	f04f 37ff 	mov.w	r7, #4294967295
 80023ec:	e7ea      	b.n	80023c4 <__swbuf_r+0x6c>
 80023ee:	bf00      	nop
 80023f0:	0800402c 	.word	0x0800402c
 80023f4:	0800404c 	.word	0x0800404c
 80023f8:	0800400c 	.word	0x0800400c

080023fc <_write_r>:
 80023fc:	b538      	push	{r3, r4, r5, lr}
 80023fe:	4604      	mov	r4, r0
 8002400:	4608      	mov	r0, r1
 8002402:	4611      	mov	r1, r2
 8002404:	2200      	movs	r2, #0
 8002406:	4d05      	ldr	r5, [pc, #20]	; (800241c <_write_r+0x20>)
 8002408:	602a      	str	r2, [r5, #0]
 800240a:	461a      	mov	r2, r3
 800240c:	f7ff fda8 	bl	8001f60 <_write>
 8002410:	1c43      	adds	r3, r0, #1
 8002412:	d102      	bne.n	800241a <_write_r+0x1e>
 8002414:	682b      	ldr	r3, [r5, #0]
 8002416:	b103      	cbz	r3, 800241a <_write_r+0x1e>
 8002418:	6023      	str	r3, [r4, #0]
 800241a:	bd38      	pop	{r3, r4, r5, pc}
 800241c:	200002ec 	.word	0x200002ec

08002420 <__swsetup_r>:
 8002420:	4b32      	ldr	r3, [pc, #200]	; (80024ec <__swsetup_r+0xcc>)
 8002422:	b570      	push	{r4, r5, r6, lr}
 8002424:	681d      	ldr	r5, [r3, #0]
 8002426:	4606      	mov	r6, r0
 8002428:	460c      	mov	r4, r1
 800242a:	b125      	cbz	r5, 8002436 <__swsetup_r+0x16>
 800242c:	69ab      	ldr	r3, [r5, #24]
 800242e:	b913      	cbnz	r3, 8002436 <__swsetup_r+0x16>
 8002430:	4628      	mov	r0, r5
 8002432:	f000 f993 	bl	800275c <__sinit>
 8002436:	4b2e      	ldr	r3, [pc, #184]	; (80024f0 <__swsetup_r+0xd0>)
 8002438:	429c      	cmp	r4, r3
 800243a:	d10f      	bne.n	800245c <__swsetup_r+0x3c>
 800243c:	686c      	ldr	r4, [r5, #4]
 800243e:	89a3      	ldrh	r3, [r4, #12]
 8002440:	f9b4 200c 	ldrsh.w	r2, [r4, #12]
 8002444:	0719      	lsls	r1, r3, #28
 8002446:	d42c      	bmi.n	80024a2 <__swsetup_r+0x82>
 8002448:	06dd      	lsls	r5, r3, #27
 800244a:	d411      	bmi.n	8002470 <__swsetup_r+0x50>
 800244c:	2309      	movs	r3, #9
 800244e:	6033      	str	r3, [r6, #0]
 8002450:	f042 0340 	orr.w	r3, r2, #64	; 0x40
 8002454:	f04f 30ff 	mov.w	r0, #4294967295
 8002458:	81a3      	strh	r3, [r4, #12]
 800245a:	e03e      	b.n	80024da <__swsetup_r+0xba>
 800245c:	4b25      	ldr	r3, [pc, #148]	; (80024f4 <__swsetup_r+0xd4>)
 800245e:	429c      	cmp	r4, r3
 8002460:	d101      	bne.n	8002466 <__swsetup_r+0x46>
 8002462:	68ac      	ldr	r4, [r5, #8]
 8002464:	e7eb      	b.n	800243e <__swsetup_r+0x1e>
 8002466:	4b24      	ldr	r3, [pc, #144]	; (80024f8 <__swsetup_r+0xd8>)
 8002468:	429c      	cmp	r4, r3
 800246a:	bf08      	it	eq
 800246c:	68ec      	ldreq	r4, [r5, #12]
 800246e:	e7e6      	b.n	800243e <__swsetup_r+0x1e>
 8002470:	0758      	lsls	r0, r3, #29
 8002472:	d512      	bpl.n	800249a <__swsetup_r+0x7a>
 8002474:	6b61      	ldr	r1, [r4, #52]	; 0x34
 8002476:	b141      	cbz	r1, 800248a <__swsetup_r+0x6a>
 8002478:	f104 0344 	add.w	r3, r4, #68	; 0x44
 800247c:	4299      	cmp	r1, r3
 800247e:	d002      	beq.n	8002486 <__swsetup_r+0x66>
 8002480:	4630      	mov	r0, r6
 8002482:	f000 fa81 	bl	8002988 <_free_r>
 8002486:	2300      	movs	r3, #0
 8002488:	6363      	str	r3, [r4, #52]	; 0x34
 800248a:	89a3      	ldrh	r3, [r4, #12]
 800248c:	f023 0324 	bic.w	r3, r3, #36	; 0x24
 8002490:	81a3      	strh	r3, [r4, #12]
 8002492:	2300      	movs	r3, #0
 8002494:	6063      	str	r3, [r4, #4]
 8002496:	6923      	ldr	r3, [r4, #16]
 8002498:	6023      	str	r3, [r4, #0]
 800249a:	89a3      	ldrh	r3, [r4, #12]
 800249c:	f043 0308 	orr.w	r3, r3, #8
 80024a0:	81a3      	strh	r3, [r4, #12]
 80024a2:	6923      	ldr	r3, [r4, #16]
 80024a4:	b94b      	cbnz	r3, 80024ba <__swsetup_r+0x9a>
 80024a6:	89a3      	ldrh	r3, [r4, #12]
 80024a8:	f403 7320 	and.w	r3, r3, #640	; 0x280
 80024ac:	f5b3 7f00 	cmp.w	r3, #512	; 0x200
 80024b0:	d003      	beq.n	80024ba <__swsetup_r+0x9a>
 80024b2:	4621      	mov	r1, r4
 80024b4:	4630      	mov	r0, r6
 80024b6:	f000 fa27 	bl	8002908 <__smakebuf_r>
 80024ba:	89a0      	ldrh	r0, [r4, #12]
 80024bc:	f9b4 200c 	ldrsh.w	r2, [r4, #12]
 80024c0:	f010 0301 	ands.w	r3, r0, #1
 80024c4:	d00a      	beq.n	80024dc <__swsetup_r+0xbc>
 80024c6:	2300      	movs	r3, #0
 80024c8:	60a3      	str	r3, [r4, #8]
 80024ca:	6963      	ldr	r3, [r4, #20]
 80024cc:	425b      	negs	r3, r3
 80024ce:	61a3      	str	r3, [r4, #24]
 80024d0:	6923      	ldr	r3, [r4, #16]
 80024d2:	b943      	cbnz	r3, 80024e6 <__swsetup_r+0xc6>
 80024d4:	f010 0080 	ands.w	r0, r0, #128	; 0x80
 80024d8:	d1ba      	bne.n	8002450 <__swsetup_r+0x30>
 80024da:	bd70      	pop	{r4, r5, r6, pc}
 80024dc:	0781      	lsls	r1, r0, #30
 80024de:	bf58      	it	pl
 80024e0:	6963      	ldrpl	r3, [r4, #20]
 80024e2:	60a3      	str	r3, [r4, #8]
 80024e4:	e7f4      	b.n	80024d0 <__swsetup_r+0xb0>
 80024e6:	2000      	movs	r0, #0
 80024e8:	e7f7      	b.n	80024da <__swsetup_r+0xba>
 80024ea:	bf00      	nop
 80024ec:	20000034 	.word	0x20000034
 80024f0:	0800402c 	.word	0x0800402c
 80024f4:	0800404c 	.word	0x0800404c
 80024f8:	0800400c 	.word	0x0800400c

080024fc <_close_r>:
 80024fc:	b538      	push	{r3, r4, r5, lr}
 80024fe:	2300      	movs	r3, #0
 8002500:	4d05      	ldr	r5, [pc, #20]	; (8002518 <_close_r+0x1c>)
 8002502:	4604      	mov	r4, r0
 8002504:	4608      	mov	r0, r1
 8002506:	602b      	str	r3, [r5, #0]
 8002508:	f001 fbf0 	bl	8003cec <_close>
 800250c:	1c43      	adds	r3, r0, #1
 800250e:	d102      	bne.n	8002516 <_close_r+0x1a>
 8002510:	682b      	ldr	r3, [r5, #0]
 8002512:	b103      	cbz	r3, 8002516 <_close_r+0x1a>
 8002514:	6023      	str	r3, [r4, #0]
 8002516:	bd38      	pop	{r3, r4, r5, pc}
 8002518:	200002ec 	.word	0x200002ec

0800251c <__errno>:
 800251c:	4b01      	ldr	r3, [pc, #4]	; (8002524 <__errno+0x8>)
 800251e:	6818      	ldr	r0, [r3, #0]
 8002520:	4770      	bx	lr
 8002522:	bf00      	nop
 8002524:	20000034 	.word	0x20000034

08002528 <__sflush_r>:
 8002528:	898a      	ldrh	r2, [r1, #12]
 800252a:	e92d 41f0 	stmdb	sp!, {r4, r5, r6, r7, r8, lr}
 800252e:	4605      	mov	r5, r0
 8002530:	0710      	lsls	r0, r2, #28
 8002532:	460c      	mov	r4, r1
 8002534:	d458      	bmi.n	80025e8 <__sflush_r+0xc0>
 8002536:	684b      	ldr	r3, [r1, #4]
 8002538:	2b00      	cmp	r3, #0
 800253a:	dc05      	bgt.n	8002548 <__sflush_r+0x20>
 800253c:	6c0b      	ldr	r3, [r1, #64]	; 0x40
 800253e:	2b00      	cmp	r3, #0
 8002540:	dc02      	bgt.n	8002548 <__sflush_r+0x20>
 8002542:	2000      	movs	r0, #0
 8002544:	e8bd 81f0 	ldmia.w	sp!, {r4, r5, r6, r7, r8, pc}
 8002548:	6ae6      	ldr	r6, [r4, #44]	; 0x2c
 800254a:	2e00      	cmp	r6, #0
 800254c:	d0f9      	beq.n	8002542 <__sflush_r+0x1a>
 800254e:	2300      	movs	r3, #0
 8002550:	f412 5280 	ands.w	r2, r2, #4096	; 0x1000
 8002554:	682f      	ldr	r7, [r5, #0]
 8002556:	602b      	str	r3, [r5, #0]
 8002558:	d032      	beq.n	80025c0 <__sflush_r+0x98>
 800255a:	6d60      	ldr	r0, [r4, #84]	; 0x54
 800255c:	89a3      	ldrh	r3, [r4, #12]
 800255e:	075a      	lsls	r2, r3, #29
 8002560:	d505      	bpl.n	800256e <__sflush_r+0x46>
 8002562:	6863      	ldr	r3, [r4, #4]
 8002564:	1ac0      	subs	r0, r0, r3
 8002566:	6b63      	ldr	r3, [r4, #52]	; 0x34
 8002568:	b10b      	cbz	r3, 800256e <__sflush_r+0x46>
 800256a:	6c23      	ldr	r3, [r4, #64]	; 0x40
 800256c:	1ac0      	subs	r0, r0, r3
 800256e:	2300      	movs	r3, #0
 8002570:	4602      	mov	r2, r0
 8002572:	6ae6      	ldr	r6, [r4, #44]	; 0x2c
 8002574:	4628      	mov	r0, r5
 8002576:	6a21      	ldr	r1, [r4, #32]
 8002578:	47b0      	blx	r6
 800257a:	1c43      	adds	r3, r0, #1
 800257c:	89a3      	ldrh	r3, [r4, #12]
 800257e:	d106      	bne.n	800258e <__sflush_r+0x66>
 8002580:	6829      	ldr	r1, [r5, #0]
 8002582:	291d      	cmp	r1, #29
 8002584:	d82c      	bhi.n	80025e0 <__sflush_r+0xb8>
 8002586:	4a2a      	ldr	r2, [pc, #168]	; (8002630 <__sflush_r+0x108>)
 8002588:	40ca      	lsrs	r2, r1
 800258a:	07d6      	lsls	r6, r2, #31
 800258c:	d528      	bpl.n	80025e0 <__sflush_r+0xb8>
 800258e:	2200      	movs	r2, #0
 8002590:	6062      	str	r2, [r4, #4]
 8002592:	6922      	ldr	r2, [r4, #16]
 8002594:	04d9      	lsls	r1, r3, #19
 8002596:	6022      	str	r2, [r4, #0]
 8002598:	d504      	bpl.n	80025a4 <__sflush_r+0x7c>
 800259a:	1c42      	adds	r2, r0, #1
 800259c:	d101      	bne.n	80025a2 <__sflush_r+0x7a>
 800259e:	682b      	ldr	r3, [r5, #0]
 80025a0:	b903      	cbnz	r3, 80025a4 <__sflush_r+0x7c>
 80025a2:	6560      	str	r0, [r4, #84]	; 0x54
 80025a4:	6b61      	ldr	r1, [r4, #52]	; 0x34
 80025a6:	602f      	str	r7, [r5, #0]
 80025a8:	2900      	cmp	r1, #0
 80025aa:	d0ca      	beq.n	8002542 <__sflush_r+0x1a>
 80025ac:	f104 0344 	add.w	r3, r4, #68	; 0x44
 80025b0:	4299      	cmp	r1, r3
 80025b2:	d002      	beq.n	80025ba <__sflush_r+0x92>
 80025b4:	4628      	mov	r0, r5
 80025b6:	f000 f9e7 	bl	8002988 <_free_r>
 80025ba:	2000      	movs	r0, #0
 80025bc:	6360      	str	r0, [r4, #52]	; 0x34
 80025be:	e7c1      	b.n	8002544 <__sflush_r+0x1c>
 80025c0:	6a21      	ldr	r1, [r4, #32]
 80025c2:	2301      	movs	r3, #1
 80025c4:	4628      	mov	r0, r5
 80025c6:	47b0      	blx	r6
 80025c8:	1c41      	adds	r1, r0, #1
 80025ca:	d1c7      	bne.n	800255c <__sflush_r+0x34>
 80025cc:	682b      	ldr	r3, [r5, #0]
 80025ce:	2b00      	cmp	r3, #0
 80025d0:	d0c4      	beq.n	800255c <__sflush_r+0x34>
 80025d2:	2b1d      	cmp	r3, #29
 80025d4:	d001      	beq.n	80025da <__sflush_r+0xb2>
 80025d6:	2b16      	cmp	r3, #22
 80025d8:	d101      	bne.n	80025de <__sflush_r+0xb6>
 80025da:	602f      	str	r7, [r5, #0]
 80025dc:	e7b1      	b.n	8002542 <__sflush_r+0x1a>
 80025de:	89a3      	ldrh	r3, [r4, #12]
 80025e0:	f043 0340 	orr.w	r3, r3, #64	; 0x40
 80025e4:	81a3      	strh	r3, [r4, #12]
 80025e6:	e7ad      	b.n	8002544 <__sflush_r+0x1c>
 80025e8:	690f      	ldr	r7, [r1, #16]
 80025ea:	2f00      	cmp	r7, #0
 80025ec:	d0a9      	beq.n	8002542 <__sflush_r+0x1a>
 80025ee:	0793      	lsls	r3, r2, #30
 80025f0:	bf18      	it	ne
 80025f2:	2300      	movne	r3, #0
 80025f4:	680e      	ldr	r6, [r1, #0]
 80025f6:	bf08      	it	eq
 80025f8:	694b      	ldreq	r3, [r1, #20]
 80025fa:	eba6 0807 	sub.w	r8, r6, r7
 80025fe:	600f      	str	r7, [r1, #0]
 8002600:	608b      	str	r3, [r1, #8]
 8002602:	f1b8 0f00 	cmp.w	r8, #0
 8002606:	dd9c      	ble.n	8002542 <__sflush_r+0x1a>
 8002608:	4643      	mov	r3, r8
 800260a:	463a      	mov	r2, r7
 800260c:	4628      	mov	r0, r5
 800260e:	6a21      	ldr	r1, [r4, #32]
 8002610:	6aa6      	ldr	r6, [r4, #40]	; 0x28
 8002612:	47b0      	blx	r6
 8002614:	2800      	cmp	r0, #0
 8002616:	dc06      	bgt.n	8002626 <__sflush_r+0xfe>
 8002618:	89a3      	ldrh	r3, [r4, #12]
 800261a:	f04f 30ff 	mov.w	r0, #4294967295
 800261e:	f043 0340 	orr.w	r3, r3, #64	; 0x40
 8002622:	81a3      	strh	r3, [r4, #12]
 8002624:	e78e      	b.n	8002544 <__sflush_r+0x1c>
 8002626:	4407      	add	r7, r0
 8002628:	eba8 0800 	sub.w	r8, r8, r0
 800262c:	e7e9      	b.n	8002602 <__sflush_r+0xda>
 800262e:	bf00      	nop
 8002630:	20400001 	.word	0x20400001

08002634 <_fflush_r>:
 8002634:	b538      	push	{r3, r4, r5, lr}
 8002636:	690b      	ldr	r3, [r1, #16]
 8002638:	4605      	mov	r5, r0
 800263a:	460c      	mov	r4, r1
 800263c:	b913      	cbnz	r3, 8002644 <_fflush_r+0x10>
 800263e:	2500      	movs	r5, #0
 8002640:	4628      	mov	r0, r5
 8002642:	bd38      	pop	{r3, r4, r5, pc}
 8002644:	b118      	cbz	r0, 800264e <_fflush_r+0x1a>
 8002646:	6983      	ldr	r3, [r0, #24]
 8002648:	b90b      	cbnz	r3, 800264e <_fflush_r+0x1a>
 800264a:	f000 f887 	bl	800275c <__sinit>
 800264e:	4b14      	ldr	r3, [pc, #80]	; (80026a0 <_fflush_r+0x6c>)
 8002650:	429c      	cmp	r4, r3
 8002652:	d11b      	bne.n	800268c <_fflush_r+0x58>
 8002654:	686c      	ldr	r4, [r5, #4]
 8002656:	f9b4 300c 	ldrsh.w	r3, [r4, #12]
 800265a:	2b00      	cmp	r3, #0
 800265c:	d0ef      	beq.n	800263e <_fflush_r+0xa>
 800265e:	6e62      	ldr	r2, [r4, #100]	; 0x64
 8002660:	07d0      	lsls	r0, r2, #31
 8002662:	d404      	bmi.n	800266e <_fflush_r+0x3a>
 8002664:	0599      	lsls	r1, r3, #22
 8002666:	d402      	bmi.n	800266e <_fflush_r+0x3a>
 8002668:	6da0      	ldr	r0, [r4, #88]	; 0x58
 800266a:	f000 f915 	bl	8002898 <__retarget_lock_acquire_recursive>
 800266e:	4628      	mov	r0, r5
 8002670:	4621      	mov	r1, r4
 8002672:	f7ff ff59 	bl	8002528 <__sflush_r>
 8002676:	6e63      	ldr	r3, [r4, #100]	; 0x64
 8002678:	4605      	mov	r5, r0
 800267a:	07da      	lsls	r2, r3, #31
 800267c:	d4e0      	bmi.n	8002640 <_fflush_r+0xc>
 800267e:	89a3      	ldrh	r3, [r4, #12]
 8002680:	059b      	lsls	r3, r3, #22
 8002682:	d4dd      	bmi.n	8002640 <_fflush_r+0xc>
 8002684:	6da0      	ldr	r0, [r4, #88]	; 0x58
 8002686:	f000 f908 	bl	800289a <__retarget_lock_release_recursive>
 800268a:	e7d9      	b.n	8002640 <_fflush_r+0xc>
 800268c:	4b05      	ldr	r3, [pc, #20]	; (80026a4 <_fflush_r+0x70>)
 800268e:	429c      	cmp	r4, r3
 8002690:	d101      	bne.n	8002696 <_fflush_r+0x62>
 8002692:	68ac      	ldr	r4, [r5, #8]
 8002694:	e7df      	b.n	8002656 <_fflush_r+0x22>
 8002696:	4b04      	ldr	r3, [pc, #16]	; (80026a8 <_fflush_r+0x74>)
 8002698:	429c      	cmp	r4, r3
 800269a:	bf08      	it	eq
 800269c:	68ec      	ldreq	r4, [r5, #12]
 800269e:	e7da      	b.n	8002656 <_fflush_r+0x22>
 80026a0:	0800402c 	.word	0x0800402c
 80026a4:	0800404c 	.word	0x0800404c
 80026a8:	0800400c 	.word	0x0800400c

080026ac <std>:
 80026ac:	2300      	movs	r3, #0
 80026ae:	b510      	push	{r4, lr}
 80026b0:	4604      	mov	r4, r0
 80026b2:	e9c0 3300 	strd	r3, r3, [r0]
 80026b6:	e9c0 3304 	strd	r3, r3, [r0, #16]
 80026ba:	6083      	str	r3, [r0, #8]
 80026bc:	8181      	strh	r1, [r0, #12]
 80026be:	6643      	str	r3, [r0, #100]	; 0x64
 80026c0:	81c2      	strh	r2, [r0, #14]
 80026c2:	6183      	str	r3, [r0, #24]
 80026c4:	4619      	mov	r1, r3
 80026c6:	2208      	movs	r2, #8
 80026c8:	305c      	adds	r0, #92	; 0x5c
 80026ca:	f7ff fc65 	bl	8001f98 <memset>
 80026ce:	4b05      	ldr	r3, [pc, #20]	; (80026e4 <std+0x38>)
 80026d0:	6224      	str	r4, [r4, #32]
 80026d2:	6263      	str	r3, [r4, #36]	; 0x24
 80026d4:	4b04      	ldr	r3, [pc, #16]	; (80026e8 <std+0x3c>)
 80026d6:	62a3      	str	r3, [r4, #40]	; 0x28
 80026d8:	4b04      	ldr	r3, [pc, #16]	; (80026ec <std+0x40>)
 80026da:	62e3      	str	r3, [r4, #44]	; 0x2c
 80026dc:	4b04      	ldr	r3, [pc, #16]	; (80026f0 <std+0x44>)
 80026de:	6323      	str	r3, [r4, #48]	; 0x30
 80026e0:	bd10      	pop	{r4, pc}
 80026e2:	bf00      	nop
 80026e4:	08002159 	.word	0x08002159
 80026e8:	0800217f 	.word	0x0800217f
 80026ec:	080021b7 	.word	0x080021b7
 80026f0:	080021db 	.word	0x080021db

080026f4 <_cleanup_r>:
 80026f4:	4901      	ldr	r1, [pc, #4]	; (80026fc <_cleanup_r+0x8>)
 80026f6:	f000 b8af 	b.w	8002858 <_fwalk_reent>
 80026fa:	bf00      	nop
 80026fc:	08002635 	.word	0x08002635

08002700 <__sfmoreglue>:
 8002700:	b570      	push	{r4, r5, r6, lr}
 8002702:	2568      	movs	r5, #104	; 0x68
 8002704:	1e4a      	subs	r2, r1, #1
 8002706:	4355      	muls	r5, r2
 8002708:	460e      	mov	r6, r1
 800270a:	f105 0174 	add.w	r1, r5, #116	; 0x74
 800270e:	f000 f987 	bl	8002a20 <_malloc_r>
 8002712:	4604      	mov	r4, r0
 8002714:	b140      	cbz	r0, 8002728 <__sfmoreglue+0x28>
 8002716:	2100      	movs	r1, #0
 8002718:	e9c0 1600 	strd	r1, r6, [r0]
 800271c:	300c      	adds	r0, #12
 800271e:	60a0      	str	r0, [r4, #8]
 8002720:	f105 0268 	add.w	r2, r5, #104	; 0x68
 8002724:	f7ff fc38 	bl	8001f98 <memset>
 8002728:	4620      	mov	r0, r4
 800272a:	bd70      	pop	{r4, r5, r6, pc}

0800272c <__sfp_lock_acquire>:
 800272c:	4801      	ldr	r0, [pc, #4]	; (8002734 <__sfp_lock_acquire+0x8>)
 800272e:	f000 b8b3 	b.w	8002898 <__retarget_lock_acquire_recursive>
 8002732:	bf00      	nop
 8002734:	200002e8 	.word	0x200002e8

08002738 <__sfp_lock_release>:
 8002738:	4801      	ldr	r0, [pc, #4]	; (8002740 <__sfp_lock_release+0x8>)
 800273a:	f000 b8ae 	b.w	800289a <__retarget_lock_release_recursive>
 800273e:	bf00      	nop
 8002740:	200002e8 	.word	0x200002e8

08002744 <__sinit_lock_acquire>:
 8002744:	4801      	ldr	r0, [pc, #4]	; (800274c <__sinit_lock_acquire+0x8>)
 8002746:	f000 b8a7 	b.w	8002898 <__retarget_lock_acquire_recursive>
 800274a:	bf00      	nop
 800274c:	200002e3 	.word	0x200002e3

08002750 <__sinit_lock_release>:
 8002750:	4801      	ldr	r0, [pc, #4]	; (8002758 <__sinit_lock_release+0x8>)
 8002752:	f000 b8a2 	b.w	800289a <__retarget_lock_release_recursive>
 8002756:	bf00      	nop
 8002758:	200002e3 	.word	0x200002e3

0800275c <__sinit>:
 800275c:	b510      	push	{r4, lr}
 800275e:	4604      	mov	r4, r0
 8002760:	f7ff fff0 	bl	8002744 <__sinit_lock_acquire>
 8002764:	69a3      	ldr	r3, [r4, #24]
 8002766:	b11b      	cbz	r3, 8002770 <__sinit+0x14>
 8002768:	e8bd 4010 	ldmia.w	sp!, {r4, lr}
 800276c:	f7ff bff0 	b.w	8002750 <__sinit_lock_release>
 8002770:	e9c4 3312 	strd	r3, r3, [r4, #72]	; 0x48
 8002774:	6523      	str	r3, [r4, #80]	; 0x50
 8002776:	4b13      	ldr	r3, [pc, #76]	; (80027c4 <__sinit+0x68>)
 8002778:	4a13      	ldr	r2, [pc, #76]	; (80027c8 <__sinit+0x6c>)
 800277a:	681b      	ldr	r3, [r3, #0]
 800277c:	62a2      	str	r2, [r4, #40]	; 0x28
 800277e:	42a3      	cmp	r3, r4
 8002780:	bf08      	it	eq
 8002782:	2301      	moveq	r3, #1
 8002784:	4620      	mov	r0, r4
 8002786:	bf08      	it	eq
 8002788:	61a3      	streq	r3, [r4, #24]
 800278a:	f000 f81f 	bl	80027cc <__sfp>
 800278e:	6060      	str	r0, [r4, #4]
 8002790:	4620      	mov	r0, r4
 8002792:	f000 f81b 	bl	80027cc <__sfp>
 8002796:	60a0      	str	r0, [r4, #8]
 8002798:	4620      	mov	r0, r4
 800279a:	f000 f817 	bl	80027cc <__sfp>
 800279e:	2200      	movs	r2, #0
 80027a0:	2104      	movs	r1, #4
 80027a2:	60e0      	str	r0, [r4, #12]
 80027a4:	6860      	ldr	r0, [r4, #4]
 80027a6:	f7ff ff81 	bl	80026ac <std>
 80027aa:	2201      	movs	r2, #1
 80027ac:	2109      	movs	r1, #9
 80027ae:	68a0      	ldr	r0, [r4, #8]
 80027b0:	f7ff ff7c 	bl	80026ac <std>
 80027b4:	2202      	movs	r2, #2
 80027b6:	2112      	movs	r1, #18
 80027b8:	68e0      	ldr	r0, [r4, #12]
 80027ba:	f7ff ff77 	bl	80026ac <std>
 80027be:	2301      	movs	r3, #1
 80027c0:	61a3      	str	r3, [r4, #24]
 80027c2:	e7d1      	b.n	8002768 <__sinit+0xc>
 80027c4:	0800406c 	.word	0x0800406c
 80027c8:	080026f5 	.word	0x080026f5

080027cc <__sfp>:
 80027cc:	b5f8      	push	{r3, r4, r5, r6, r7, lr}
 80027ce:	4607      	mov	r7, r0
 80027d0:	f7ff ffac 	bl	800272c <__sfp_lock_acquire>
 80027d4:	4b1e      	ldr	r3, [pc, #120]	; (8002850 <__sfp+0x84>)
 80027d6:	681e      	ldr	r6, [r3, #0]
 80027d8:	69b3      	ldr	r3, [r6, #24]
 80027da:	b913      	cbnz	r3, 80027e2 <__sfp+0x16>
 80027dc:	4630      	mov	r0, r6
 80027de:	f7ff ffbd 	bl	800275c <__sinit>
 80027e2:	3648      	adds	r6, #72	; 0x48
 80027e4:	e9d6 3401 	ldrd	r3, r4, [r6, #4]
 80027e8:	3b01      	subs	r3, #1
 80027ea:	d503      	bpl.n	80027f4 <__sfp+0x28>
 80027ec:	6833      	ldr	r3, [r6, #0]
 80027ee:	b30b      	cbz	r3, 8002834 <__sfp+0x68>
 80027f0:	6836      	ldr	r6, [r6, #0]
 80027f2:	e7f7      	b.n	80027e4 <__sfp+0x18>
 80027f4:	f9b4 500c 	ldrsh.w	r5, [r4, #12]
 80027f8:	b9d5      	cbnz	r5, 8002830 <__sfp+0x64>
 80027fa:	4b16      	ldr	r3, [pc, #88]	; (8002854 <__sfp+0x88>)
 80027fc:	f104 0058 	add.w	r0, r4, #88	; 0x58
 8002800:	60e3      	str	r3, [r4, #12]
 8002802:	6665      	str	r5, [r4, #100]	; 0x64
 8002804:	f000 f847 	bl	8002896 <__retarget_lock_init_recursive>
 8002808:	f7ff ff96 	bl	8002738 <__sfp_lock_release>
 800280c:	2208      	movs	r2, #8
 800280e:	4629      	mov	r1, r5
 8002810:	e9c4 5501 	strd	r5, r5, [r4, #4]
 8002814:	e9c4 5504 	strd	r5, r5, [r4, #16]
 8002818:	6025      	str	r5, [r4, #0]
 800281a:	61a5      	str	r5, [r4, #24]
 800281c:	f104 005c 	add.w	r0, r4, #92	; 0x5c
 8002820:	f7ff fbba 	bl	8001f98 <memset>
 8002824:	e9c4 550d 	strd	r5, r5, [r4, #52]	; 0x34
 8002828:	e9c4 5512 	strd	r5, r5, [r4, #72]	; 0x48
 800282c:	4620      	mov	r0, r4
 800282e:	bdf8      	pop	{r3, r4, r5, r6, r7, pc}
 8002830:	3468      	adds	r4, #104	; 0x68
 8002832:	e7d9      	b.n	80027e8 <__sfp+0x1c>
 8002834:	2104      	movs	r1, #4
 8002836:	4638      	mov	r0, r7
 8002838:	f7ff ff62 	bl	8002700 <__sfmoreglue>
 800283c:	4604      	mov	r4, r0
 800283e:	6030      	str	r0, [r6, #0]
 8002840:	2800      	cmp	r0, #0
 8002842:	d1d5      	bne.n	80027f0 <__sfp+0x24>
 8002844:	f7ff ff78 	bl	8002738 <__sfp_lock_release>
 8002848:	230c      	movs	r3, #12
 800284a:	603b      	str	r3, [r7, #0]
 800284c:	e7ee      	b.n	800282c <__sfp+0x60>
 800284e:	bf00      	nop
 8002850:	0800406c 	.word	0x0800406c
 8002854:	ffff0001 	.word	0xffff0001

08002858 <_fwalk_reent>:
 8002858:	e92d 43f8 	stmdb	sp!, {r3, r4, r5, r6, r7, r8, r9, lr}
 800285c:	4606      	mov	r6, r0
 800285e:	4688      	mov	r8, r1
 8002860:	2700      	movs	r7, #0
 8002862:	f100 0448 	add.w	r4, r0, #72	; 0x48
 8002866:	e9d4 9501 	ldrd	r9, r5, [r4, #4]
 800286a:	f1b9 0901 	subs.w	r9, r9, #1
 800286e:	d505      	bpl.n	800287c <_fwalk_reent+0x24>
 8002870:	6824      	ldr	r4, [r4, #0]
 8002872:	2c00      	cmp	r4, #0
 8002874:	d1f7      	bne.n	8002866 <_fwalk_reent+0xe>
 8002876:	4638      	mov	r0, r7
 8002878:	e8bd 83f8 	ldmia.w	sp!, {r3, r4, r5, r6, r7, r8, r9, pc}
 800287c:	89ab      	ldrh	r3, [r5, #12]
 800287e:	2b01      	cmp	r3, #1
 8002880:	d907      	bls.n	8002892 <_fwalk_reent+0x3a>
 8002882:	f9b5 300e 	ldrsh.w	r3, [r5, #14]
 8002886:	3301      	adds	r3, #1
 8002888:	d003      	beq.n	8002892 <_fwalk_reent+0x3a>
 800288a:	4629      	mov	r1, r5
 800288c:	4630      	mov	r0, r6
 800288e:	47c0      	blx	r8
 8002890:	4307      	orrs	r7, r0
 8002892:	3568      	adds	r5, #104	; 0x68
 8002894:	e7e9      	b.n	800286a <_fwalk_reent+0x12>

08002896 <__retarget_lock_init_recursive>:
 8002896:	4770      	bx	lr

08002898 <__retarget_lock_acquire_recursive>:
 8002898:	4770      	bx	lr

0800289a <__retarget_lock_release_recursive>:
 800289a:	4770      	bx	lr

0800289c <_lseek_r>:
 800289c:	b538      	push	{r3, r4, r5, lr}
 800289e:	4604      	mov	r4, r0
 80028a0:	4608      	mov	r0, r1
 80028a2:	4611      	mov	r1, r2
 80028a4:	2200      	movs	r2, #0
 80028a6:	4d05      	ldr	r5, [pc, #20]	; (80028bc <_lseek_r+0x20>)
 80028a8:	602a      	str	r2, [r5, #0]
 80028aa:	461a      	mov	r2, r3
 80028ac:	f001 fa36 	bl	8003d1c <_lseek>
 80028b0:	1c43      	adds	r3, r0, #1
 80028b2:	d102      	bne.n	80028ba <_lseek_r+0x1e>
 80028b4:	682b      	ldr	r3, [r5, #0]
 80028b6:	b103      	cbz	r3, 80028ba <_lseek_r+0x1e>
 80028b8:	6023      	str	r3, [r4, #0]
 80028ba:	bd38      	pop	{r3, r4, r5, pc}
 80028bc:	200002ec 	.word	0x200002ec

080028c0 <__swhatbuf_r>:
 80028c0:	b570      	push	{r4, r5, r6, lr}
 80028c2:	460e      	mov	r6, r1
 80028c4:	f9b1 100e 	ldrsh.w	r1, [r1, #14]
 80028c8:	4614      	mov	r4, r2
 80028ca:	2900      	cmp	r1, #0
 80028cc:	461d      	mov	r5, r3
 80028ce:	b096      	sub	sp, #88	; 0x58
 80028d0:	da07      	bge.n	80028e2 <__swhatbuf_r+0x22>
 80028d2:	2300      	movs	r3, #0
 80028d4:	602b      	str	r3, [r5, #0]
 80028d6:	89b3      	ldrh	r3, [r6, #12]
 80028d8:	061a      	lsls	r2, r3, #24
 80028da:	d410      	bmi.n	80028fe <__swhatbuf_r+0x3e>
 80028dc:	f44f 6380 	mov.w	r3, #1024	; 0x400
 80028e0:	e00e      	b.n	8002900 <__swhatbuf_r+0x40>
 80028e2:	466a      	mov	r2, sp
 80028e4:	f001 f970 	bl	8003bc8 <_fstat_r>
 80028e8:	2800      	cmp	r0, #0
 80028ea:	dbf2      	blt.n	80028d2 <__swhatbuf_r+0x12>
 80028ec:	9a01      	ldr	r2, [sp, #4]
 80028ee:	f402 4270 	and.w	r2, r2, #61440	; 0xf000
 80028f2:	f5a2 5300 	sub.w	r3, r2, #8192	; 0x2000
 80028f6:	425a      	negs	r2, r3
 80028f8:	415a      	adcs	r2, r3
 80028fa:	602a      	str	r2, [r5, #0]
 80028fc:	e7ee      	b.n	80028dc <__swhatbuf_r+0x1c>
 80028fe:	2340      	movs	r3, #64	; 0x40
 8002900:	2000      	movs	r0, #0
 8002902:	6023      	str	r3, [r4, #0]
 8002904:	b016      	add	sp, #88	; 0x58
 8002906:	bd70      	pop	{r4, r5, r6, pc}

08002908 <__smakebuf_r>:
 8002908:	898b      	ldrh	r3, [r1, #12]
 800290a:	b573      	push	{r0, r1, r4, r5, r6, lr}
 800290c:	079d      	lsls	r5, r3, #30
 800290e:	4606      	mov	r6, r0
 8002910:	460c      	mov	r4, r1
 8002912:	d507      	bpl.n	8002924 <__smakebuf_r+0x1c>
 8002914:	f104 0347 	add.w	r3, r4, #71	; 0x47
 8002918:	6023      	str	r3, [r4, #0]
 800291a:	6123      	str	r3, [r4, #16]
 800291c:	2301      	movs	r3, #1
 800291e:	6163      	str	r3, [r4, #20]
 8002920:	b002      	add	sp, #8
 8002922:	bd70      	pop	{r4, r5, r6, pc}
 8002924:	466a      	mov	r2, sp
 8002926:	ab01      	add	r3, sp, #4
 8002928:	f7ff ffca 	bl	80028c0 <__swhatbuf_r>
 800292c:	9900      	ldr	r1, [sp, #0]
 800292e:	4605      	mov	r5, r0
 8002930:	4630      	mov	r0, r6
 8002932:	f000 f875 	bl	8002a20 <_malloc_r>
 8002936:	b948      	cbnz	r0, 800294c <__smakebuf_r+0x44>
 8002938:	f9b4 300c 	ldrsh.w	r3, [r4, #12]
 800293c:	059a      	lsls	r2, r3, #22
 800293e:	d4ef      	bmi.n	8002920 <__smakebuf_r+0x18>
 8002940:	f023 0303 	bic.w	r3, r3, #3
 8002944:	f043 0302 	orr.w	r3, r3, #2
 8002948:	81a3      	strh	r3, [r4, #12]
 800294a:	e7e3      	b.n	8002914 <__smakebuf_r+0xc>
 800294c:	4b0d      	ldr	r3, [pc, #52]	; (8002984 <__smakebuf_r+0x7c>)
 800294e:	62b3      	str	r3, [r6, #40]	; 0x28
 8002950:	89a3      	ldrh	r3, [r4, #12]
 8002952:	6020      	str	r0, [r4, #0]
 8002954:	f043 0380 	orr.w	r3, r3, #128	; 0x80
 8002958:	81a3      	strh	r3, [r4, #12]
 800295a:	9b00      	ldr	r3, [sp, #0]
 800295c:	6120      	str	r0, [r4, #16]
 800295e:	6163      	str	r3, [r4, #20]
 8002960:	9b01      	ldr	r3, [sp, #4]
 8002962:	b15b      	cbz	r3, 800297c <__smakebuf_r+0x74>
 8002964:	4630      	mov	r0, r6
 8002966:	f9b4 100e 	ldrsh.w	r1, [r4, #14]
 800296a:	f001 f93f 	bl	8003bec <_isatty_r>
 800296e:	b128      	cbz	r0, 800297c <__smakebuf_r+0x74>
 8002970:	89a3      	ldrh	r3, [r4, #12]
 8002972:	f023 0303 	bic.w	r3, r3, #3
 8002976:	f043 0301 	orr.w	r3, r3, #1
 800297a:	81a3      	strh	r3, [r4, #12]
 800297c:	89a0      	ldrh	r0, [r4, #12]
 800297e:	4305      	orrs	r5, r0
 8002980:	81a5      	strh	r5, [r4, #12]
 8002982:	e7cd      	b.n	8002920 <__smakebuf_r+0x18>
 8002984:	080026f5 	.word	0x080026f5

08002988 <_free_r>:
 8002988:	b538      	push	{r3, r4, r5, lr}
 800298a:	4605      	mov	r5, r0
 800298c:	2900      	cmp	r1, #0
 800298e:	d043      	beq.n	8002a18 <_free_r+0x90>
 8002990:	f851 3c04 	ldr.w	r3, [r1, #-4]
 8002994:	1f0c      	subs	r4, r1, #4
 8002996:	2b00      	cmp	r3, #0
 8002998:	bfb8      	it	lt
 800299a:	18e4      	addlt	r4, r4, r3
 800299c:	f001 f96c 	bl	8003c78 <__malloc_lock>
 80029a0:	4a1e      	ldr	r2, [pc, #120]	; (8002a1c <_free_r+0x94>)
 80029a2:	6813      	ldr	r3, [r2, #0]
 80029a4:	4610      	mov	r0, r2
 80029a6:	b933      	cbnz	r3, 80029b6 <_free_r+0x2e>
 80029a8:	6063      	str	r3, [r4, #4]
 80029aa:	6014      	str	r4, [r2, #0]
 80029ac:	4628      	mov	r0, r5
 80029ae:	e8bd 4038 	ldmia.w	sp!, {r3, r4, r5, lr}
 80029b2:	f001 b967 	b.w	8003c84 <__malloc_unlock>
 80029b6:	42a3      	cmp	r3, r4
 80029b8:	d90a      	bls.n	80029d0 <_free_r+0x48>
 80029ba:	6821      	ldr	r1, [r4, #0]
 80029bc:	1862      	adds	r2, r4, r1
 80029be:	4293      	cmp	r3, r2
 80029c0:	bf01      	itttt	eq
 80029c2:	681a      	ldreq	r2, [r3, #0]
 80029c4:	685b      	ldreq	r3, [r3, #4]
 80029c6:	1852      	addeq	r2, r2, r1
 80029c8:	6022      	streq	r2, [r4, #0]
 80029ca:	6063      	str	r3, [r4, #4]
 80029cc:	6004      	str	r4, [r0, #0]
 80029ce:	e7ed      	b.n	80029ac <_free_r+0x24>
 80029d0:	461a      	mov	r2, r3
 80029d2:	685b      	ldr	r3, [r3, #4]
 80029d4:	b10b      	cbz	r3, 80029da <_free_r+0x52>
 80029d6:	42a3      	cmp	r3, r4
 80029d8:	d9fa      	bls.n	80029d0 <_free_r+0x48>
 80029da:	6811      	ldr	r1, [r2, #0]
 80029dc:	1850      	adds	r0, r2, r1
 80029de:	42a0      	cmp	r0, r4
 80029e0:	d10b      	bne.n	80029fa <_free_r+0x72>
 80029e2:	6820      	ldr	r0, [r4, #0]
 80029e4:	4401      	add	r1, r0
 80029e6:	1850      	adds	r0, r2, r1
 80029e8:	4283      	cmp	r3, r0
 80029ea:	6011      	str	r1, [r2, #0]
 80029ec:	d1de      	bne.n	80029ac <_free_r+0x24>
 80029ee:	6818      	ldr	r0, [r3, #0]
 80029f0:	685b      	ldr	r3, [r3, #4]
 80029f2:	4401      	add	r1, r0
 80029f4:	6011      	str	r1, [r2, #0]
 80029f6:	6053      	str	r3, [r2, #4]
 80029f8:	e7d8      	b.n	80029ac <_free_r+0x24>
 80029fa:	d902      	bls.n	8002a02 <_free_r+0x7a>
 80029fc:	230c      	movs	r3, #12
 80029fe:	602b      	str	r3, [r5, #0]
 8002a00:	e7d4      	b.n	80029ac <_free_r+0x24>
 8002a02:	6820      	ldr	r0, [r4, #0]
 8002a04:	1821      	adds	r1, r4, r0
 8002a06:	428b      	cmp	r3, r1
 8002a08:	bf01      	itttt	eq
 8002a0a:	6819      	ldreq	r1, [r3, #0]
 8002a0c:	685b      	ldreq	r3, [r3, #4]
 8002a0e:	1809      	addeq	r1, r1, r0
 8002a10:	6021      	streq	r1, [r4, #0]
 8002a12:	6063      	str	r3, [r4, #4]
 8002a14:	6054      	str	r4, [r2, #4]
 8002a16:	e7c9      	b.n	80029ac <_free_r+0x24>
 8002a18:	bd38      	pop	{r3, r4, r5, pc}
 8002a1a:	bf00      	nop
 8002a1c:	200002d4 	.word	0x200002d4

08002a20 <_malloc_r>:
 8002a20:	b5f8      	push	{r3, r4, r5, r6, r7, lr}
 8002a22:	1ccd      	adds	r5, r1, #3
 8002a24:	f025 0503 	bic.w	r5, r5, #3
 8002a28:	3508      	adds	r5, #8
 8002a2a:	2d0c      	cmp	r5, #12
 8002a2c:	bf38      	it	cc
 8002a2e:	250c      	movcc	r5, #12
 8002a30:	2d00      	cmp	r5, #0
 8002a32:	4606      	mov	r6, r0
 8002a34:	db01      	blt.n	8002a3a <_malloc_r+0x1a>
 8002a36:	42a9      	cmp	r1, r5
 8002a38:	d903      	bls.n	8002a42 <_malloc_r+0x22>
 8002a3a:	230c      	movs	r3, #12
 8002a3c:	6033      	str	r3, [r6, #0]
 8002a3e:	2000      	movs	r0, #0
 8002a40:	bdf8      	pop	{r3, r4, r5, r6, r7, pc}
 8002a42:	f001 f919 	bl	8003c78 <__malloc_lock>
 8002a46:	4921      	ldr	r1, [pc, #132]	; (8002acc <_malloc_r+0xac>)
 8002a48:	680a      	ldr	r2, [r1, #0]
 8002a4a:	4614      	mov	r4, r2
 8002a4c:	b99c      	cbnz	r4, 8002a76 <_malloc_r+0x56>
 8002a4e:	4f20      	ldr	r7, [pc, #128]	; (8002ad0 <_malloc_r+0xb0>)
 8002a50:	683b      	ldr	r3, [r7, #0]
 8002a52:	b923      	cbnz	r3, 8002a5e <_malloc_r+0x3e>
 8002a54:	4621      	mov	r1, r4
 8002a56:	4630      	mov	r0, r6
 8002a58:	f000 ffb6 	bl	80039c8 <_sbrk_r>
 8002a5c:	6038      	str	r0, [r7, #0]
 8002a5e:	4629      	mov	r1, r5
 8002a60:	4630      	mov	r0, r6
 8002a62:	f000 ffb1 	bl	80039c8 <_sbrk_r>
 8002a66:	1c43      	adds	r3, r0, #1
 8002a68:	d123      	bne.n	8002ab2 <_malloc_r+0x92>
 8002a6a:	230c      	movs	r3, #12
 8002a6c:	4630      	mov	r0, r6
 8002a6e:	6033      	str	r3, [r6, #0]
 8002a70:	f001 f908 	bl	8003c84 <__malloc_unlock>
 8002a74:	e7e3      	b.n	8002a3e <_malloc_r+0x1e>
 8002a76:	6823      	ldr	r3, [r4, #0]
 8002a78:	1b5b      	subs	r3, r3, r5
 8002a7a:	d417      	bmi.n	8002aac <_malloc_r+0x8c>
 8002a7c:	2b0b      	cmp	r3, #11
 8002a7e:	d903      	bls.n	8002a88 <_malloc_r+0x68>
 8002a80:	6023      	str	r3, [r4, #0]
 8002a82:	441c      	add	r4, r3
 8002a84:	6025      	str	r5, [r4, #0]
 8002a86:	e004      	b.n	8002a92 <_malloc_r+0x72>
 8002a88:	6863      	ldr	r3, [r4, #4]
 8002a8a:	42a2      	cmp	r2, r4
 8002a8c:	bf0c      	ite	eq
 8002a8e:	600b      	streq	r3, [r1, #0]
 8002a90:	6053      	strne	r3, [r2, #4]
 8002a92:	4630      	mov	r0, r6
 8002a94:	f001 f8f6 	bl	8003c84 <__malloc_unlock>
 8002a98:	f104 000b 	add.w	r0, r4, #11
 8002a9c:	1d23      	adds	r3, r4, #4
 8002a9e:	f020 0007 	bic.w	r0, r0, #7
 8002aa2:	1ac2      	subs	r2, r0, r3
 8002aa4:	d0cc      	beq.n	8002a40 <_malloc_r+0x20>
 8002aa6:	1a1b      	subs	r3, r3, r0
 8002aa8:	50a3      	str	r3, [r4, r2]
 8002aaa:	e7c9      	b.n	8002a40 <_malloc_r+0x20>
 8002aac:	4622      	mov	r2, r4
 8002aae:	6864      	ldr	r4, [r4, #4]
 8002ab0:	e7cc      	b.n	8002a4c <_malloc_r+0x2c>
 8002ab2:	1cc4      	adds	r4, r0, #3
 8002ab4:	f024 0403 	bic.w	r4, r4, #3
 8002ab8:	42a0      	cmp	r0, r4
 8002aba:	d0e3      	beq.n	8002a84 <_malloc_r+0x64>
 8002abc:	1a21      	subs	r1, r4, r0
 8002abe:	4630      	mov	r0, r6
 8002ac0:	f000 ff82 	bl	80039c8 <_sbrk_r>
 8002ac4:	3001      	adds	r0, #1
 8002ac6:	d1dd      	bne.n	8002a84 <_malloc_r+0x64>
 8002ac8:	e7cf      	b.n	8002a6a <_malloc_r+0x4a>
 8002aca:	bf00      	nop
 8002acc:	200002d4 	.word	0x200002d4
 8002ad0:	200002d8 	.word	0x200002d8

08002ad4 <__ssputs_r>:
 8002ad4:	e92d 47f0 	stmdb	sp!, {r4, r5, r6, r7, r8, r9, sl, lr}
 8002ad8:	688e      	ldr	r6, [r1, #8]
 8002ada:	4682      	mov	sl, r0
 8002adc:	429e      	cmp	r6, r3
 8002ade:	460c      	mov	r4, r1
 8002ae0:	4690      	mov	r8, r2
 8002ae2:	461f      	mov	r7, r3
 8002ae4:	d838      	bhi.n	8002b58 <__ssputs_r+0x84>
 8002ae6:	898a      	ldrh	r2, [r1, #12]
 8002ae8:	f412 6f90 	tst.w	r2, #1152	; 0x480
 8002aec:	d032      	beq.n	8002b54 <__ssputs_r+0x80>
 8002aee:	6825      	ldr	r5, [r4, #0]
 8002af0:	6909      	ldr	r1, [r1, #16]
 8002af2:	3301      	adds	r3, #1
 8002af4:	eba5 0901 	sub.w	r9, r5, r1
 8002af8:	6965      	ldr	r5, [r4, #20]
 8002afa:	444b      	add	r3, r9
 8002afc:	eb05 0545 	add.w	r5, r5, r5, lsl #1
 8002b00:	eb05 75d5 	add.w	r5, r5, r5, lsr #31
 8002b04:	106d      	asrs	r5, r5, #1
 8002b06:	429d      	cmp	r5, r3
 8002b08:	bf38      	it	cc
 8002b0a:	461d      	movcc	r5, r3
 8002b0c:	0553      	lsls	r3, r2, #21
 8002b0e:	d531      	bpl.n	8002b74 <__ssputs_r+0xa0>
 8002b10:	4629      	mov	r1, r5
 8002b12:	f7ff ff85 	bl	8002a20 <_malloc_r>
 8002b16:	4606      	mov	r6, r0
 8002b18:	b950      	cbnz	r0, 8002b30 <__ssputs_r+0x5c>
 8002b1a:	230c      	movs	r3, #12
 8002b1c:	f04f 30ff 	mov.w	r0, #4294967295
 8002b20:	f8ca 3000 	str.w	r3, [sl]
 8002b24:	89a3      	ldrh	r3, [r4, #12]
 8002b26:	f043 0340 	orr.w	r3, r3, #64	; 0x40
 8002b2a:	81a3      	strh	r3, [r4, #12]
 8002b2c:	e8bd 87f0 	ldmia.w	sp!, {r4, r5, r6, r7, r8, r9, sl, pc}
 8002b30:	464a      	mov	r2, r9
 8002b32:	6921      	ldr	r1, [r4, #16]
 8002b34:	f001 f878 	bl	8003c28 <memcpy>
 8002b38:	89a3      	ldrh	r3, [r4, #12]
 8002b3a:	f423 6390 	bic.w	r3, r3, #1152	; 0x480
 8002b3e:	f043 0380 	orr.w	r3, r3, #128	; 0x80
 8002b42:	81a3      	strh	r3, [r4, #12]
 8002b44:	6126      	str	r6, [r4, #16]
 8002b46:	444e      	add	r6, r9
 8002b48:	6026      	str	r6, [r4, #0]
 8002b4a:	463e      	mov	r6, r7
 8002b4c:	6165      	str	r5, [r4, #20]
 8002b4e:	eba5 0509 	sub.w	r5, r5, r9
 8002b52:	60a5      	str	r5, [r4, #8]
 8002b54:	42be      	cmp	r6, r7
 8002b56:	d900      	bls.n	8002b5a <__ssputs_r+0x86>
 8002b58:	463e      	mov	r6, r7
 8002b5a:	4632      	mov	r2, r6
 8002b5c:	4641      	mov	r1, r8
 8002b5e:	6820      	ldr	r0, [r4, #0]
 8002b60:	f001 f870 	bl	8003c44 <memmove>
 8002b64:	68a3      	ldr	r3, [r4, #8]
 8002b66:	6822      	ldr	r2, [r4, #0]
 8002b68:	1b9b      	subs	r3, r3, r6
 8002b6a:	4432      	add	r2, r6
 8002b6c:	2000      	movs	r0, #0
 8002b6e:	60a3      	str	r3, [r4, #8]
 8002b70:	6022      	str	r2, [r4, #0]
 8002b72:	e7db      	b.n	8002b2c <__ssputs_r+0x58>
 8002b74:	462a      	mov	r2, r5
 8002b76:	f001 f88b 	bl	8003c90 <_realloc_r>
 8002b7a:	4606      	mov	r6, r0
 8002b7c:	2800      	cmp	r0, #0
 8002b7e:	d1e1      	bne.n	8002b44 <__ssputs_r+0x70>
 8002b80:	4650      	mov	r0, sl
 8002b82:	6921      	ldr	r1, [r4, #16]
 8002b84:	f7ff ff00 	bl	8002988 <_free_r>
 8002b88:	e7c7      	b.n	8002b1a <__ssputs_r+0x46>
	...

08002b8c <_svfiprintf_r>:
 8002b8c:	e92d 4ff0 	stmdb	sp!, {r4, r5, r6, r7, r8, r9, sl, fp, lr}
 8002b90:	4698      	mov	r8, r3
 8002b92:	898b      	ldrh	r3, [r1, #12]
 8002b94:	4607      	mov	r7, r0
 8002b96:	061b      	lsls	r3, r3, #24
 8002b98:	460d      	mov	r5, r1
 8002b9a:	4614      	mov	r4, r2
 8002b9c:	b09d      	sub	sp, #116	; 0x74
 8002b9e:	d50e      	bpl.n	8002bbe <_svfiprintf_r+0x32>
 8002ba0:	690b      	ldr	r3, [r1, #16]
 8002ba2:	b963      	cbnz	r3, 8002bbe <_svfiprintf_r+0x32>
 8002ba4:	2140      	movs	r1, #64	; 0x40
 8002ba6:	f7ff ff3b 	bl	8002a20 <_malloc_r>
 8002baa:	6028      	str	r0, [r5, #0]
 8002bac:	6128      	str	r0, [r5, #16]
 8002bae:	b920      	cbnz	r0, 8002bba <_svfiprintf_r+0x2e>
 8002bb0:	230c      	movs	r3, #12
 8002bb2:	603b      	str	r3, [r7, #0]
 8002bb4:	f04f 30ff 	mov.w	r0, #4294967295
 8002bb8:	e0d1      	b.n	8002d5e <_svfiprintf_r+0x1d2>
 8002bba:	2340      	movs	r3, #64	; 0x40
 8002bbc:	616b      	str	r3, [r5, #20]
 8002bbe:	2300      	movs	r3, #0
 8002bc0:	9309      	str	r3, [sp, #36]	; 0x24
 8002bc2:	2320      	movs	r3, #32
 8002bc4:	f88d 3029 	strb.w	r3, [sp, #41]	; 0x29
 8002bc8:	2330      	movs	r3, #48	; 0x30
 8002bca:	f04f 0901 	mov.w	r9, #1
 8002bce:	f8cd 800c 	str.w	r8, [sp, #12]
 8002bd2:	f8df 81a4 	ldr.w	r8, [pc, #420]	; 8002d78 <_svfiprintf_r+0x1ec>
 8002bd6:	f88d 302a 	strb.w	r3, [sp, #42]	; 0x2a
 8002bda:	4623      	mov	r3, r4
 8002bdc:	469a      	mov	sl, r3
 8002bde:	f813 2b01 	ldrb.w	r2, [r3], #1
 8002be2:	b10a      	cbz	r2, 8002be8 <_svfiprintf_r+0x5c>
 8002be4:	2a25      	cmp	r2, #37	; 0x25
 8002be6:	d1f9      	bne.n	8002bdc <_svfiprintf_r+0x50>
 8002be8:	ebba 0b04 	subs.w	fp, sl, r4
 8002bec:	d00b      	beq.n	8002c06 <_svfiprintf_r+0x7a>
 8002bee:	465b      	mov	r3, fp
 8002bf0:	4622      	mov	r2, r4
 8002bf2:	4629      	mov	r1, r5
 8002bf4:	4638      	mov	r0, r7
 8002bf6:	f7ff ff6d 	bl	8002ad4 <__ssputs_r>
 8002bfa:	3001      	adds	r0, #1
 8002bfc:	f000 80aa 	beq.w	8002d54 <_svfiprintf_r+0x1c8>
 8002c00:	9a09      	ldr	r2, [sp, #36]	; 0x24
 8002c02:	445a      	add	r2, fp
 8002c04:	9209      	str	r2, [sp, #36]	; 0x24
 8002c06:	f89a 3000 	ldrb.w	r3, [sl]
 8002c0a:	2b00      	cmp	r3, #0
 8002c0c:	f000 80a2 	beq.w	8002d54 <_svfiprintf_r+0x1c8>
 8002c10:	2300      	movs	r3, #0
 8002c12:	f04f 32ff 	mov.w	r2, #4294967295
 8002c16:	e9cd 2305 	strd	r2, r3, [sp, #20]
 8002c1a:	f10a 0a01 	add.w	sl, sl, #1
 8002c1e:	9304      	str	r3, [sp, #16]
 8002c20:	9307      	str	r3, [sp, #28]
 8002c22:	f88d 3053 	strb.w	r3, [sp, #83]	; 0x53
 8002c26:	931a      	str	r3, [sp, #104]	; 0x68
 8002c28:	4654      	mov	r4, sl
 8002c2a:	2205      	movs	r2, #5
 8002c2c:	f814 1b01 	ldrb.w	r1, [r4], #1
 8002c30:	4851      	ldr	r0, [pc, #324]	; (8002d78 <_svfiprintf_r+0x1ec>)
 8002c32:	f000 ffeb 	bl	8003c0c <memchr>
 8002c36:	9a04      	ldr	r2, [sp, #16]
 8002c38:	b9d8      	cbnz	r0, 8002c72 <_svfiprintf_r+0xe6>
 8002c3a:	06d0      	lsls	r0, r2, #27
 8002c3c:	bf44      	itt	mi
 8002c3e:	2320      	movmi	r3, #32
 8002c40:	f88d 3053 	strbmi.w	r3, [sp, #83]	; 0x53
 8002c44:	0711      	lsls	r1, r2, #28
 8002c46:	bf44      	itt	mi
 8002c48:	232b      	movmi	r3, #43	; 0x2b
 8002c4a:	f88d 3053 	strbmi.w	r3, [sp, #83]	; 0x53
 8002c4e:	f89a 3000 	ldrb.w	r3, [sl]
 8002c52:	2b2a      	cmp	r3, #42	; 0x2a
 8002c54:	d015      	beq.n	8002c82 <_svfiprintf_r+0xf6>
 8002c56:	4654      	mov	r4, sl
 8002c58:	2000      	movs	r0, #0
 8002c5a:	f04f 0c0a 	mov.w	ip, #10
 8002c5e:	9a07      	ldr	r2, [sp, #28]
 8002c60:	4621      	mov	r1, r4
 8002c62:	f811 3b01 	ldrb.w	r3, [r1], #1
 8002c66:	3b30      	subs	r3, #48	; 0x30
 8002c68:	2b09      	cmp	r3, #9
 8002c6a:	d94e      	bls.n	8002d0a <_svfiprintf_r+0x17e>
 8002c6c:	b1b0      	cbz	r0, 8002c9c <_svfiprintf_r+0x110>
 8002c6e:	9207      	str	r2, [sp, #28]
 8002c70:	e014      	b.n	8002c9c <_svfiprintf_r+0x110>
 8002c72:	eba0 0308 	sub.w	r3, r0, r8
 8002c76:	fa09 f303 	lsl.w	r3, r9, r3
 8002c7a:	4313      	orrs	r3, r2
 8002c7c:	46a2      	mov	sl, r4
 8002c7e:	9304      	str	r3, [sp, #16]
 8002c80:	e7d2      	b.n	8002c28 <_svfiprintf_r+0x9c>
 8002c82:	9b03      	ldr	r3, [sp, #12]
 8002c84:	1d19      	adds	r1, r3, #4
 8002c86:	681b      	ldr	r3, [r3, #0]
 8002c88:	9103      	str	r1, [sp, #12]
 8002c8a:	2b00      	cmp	r3, #0
 8002c8c:	bfbb      	ittet	lt
 8002c8e:	425b      	neglt	r3, r3
 8002c90:	f042 0202 	orrlt.w	r2, r2, #2
 8002c94:	9307      	strge	r3, [sp, #28]
 8002c96:	9307      	strlt	r3, [sp, #28]
 8002c98:	bfb8      	it	lt
 8002c9a:	9204      	strlt	r2, [sp, #16]
 8002c9c:	7823      	ldrb	r3, [r4, #0]
 8002c9e:	2b2e      	cmp	r3, #46	; 0x2e
 8002ca0:	d10c      	bne.n	8002cbc <_svfiprintf_r+0x130>
 8002ca2:	7863      	ldrb	r3, [r4, #1]
 8002ca4:	2b2a      	cmp	r3, #42	; 0x2a
 8002ca6:	d135      	bne.n	8002d14 <_svfiprintf_r+0x188>
 8002ca8:	9b03      	ldr	r3, [sp, #12]
 8002caa:	3402      	adds	r4, #2
 8002cac:	1d1a      	adds	r2, r3, #4
 8002cae:	681b      	ldr	r3, [r3, #0]
 8002cb0:	9203      	str	r2, [sp, #12]
 8002cb2:	2b00      	cmp	r3, #0
 8002cb4:	bfb8      	it	lt
 8002cb6:	f04f 33ff 	movlt.w	r3, #4294967295
 8002cba:	9305      	str	r3, [sp, #20]
 8002cbc:	f8df a0c8 	ldr.w	sl, [pc, #200]	; 8002d88 <_svfiprintf_r+0x1fc>
 8002cc0:	2203      	movs	r2, #3
 8002cc2:	4650      	mov	r0, sl
 8002cc4:	7821      	ldrb	r1, [r4, #0]
 8002cc6:	f000 ffa1 	bl	8003c0c <memchr>
 8002cca:	b140      	cbz	r0, 8002cde <_svfiprintf_r+0x152>
 8002ccc:	2340      	movs	r3, #64	; 0x40
 8002cce:	eba0 000a 	sub.w	r0, r0, sl
 8002cd2:	fa03 f000 	lsl.w	r0, r3, r0
 8002cd6:	9b04      	ldr	r3, [sp, #16]
 8002cd8:	3401      	adds	r4, #1
 8002cda:	4303      	orrs	r3, r0
 8002cdc:	9304      	str	r3, [sp, #16]
 8002cde:	f814 1b01 	ldrb.w	r1, [r4], #1
 8002ce2:	2206      	movs	r2, #6
 8002ce4:	4825      	ldr	r0, [pc, #148]	; (8002d7c <_svfiprintf_r+0x1f0>)
 8002ce6:	f88d 1028 	strb.w	r1, [sp, #40]	; 0x28
 8002cea:	f000 ff8f 	bl	8003c0c <memchr>
 8002cee:	2800      	cmp	r0, #0
 8002cf0:	d038      	beq.n	8002d64 <_svfiprintf_r+0x1d8>
 8002cf2:	4b23      	ldr	r3, [pc, #140]	; (8002d80 <_svfiprintf_r+0x1f4>)
 8002cf4:	bb1b      	cbnz	r3, 8002d3e <_svfiprintf_r+0x1b2>
 8002cf6:	9b03      	ldr	r3, [sp, #12]
 8002cf8:	3307      	adds	r3, #7
 8002cfa:	f023 0307 	bic.w	r3, r3, #7
 8002cfe:	3308      	adds	r3, #8
 8002d00:	9303      	str	r3, [sp, #12]
 8002d02:	9b09      	ldr	r3, [sp, #36]	; 0x24
 8002d04:	4433      	add	r3, r6
 8002d06:	9309      	str	r3, [sp, #36]	; 0x24
 8002d08:	e767      	b.n	8002bda <_svfiprintf_r+0x4e>
 8002d0a:	460c      	mov	r4, r1
 8002d0c:	2001      	movs	r0, #1
 8002d0e:	fb0c 3202 	mla	r2, ip, r2, r3
 8002d12:	e7a5      	b.n	8002c60 <_svfiprintf_r+0xd4>
 8002d14:	2300      	movs	r3, #0
 8002d16:	f04f 0c0a 	mov.w	ip, #10
 8002d1a:	4619      	mov	r1, r3
 8002d1c:	3401      	adds	r4, #1
 8002d1e:	9305      	str	r3, [sp, #20]
 8002d20:	4620      	mov	r0, r4
 8002d22:	f810 2b01 	ldrb.w	r2, [r0], #1
 8002d26:	3a30      	subs	r2, #48	; 0x30
 8002d28:	2a09      	cmp	r2, #9
 8002d2a:	d903      	bls.n	8002d34 <_svfiprintf_r+0x1a8>
 8002d2c:	2b00      	cmp	r3, #0
 8002d2e:	d0c5      	beq.n	8002cbc <_svfiprintf_r+0x130>
 8002d30:	9105      	str	r1, [sp, #20]
 8002d32:	e7c3      	b.n	8002cbc <_svfiprintf_r+0x130>
 8002d34:	4604      	mov	r4, r0
 8002d36:	2301      	movs	r3, #1
 8002d38:	fb0c 2101 	mla	r1, ip, r1, r2
 8002d3c:	e7f0      	b.n	8002d20 <_svfiprintf_r+0x194>
 8002d3e:	ab03      	add	r3, sp, #12
 8002d40:	9300      	str	r3, [sp, #0]
 8002d42:	462a      	mov	r2, r5
 8002d44:	4638      	mov	r0, r7
 8002d46:	4b0f      	ldr	r3, [pc, #60]	; (8002d84 <_svfiprintf_r+0x1f8>)
 8002d48:	a904      	add	r1, sp, #16
 8002d4a:	f3af 8000 	nop.w
 8002d4e:	1c42      	adds	r2, r0, #1
 8002d50:	4606      	mov	r6, r0
 8002d52:	d1d6      	bne.n	8002d02 <_svfiprintf_r+0x176>
 8002d54:	89ab      	ldrh	r3, [r5, #12]
 8002d56:	065b      	lsls	r3, r3, #25
 8002d58:	f53f af2c 	bmi.w	8002bb4 <_svfiprintf_r+0x28>
 8002d5c:	9809      	ldr	r0, [sp, #36]	; 0x24
 8002d5e:	b01d      	add	sp, #116	; 0x74
 8002d60:	e8bd 8ff0 	ldmia.w	sp!, {r4, r5, r6, r7, r8, r9, sl, fp, pc}
 8002d64:	ab03      	add	r3, sp, #12
 8002d66:	9300      	str	r3, [sp, #0]
 8002d68:	462a      	mov	r2, r5
 8002d6a:	4638      	mov	r0, r7
 8002d6c:	4b05      	ldr	r3, [pc, #20]	; (8002d84 <_svfiprintf_r+0x1f8>)
 8002d6e:	a904      	add	r1, sp, #16
 8002d70:	f000 fba8 	bl	80034c4 <_printf_i>
 8002d74:	e7eb      	b.n	8002d4e <_svfiprintf_r+0x1c2>
 8002d76:	bf00      	nop
 8002d78:	08004070 	.word	0x08004070
 8002d7c:	0800407a 	.word	0x0800407a
 8002d80:	00000000 	.word	0x00000000
 8002d84:	08002ad5 	.word	0x08002ad5
 8002d88:	08004076 	.word	0x08004076

08002d8c <_sungetc_r>:
 8002d8c:	b538      	push	{r3, r4, r5, lr}
 8002d8e:	1c4b      	adds	r3, r1, #1
 8002d90:	4614      	mov	r4, r2
 8002d92:	d103      	bne.n	8002d9c <_sungetc_r+0x10>
 8002d94:	f04f 35ff 	mov.w	r5, #4294967295
 8002d98:	4628      	mov	r0, r5
 8002d9a:	bd38      	pop	{r3, r4, r5, pc}
 8002d9c:	8993      	ldrh	r3, [r2, #12]
 8002d9e:	b2cd      	uxtb	r5, r1
 8002da0:	f023 0320 	bic.w	r3, r3, #32
 8002da4:	8193      	strh	r3, [r2, #12]
 8002da6:	6b63      	ldr	r3, [r4, #52]	; 0x34
 8002da8:	6852      	ldr	r2, [r2, #4]
 8002daa:	b18b      	cbz	r3, 8002dd0 <_sungetc_r+0x44>
 8002dac:	6ba3      	ldr	r3, [r4, #56]	; 0x38
 8002dae:	4293      	cmp	r3, r2
 8002db0:	dd08      	ble.n	8002dc4 <_sungetc_r+0x38>
 8002db2:	6823      	ldr	r3, [r4, #0]
 8002db4:	1e5a      	subs	r2, r3, #1
 8002db6:	6022      	str	r2, [r4, #0]
 8002db8:	f803 5c01 	strb.w	r5, [r3, #-1]
 8002dbc:	6863      	ldr	r3, [r4, #4]
 8002dbe:	3301      	adds	r3, #1
 8002dc0:	6063      	str	r3, [r4, #4]
 8002dc2:	e7e9      	b.n	8002d98 <_sungetc_r+0xc>
 8002dc4:	4621      	mov	r1, r4
 8002dc6:	f000 fec7 	bl	8003b58 <__submore>
 8002dca:	2800      	cmp	r0, #0
 8002dcc:	d0f1      	beq.n	8002db2 <_sungetc_r+0x26>
 8002dce:	e7e1      	b.n	8002d94 <_sungetc_r+0x8>
 8002dd0:	6921      	ldr	r1, [r4, #16]
 8002dd2:	6823      	ldr	r3, [r4, #0]
 8002dd4:	b151      	cbz	r1, 8002dec <_sungetc_r+0x60>
 8002dd6:	4299      	cmp	r1, r3
 8002dd8:	d208      	bcs.n	8002dec <_sungetc_r+0x60>
 8002dda:	f813 1c01 	ldrb.w	r1, [r3, #-1]
 8002dde:	42a9      	cmp	r1, r5
 8002de0:	d104      	bne.n	8002dec <_sungetc_r+0x60>
 8002de2:	3b01      	subs	r3, #1
 8002de4:	3201      	adds	r2, #1
 8002de6:	6023      	str	r3, [r4, #0]
 8002de8:	6062      	str	r2, [r4, #4]
 8002dea:	e7d5      	b.n	8002d98 <_sungetc_r+0xc>
 8002dec:	e9c4 320f 	strd	r3, r2, [r4, #60]	; 0x3c
 8002df0:	f104 0344 	add.w	r3, r4, #68	; 0x44
 8002df4:	6363      	str	r3, [r4, #52]	; 0x34
 8002df6:	2303      	movs	r3, #3
 8002df8:	63a3      	str	r3, [r4, #56]	; 0x38
 8002dfa:	4623      	mov	r3, r4
 8002dfc:	f803 5f46 	strb.w	r5, [r3, #70]!
 8002e00:	6023      	str	r3, [r4, #0]
 8002e02:	2301      	movs	r3, #1
 8002e04:	e7dc      	b.n	8002dc0 <_sungetc_r+0x34>

08002e06 <__ssrefill_r>:
 8002e06:	b510      	push	{r4, lr}
 8002e08:	460c      	mov	r4, r1
 8002e0a:	6b49      	ldr	r1, [r1, #52]	; 0x34
 8002e0c:	b169      	cbz	r1, 8002e2a <__ssrefill_r+0x24>
 8002e0e:	f104 0344 	add.w	r3, r4, #68	; 0x44
 8002e12:	4299      	cmp	r1, r3
 8002e14:	d001      	beq.n	8002e1a <__ssrefill_r+0x14>
 8002e16:	f7ff fdb7 	bl	8002988 <_free_r>
 8002e1a:	2000      	movs	r0, #0
 8002e1c:	6c23      	ldr	r3, [r4, #64]	; 0x40
 8002e1e:	6360      	str	r0, [r4, #52]	; 0x34
 8002e20:	6063      	str	r3, [r4, #4]
 8002e22:	b113      	cbz	r3, 8002e2a <__ssrefill_r+0x24>
 8002e24:	6be3      	ldr	r3, [r4, #60]	; 0x3c
 8002e26:	6023      	str	r3, [r4, #0]
 8002e28:	bd10      	pop	{r4, pc}
 8002e2a:	6923      	ldr	r3, [r4, #16]
 8002e2c:	f04f 30ff 	mov.w	r0, #4294967295
 8002e30:	6023      	str	r3, [r4, #0]
 8002e32:	2300      	movs	r3, #0
 8002e34:	6063      	str	r3, [r4, #4]
 8002e36:	89a3      	ldrh	r3, [r4, #12]
 8002e38:	f043 0320 	orr.w	r3, r3, #32
 8002e3c:	81a3      	strh	r3, [r4, #12]
 8002e3e:	e7f3      	b.n	8002e28 <__ssrefill_r+0x22>

08002e40 <__ssvfiscanf_r>:
 8002e40:	e92d 4ff0 	stmdb	sp!, {r4, r5, r6, r7, r8, r9, sl, fp, lr}
 8002e44:	460c      	mov	r4, r1
 8002e46:	2100      	movs	r1, #0
 8002e48:	4606      	mov	r6, r0
 8002e4a:	f5ad 7d23 	sub.w	sp, sp, #652	; 0x28c
 8002e4e:	e9cd 1144 	strd	r1, r1, [sp, #272]	; 0x110
 8002e52:	49b3      	ldr	r1, [pc, #716]	; (8003120 <__ssvfiscanf_r+0x2e0>)
 8002e54:	f10d 0804 	add.w	r8, sp, #4
 8002e58:	91a0      	str	r1, [sp, #640]	; 0x280
 8002e5a:	49b2      	ldr	r1, [pc, #712]	; (8003124 <__ssvfiscanf_r+0x2e4>)
 8002e5c:	4fb2      	ldr	r7, [pc, #712]	; (8003128 <__ssvfiscanf_r+0x2e8>)
 8002e5e:	f8df 92cc 	ldr.w	r9, [pc, #716]	; 800312c <__ssvfiscanf_r+0x2ec>
 8002e62:	f8cd 8118 	str.w	r8, [sp, #280]	; 0x118
 8002e66:	91a1      	str	r1, [sp, #644]	; 0x284
 8002e68:	9300      	str	r3, [sp, #0]
 8002e6a:	f892 a000 	ldrb.w	sl, [r2]
 8002e6e:	f1ba 0f00 	cmp.w	sl, #0
 8002e72:	f000 8153 	beq.w	800311c <__ssvfiscanf_r+0x2dc>
 8002e76:	f81a 3007 	ldrb.w	r3, [sl, r7]
 8002e7a:	1c55      	adds	r5, r2, #1
 8002e7c:	f013 0308 	ands.w	r3, r3, #8
 8002e80:	d019      	beq.n	8002eb6 <__ssvfiscanf_r+0x76>
 8002e82:	6863      	ldr	r3, [r4, #4]
 8002e84:	2b00      	cmp	r3, #0
 8002e86:	dd0f      	ble.n	8002ea8 <__ssvfiscanf_r+0x68>
 8002e88:	6823      	ldr	r3, [r4, #0]
 8002e8a:	781a      	ldrb	r2, [r3, #0]
 8002e8c:	5cba      	ldrb	r2, [r7, r2]
 8002e8e:	0712      	lsls	r2, r2, #28
 8002e90:	d401      	bmi.n	8002e96 <__ssvfiscanf_r+0x56>
 8002e92:	462a      	mov	r2, r5
 8002e94:	e7e9      	b.n	8002e6a <__ssvfiscanf_r+0x2a>
 8002e96:	9a45      	ldr	r2, [sp, #276]	; 0x114
 8002e98:	3301      	adds	r3, #1
 8002e9a:	3201      	adds	r2, #1
 8002e9c:	9245      	str	r2, [sp, #276]	; 0x114
 8002e9e:	6862      	ldr	r2, [r4, #4]
 8002ea0:	6023      	str	r3, [r4, #0]
 8002ea2:	3a01      	subs	r2, #1
 8002ea4:	6062      	str	r2, [r4, #4]
 8002ea6:	e7ec      	b.n	8002e82 <__ssvfiscanf_r+0x42>
 8002ea8:	4621      	mov	r1, r4
 8002eaa:	4630      	mov	r0, r6
 8002eac:	9ba1      	ldr	r3, [sp, #644]	; 0x284
 8002eae:	4798      	blx	r3
 8002eb0:	2800      	cmp	r0, #0
 8002eb2:	d0e9      	beq.n	8002e88 <__ssvfiscanf_r+0x48>
 8002eb4:	e7ed      	b.n	8002e92 <__ssvfiscanf_r+0x52>
 8002eb6:	f1ba 0f25 	cmp.w	sl, #37	; 0x25
 8002eba:	f040 8086 	bne.w	8002fca <__ssvfiscanf_r+0x18a>
 8002ebe:	9341      	str	r3, [sp, #260]	; 0x104
 8002ec0:	9343      	str	r3, [sp, #268]	; 0x10c
 8002ec2:	7853      	ldrb	r3, [r2, #1]
 8002ec4:	2b2a      	cmp	r3, #42	; 0x2a
 8002ec6:	bf04      	itt	eq
 8002ec8:	2310      	moveq	r3, #16
 8002eca:	1c95      	addeq	r5, r2, #2
 8002ecc:	f04f 020a 	mov.w	r2, #10
 8002ed0:	bf08      	it	eq
 8002ed2:	9341      	streq	r3, [sp, #260]	; 0x104
 8002ed4:	46ab      	mov	fp, r5
 8002ed6:	f81b 1b01 	ldrb.w	r1, [fp], #1
 8002eda:	f1a1 0330 	sub.w	r3, r1, #48	; 0x30
 8002ede:	2b09      	cmp	r3, #9
 8002ee0:	d91d      	bls.n	8002f1e <__ssvfiscanf_r+0xde>
 8002ee2:	2203      	movs	r2, #3
 8002ee4:	4891      	ldr	r0, [pc, #580]	; (800312c <__ssvfiscanf_r+0x2ec>)
 8002ee6:	f000 fe91 	bl	8003c0c <memchr>
 8002eea:	b140      	cbz	r0, 8002efe <__ssvfiscanf_r+0xbe>
 8002eec:	2301      	movs	r3, #1
 8002eee:	465d      	mov	r5, fp
 8002ef0:	eba0 0009 	sub.w	r0, r0, r9
 8002ef4:	fa03 f000 	lsl.w	r0, r3, r0
 8002ef8:	9b41      	ldr	r3, [sp, #260]	; 0x104
 8002efa:	4318      	orrs	r0, r3
 8002efc:	9041      	str	r0, [sp, #260]	; 0x104
 8002efe:	f815 3b01 	ldrb.w	r3, [r5], #1
 8002f02:	2b78      	cmp	r3, #120	; 0x78
 8002f04:	d806      	bhi.n	8002f14 <__ssvfiscanf_r+0xd4>
 8002f06:	2b57      	cmp	r3, #87	; 0x57
 8002f08:	d810      	bhi.n	8002f2c <__ssvfiscanf_r+0xec>
 8002f0a:	2b25      	cmp	r3, #37	; 0x25
 8002f0c:	d05d      	beq.n	8002fca <__ssvfiscanf_r+0x18a>
 8002f0e:	d857      	bhi.n	8002fc0 <__ssvfiscanf_r+0x180>
 8002f10:	2b00      	cmp	r3, #0
 8002f12:	d075      	beq.n	8003000 <__ssvfiscanf_r+0x1c0>
 8002f14:	2303      	movs	r3, #3
 8002f16:	9347      	str	r3, [sp, #284]	; 0x11c
 8002f18:	230a      	movs	r3, #10
 8002f1a:	9342      	str	r3, [sp, #264]	; 0x108
 8002f1c:	e082      	b.n	8003024 <__ssvfiscanf_r+0x1e4>
 8002f1e:	9b43      	ldr	r3, [sp, #268]	; 0x10c
 8002f20:	465d      	mov	r5, fp
 8002f22:	fb02 1303 	mla	r3, r2, r3, r1
 8002f26:	3b30      	subs	r3, #48	; 0x30
 8002f28:	9343      	str	r3, [sp, #268]	; 0x10c
 8002f2a:	e7d3      	b.n	8002ed4 <__ssvfiscanf_r+0x94>
 8002f2c:	f1a3 0258 	sub.w	r2, r3, #88	; 0x58
 8002f30:	2a20      	cmp	r2, #32
 8002f32:	d8ef      	bhi.n	8002f14 <__ssvfiscanf_r+0xd4>
 8002f34:	a101      	add	r1, pc, #4	; (adr r1, 8002f3c <__ssvfiscanf_r+0xfc>)
 8002f36:	f851 f022 	ldr.w	pc, [r1, r2, lsl #2]
 8002f3a:	bf00      	nop
 8002f3c:	0800300f 	.word	0x0800300f
 8002f40:	08002f15 	.word	0x08002f15
 8002f44:	08002f15 	.word	0x08002f15
 8002f48:	0800306d 	.word	0x0800306d
 8002f4c:	08002f15 	.word	0x08002f15
 8002f50:	08002f15 	.word	0x08002f15
 8002f54:	08002f15 	.word	0x08002f15
 8002f58:	08002f15 	.word	0x08002f15
 8002f5c:	08002f15 	.word	0x08002f15
 8002f60:	08002f15 	.word	0x08002f15
 8002f64:	08002f15 	.word	0x08002f15
 8002f68:	08003083 	.word	0x08003083
 8002f6c:	08003059 	.word	0x08003059
 8002f70:	08002fc7 	.word	0x08002fc7
 8002f74:	08002fc7 	.word	0x08002fc7
 8002f78:	08002fc7 	.word	0x08002fc7
 8002f7c:	08002f15 	.word	0x08002f15
 8002f80:	0800305d 	.word	0x0800305d
 8002f84:	08002f15 	.word	0x08002f15
 8002f88:	08002f15 	.word	0x08002f15
 8002f8c:	08002f15 	.word	0x08002f15
 8002f90:	08002f15 	.word	0x08002f15
 8002f94:	08003093 	.word	0x08003093
 8002f98:	08003065 	.word	0x08003065
 8002f9c:	08003007 	.word	0x08003007
 8002fa0:	08002f15 	.word	0x08002f15
 8002fa4:	08002f15 	.word	0x08002f15
 8002fa8:	0800308f 	.word	0x0800308f
 8002fac:	08002f15 	.word	0x08002f15
 8002fb0:	08003059 	.word	0x08003059
 8002fb4:	08002f15 	.word	0x08002f15
 8002fb8:	08002f15 	.word	0x08002f15
 8002fbc:	0800300f 	.word	0x0800300f
 8002fc0:	3b45      	subs	r3, #69	; 0x45
 8002fc2:	2b02      	cmp	r3, #2
 8002fc4:	d8a6      	bhi.n	8002f14 <__ssvfiscanf_r+0xd4>
 8002fc6:	2305      	movs	r3, #5
 8002fc8:	e02b      	b.n	8003022 <__ssvfiscanf_r+0x1e2>
 8002fca:	6863      	ldr	r3, [r4, #4]
 8002fcc:	2b00      	cmp	r3, #0
 8002fce:	dd0d      	ble.n	8002fec <__ssvfiscanf_r+0x1ac>
 8002fd0:	6823      	ldr	r3, [r4, #0]
 8002fd2:	781a      	ldrb	r2, [r3, #0]
 8002fd4:	4552      	cmp	r2, sl
 8002fd6:	f040 80a1 	bne.w	800311c <__ssvfiscanf_r+0x2dc>
 8002fda:	3301      	adds	r3, #1
 8002fdc:	6862      	ldr	r2, [r4, #4]
 8002fde:	6023      	str	r3, [r4, #0]
 8002fe0:	9b45      	ldr	r3, [sp, #276]	; 0x114
 8002fe2:	3a01      	subs	r2, #1
 8002fe4:	3301      	adds	r3, #1
 8002fe6:	6062      	str	r2, [r4, #4]
 8002fe8:	9345      	str	r3, [sp, #276]	; 0x114
 8002fea:	e752      	b.n	8002e92 <__ssvfiscanf_r+0x52>
 8002fec:	4621      	mov	r1, r4
 8002fee:	4630      	mov	r0, r6
 8002ff0:	9ba1      	ldr	r3, [sp, #644]	; 0x284
 8002ff2:	4798      	blx	r3
 8002ff4:	2800      	cmp	r0, #0
 8002ff6:	d0eb      	beq.n	8002fd0 <__ssvfiscanf_r+0x190>
 8002ff8:	9844      	ldr	r0, [sp, #272]	; 0x110
 8002ffa:	2800      	cmp	r0, #0
 8002ffc:	f040 8084 	bne.w	8003108 <__ssvfiscanf_r+0x2c8>
 8003000:	f04f 30ff 	mov.w	r0, #4294967295
 8003004:	e086      	b.n	8003114 <__ssvfiscanf_r+0x2d4>
 8003006:	9a41      	ldr	r2, [sp, #260]	; 0x104
 8003008:	f042 0220 	orr.w	r2, r2, #32
 800300c:	9241      	str	r2, [sp, #260]	; 0x104
 800300e:	9a41      	ldr	r2, [sp, #260]	; 0x104
 8003010:	f442 7200 	orr.w	r2, r2, #512	; 0x200
 8003014:	9241      	str	r2, [sp, #260]	; 0x104
 8003016:	2210      	movs	r2, #16
 8003018:	2b6f      	cmp	r3, #111	; 0x6f
 800301a:	bf34      	ite	cc
 800301c:	2303      	movcc	r3, #3
 800301e:	2304      	movcs	r3, #4
 8003020:	9242      	str	r2, [sp, #264]	; 0x108
 8003022:	9347      	str	r3, [sp, #284]	; 0x11c
 8003024:	6863      	ldr	r3, [r4, #4]
 8003026:	2b00      	cmp	r3, #0
 8003028:	dd41      	ble.n	80030ae <__ssvfiscanf_r+0x26e>
 800302a:	9b41      	ldr	r3, [sp, #260]	; 0x104
 800302c:	0659      	lsls	r1, r3, #25
 800302e:	d404      	bmi.n	800303a <__ssvfiscanf_r+0x1fa>
 8003030:	6823      	ldr	r3, [r4, #0]
 8003032:	781a      	ldrb	r2, [r3, #0]
 8003034:	5cba      	ldrb	r2, [r7, r2]
 8003036:	0712      	lsls	r2, r2, #28
 8003038:	d440      	bmi.n	80030bc <__ssvfiscanf_r+0x27c>
 800303a:	9b47      	ldr	r3, [sp, #284]	; 0x11c
 800303c:	2b02      	cmp	r3, #2
 800303e:	dc4f      	bgt.n	80030e0 <__ssvfiscanf_r+0x2a0>
 8003040:	466b      	mov	r3, sp
 8003042:	4622      	mov	r2, r4
 8003044:	4630      	mov	r0, r6
 8003046:	a941      	add	r1, sp, #260	; 0x104
 8003048:	f000 fb62 	bl	8003710 <_scanf_chars>
 800304c:	2801      	cmp	r0, #1
 800304e:	d065      	beq.n	800311c <__ssvfiscanf_r+0x2dc>
 8003050:	2802      	cmp	r0, #2
 8003052:	f47f af1e 	bne.w	8002e92 <__ssvfiscanf_r+0x52>
 8003056:	e7cf      	b.n	8002ff8 <__ssvfiscanf_r+0x1b8>
 8003058:	220a      	movs	r2, #10
 800305a:	e7dd      	b.n	8003018 <__ssvfiscanf_r+0x1d8>
 800305c:	2300      	movs	r3, #0
 800305e:	9342      	str	r3, [sp, #264]	; 0x108
 8003060:	2303      	movs	r3, #3
 8003062:	e7de      	b.n	8003022 <__ssvfiscanf_r+0x1e2>
 8003064:	2308      	movs	r3, #8
 8003066:	9342      	str	r3, [sp, #264]	; 0x108
 8003068:	2304      	movs	r3, #4
 800306a:	e7da      	b.n	8003022 <__ssvfiscanf_r+0x1e2>
 800306c:	4629      	mov	r1, r5
 800306e:	4640      	mov	r0, r8
 8003070:	f000 fcba 	bl	80039e8 <__sccl>
 8003074:	9b41      	ldr	r3, [sp, #260]	; 0x104
 8003076:	4605      	mov	r5, r0
 8003078:	f043 0340 	orr.w	r3, r3, #64	; 0x40
 800307c:	9341      	str	r3, [sp, #260]	; 0x104
 800307e:	2301      	movs	r3, #1
 8003080:	e7cf      	b.n	8003022 <__ssvfiscanf_r+0x1e2>
 8003082:	9b41      	ldr	r3, [sp, #260]	; 0x104
 8003084:	f043 0340 	orr.w	r3, r3, #64	; 0x40
 8003088:	9341      	str	r3, [sp, #260]	; 0x104
 800308a:	2300      	movs	r3, #0
 800308c:	e7c9      	b.n	8003022 <__ssvfiscanf_r+0x1e2>
 800308e:	2302      	movs	r3, #2
 8003090:	e7c7      	b.n	8003022 <__ssvfiscanf_r+0x1e2>
 8003092:	9841      	ldr	r0, [sp, #260]	; 0x104
 8003094:	06c3      	lsls	r3, r0, #27
 8003096:	f53f aefc 	bmi.w	8002e92 <__ssvfiscanf_r+0x52>
 800309a:	9b00      	ldr	r3, [sp, #0]
 800309c:	9a45      	ldr	r2, [sp, #276]	; 0x114
 800309e:	1d19      	adds	r1, r3, #4
 80030a0:	9100      	str	r1, [sp, #0]
 80030a2:	681b      	ldr	r3, [r3, #0]
 80030a4:	07c0      	lsls	r0, r0, #31
 80030a6:	bf4c      	ite	mi
 80030a8:	801a      	strhmi	r2, [r3, #0]
 80030aa:	601a      	strpl	r2, [r3, #0]
 80030ac:	e6f1      	b.n	8002e92 <__ssvfiscanf_r+0x52>
 80030ae:	4621      	mov	r1, r4
 80030b0:	4630      	mov	r0, r6
 80030b2:	9ba1      	ldr	r3, [sp, #644]	; 0x284
 80030b4:	4798      	blx	r3
 80030b6:	2800      	cmp	r0, #0
 80030b8:	d0b7      	beq.n	800302a <__ssvfiscanf_r+0x1ea>
 80030ba:	e79d      	b.n	8002ff8 <__ssvfiscanf_r+0x1b8>
 80030bc:	9a45      	ldr	r2, [sp, #276]	; 0x114
 80030be:	3201      	adds	r2, #1
 80030c0:	9245      	str	r2, [sp, #276]	; 0x114
 80030c2:	6862      	ldr	r2, [r4, #4]
 80030c4:	3a01      	subs	r2, #1
 80030c6:	2a00      	cmp	r2, #0
 80030c8:	6062      	str	r2, [r4, #4]
 80030ca:	dd02      	ble.n	80030d2 <__ssvfiscanf_r+0x292>
 80030cc:	3301      	adds	r3, #1
 80030ce:	6023      	str	r3, [r4, #0]
 80030d0:	e7ae      	b.n	8003030 <__ssvfiscanf_r+0x1f0>
 80030d2:	4621      	mov	r1, r4
 80030d4:	4630      	mov	r0, r6
 80030d6:	9ba1      	ldr	r3, [sp, #644]	; 0x284
 80030d8:	4798      	blx	r3
 80030da:	2800      	cmp	r0, #0
 80030dc:	d0a8      	beq.n	8003030 <__ssvfiscanf_r+0x1f0>
 80030de:	e78b      	b.n	8002ff8 <__ssvfiscanf_r+0x1b8>
 80030e0:	2b04      	cmp	r3, #4
 80030e2:	dc06      	bgt.n	80030f2 <__ssvfiscanf_r+0x2b2>
 80030e4:	466b      	mov	r3, sp
 80030e6:	4622      	mov	r2, r4
 80030e8:	4630      	mov	r0, r6
 80030ea:	a941      	add	r1, sp, #260	; 0x104
 80030ec:	f000 fb68 	bl	80037c0 <_scanf_i>
 80030f0:	e7ac      	b.n	800304c <__ssvfiscanf_r+0x20c>
 80030f2:	4b0f      	ldr	r3, [pc, #60]	; (8003130 <__ssvfiscanf_r+0x2f0>)
 80030f4:	2b00      	cmp	r3, #0
 80030f6:	f43f aecc 	beq.w	8002e92 <__ssvfiscanf_r+0x52>
 80030fa:	466b      	mov	r3, sp
 80030fc:	4622      	mov	r2, r4
 80030fe:	4630      	mov	r0, r6
 8003100:	a941      	add	r1, sp, #260	; 0x104
 8003102:	f3af 8000 	nop.w
 8003106:	e7a1      	b.n	800304c <__ssvfiscanf_r+0x20c>
 8003108:	89a3      	ldrh	r3, [r4, #12]
 800310a:	f013 0f40 	tst.w	r3, #64	; 0x40
 800310e:	bf18      	it	ne
 8003110:	f04f 30ff 	movne.w	r0, #4294967295
 8003114:	f50d 7d23 	add.w	sp, sp, #652	; 0x28c
 8003118:	e8bd 8ff0 	ldmia.w	sp!, {r4, r5, r6, r7, r8, r9, sl, fp, pc}
 800311c:	9844      	ldr	r0, [sp, #272]	; 0x110
 800311e:	e7f9      	b.n	8003114 <__ssvfiscanf_r+0x2d4>
 8003120:	08002d8d 	.word	0x08002d8d
 8003124:	08002e07 	.word	0x08002e07
 8003128:	08003f09 	.word	0x08003f09
 800312c:	08004076 	.word	0x08004076
 8003130:	00000000 	.word	0x00000000

08003134 <__sfputc_r>:
 8003134:	6893      	ldr	r3, [r2, #8]
 8003136:	b410      	push	{r4}
 8003138:	3b01      	subs	r3, #1
 800313a:	2b00      	cmp	r3, #0
 800313c:	6093      	str	r3, [r2, #8]
 800313e:	da07      	bge.n	8003150 <__sfputc_r+0x1c>
 8003140:	6994      	ldr	r4, [r2, #24]
 8003142:	42a3      	cmp	r3, r4
 8003144:	db01      	blt.n	800314a <__sfputc_r+0x16>
 8003146:	290a      	cmp	r1, #10
 8003148:	d102      	bne.n	8003150 <__sfputc_r+0x1c>
 800314a:	bc10      	pop	{r4}
 800314c:	f7ff b904 	b.w	8002358 <__swbuf_r>
 8003150:	6813      	ldr	r3, [r2, #0]
 8003152:	1c58      	adds	r0, r3, #1
 8003154:	6010      	str	r0, [r2, #0]
 8003156:	7019      	strb	r1, [r3, #0]
 8003158:	4608      	mov	r0, r1
 800315a:	bc10      	pop	{r4}
 800315c:	4770      	bx	lr

0800315e <__sfputs_r>:
 800315e:	b5f8      	push	{r3, r4, r5, r6, r7, lr}
 8003160:	4606      	mov	r6, r0
 8003162:	460f      	mov	r7, r1
 8003164:	4614      	mov	r4, r2
 8003166:	18d5      	adds	r5, r2, r3
 8003168:	42ac      	cmp	r4, r5
 800316a:	d101      	bne.n	8003170 <__sfputs_r+0x12>
 800316c:	2000      	movs	r0, #0
 800316e:	e007      	b.n	8003180 <__sfputs_r+0x22>
 8003170:	463a      	mov	r2, r7
 8003172:	4630      	mov	r0, r6
 8003174:	f814 1b01 	ldrb.w	r1, [r4], #1
 8003178:	f7ff ffdc 	bl	8003134 <__sfputc_r>
 800317c:	1c43      	adds	r3, r0, #1
 800317e:	d1f3      	bne.n	8003168 <__sfputs_r+0xa>
 8003180:	bdf8      	pop	{r3, r4, r5, r6, r7, pc}
	...

08003184 <_vfiprintf_r>:
 8003184:	e92d 4ff0 	stmdb	sp!, {r4, r5, r6, r7, r8, r9, sl, fp, lr}
 8003188:	460d      	mov	r5, r1
 800318a:	4614      	mov	r4, r2
 800318c:	4698      	mov	r8, r3
 800318e:	4606      	mov	r6, r0
 8003190:	b09d      	sub	sp, #116	; 0x74
 8003192:	b118      	cbz	r0, 800319c <_vfiprintf_r+0x18>
 8003194:	6983      	ldr	r3, [r0, #24]
 8003196:	b90b      	cbnz	r3, 800319c <_vfiprintf_r+0x18>
 8003198:	f7ff fae0 	bl	800275c <__sinit>
 800319c:	4b89      	ldr	r3, [pc, #548]	; (80033c4 <_vfiprintf_r+0x240>)
 800319e:	429d      	cmp	r5, r3
 80031a0:	d11b      	bne.n	80031da <_vfiprintf_r+0x56>
 80031a2:	6875      	ldr	r5, [r6, #4]
 80031a4:	6e6b      	ldr	r3, [r5, #100]	; 0x64
 80031a6:	07d9      	lsls	r1, r3, #31
 80031a8:	d405      	bmi.n	80031b6 <_vfiprintf_r+0x32>
 80031aa:	89ab      	ldrh	r3, [r5, #12]
 80031ac:	059a      	lsls	r2, r3, #22
 80031ae:	d402      	bmi.n	80031b6 <_vfiprintf_r+0x32>
 80031b0:	6da8      	ldr	r0, [r5, #88]	; 0x58
 80031b2:	f7ff fb71 	bl	8002898 <__retarget_lock_acquire_recursive>
 80031b6:	89ab      	ldrh	r3, [r5, #12]
 80031b8:	071b      	lsls	r3, r3, #28
 80031ba:	d501      	bpl.n	80031c0 <_vfiprintf_r+0x3c>
 80031bc:	692b      	ldr	r3, [r5, #16]
 80031be:	b9eb      	cbnz	r3, 80031fc <_vfiprintf_r+0x78>
 80031c0:	4629      	mov	r1, r5
 80031c2:	4630      	mov	r0, r6
 80031c4:	f7ff f92c 	bl	8002420 <__swsetup_r>
 80031c8:	b1c0      	cbz	r0, 80031fc <_vfiprintf_r+0x78>
 80031ca:	6e6b      	ldr	r3, [r5, #100]	; 0x64
 80031cc:	07dc      	lsls	r4, r3, #31
 80031ce:	d50e      	bpl.n	80031ee <_vfiprintf_r+0x6a>
 80031d0:	f04f 30ff 	mov.w	r0, #4294967295
 80031d4:	b01d      	add	sp, #116	; 0x74
 80031d6:	e8bd 8ff0 	ldmia.w	sp!, {r4, r5, r6, r7, r8, r9, sl, fp, pc}
 80031da:	4b7b      	ldr	r3, [pc, #492]	; (80033c8 <_vfiprintf_r+0x244>)
 80031dc:	429d      	cmp	r5, r3
 80031de:	d101      	bne.n	80031e4 <_vfiprintf_r+0x60>
 80031e0:	68b5      	ldr	r5, [r6, #8]
 80031e2:	e7df      	b.n	80031a4 <_vfiprintf_r+0x20>
 80031e4:	4b79      	ldr	r3, [pc, #484]	; (80033cc <_vfiprintf_r+0x248>)
 80031e6:	429d      	cmp	r5, r3
 80031e8:	bf08      	it	eq
 80031ea:	68f5      	ldreq	r5, [r6, #12]
 80031ec:	e7da      	b.n	80031a4 <_vfiprintf_r+0x20>
 80031ee:	89ab      	ldrh	r3, [r5, #12]
 80031f0:	0598      	lsls	r0, r3, #22
 80031f2:	d4ed      	bmi.n	80031d0 <_vfiprintf_r+0x4c>
 80031f4:	6da8      	ldr	r0, [r5, #88]	; 0x58
 80031f6:	f7ff fb50 	bl	800289a <__retarget_lock_release_recursive>
 80031fa:	e7e9      	b.n	80031d0 <_vfiprintf_r+0x4c>
 80031fc:	2300      	movs	r3, #0
 80031fe:	9309      	str	r3, [sp, #36]	; 0x24
 8003200:	2320      	movs	r3, #32
 8003202:	f88d 3029 	strb.w	r3, [sp, #41]	; 0x29
 8003206:	2330      	movs	r3, #48	; 0x30
 8003208:	f04f 0901 	mov.w	r9, #1
 800320c:	f8cd 800c 	str.w	r8, [sp, #12]
 8003210:	f8df 81bc 	ldr.w	r8, [pc, #444]	; 80033d0 <_vfiprintf_r+0x24c>
 8003214:	f88d 302a 	strb.w	r3, [sp, #42]	; 0x2a
 8003218:	4623      	mov	r3, r4
 800321a:	469a      	mov	sl, r3
 800321c:	f813 2b01 	ldrb.w	r2, [r3], #1
 8003220:	b10a      	cbz	r2, 8003226 <_vfiprintf_r+0xa2>
 8003222:	2a25      	cmp	r2, #37	; 0x25
 8003224:	d1f9      	bne.n	800321a <_vfiprintf_r+0x96>
 8003226:	ebba 0b04 	subs.w	fp, sl, r4
 800322a:	d00b      	beq.n	8003244 <_vfiprintf_r+0xc0>
 800322c:	465b      	mov	r3, fp
 800322e:	4622      	mov	r2, r4
 8003230:	4629      	mov	r1, r5
 8003232:	4630      	mov	r0, r6
 8003234:	f7ff ff93 	bl	800315e <__sfputs_r>
 8003238:	3001      	adds	r0, #1
 800323a:	f000 80aa 	beq.w	8003392 <_vfiprintf_r+0x20e>
 800323e:	9a09      	ldr	r2, [sp, #36]	; 0x24
 8003240:	445a      	add	r2, fp
 8003242:	9209      	str	r2, [sp, #36]	; 0x24
 8003244:	f89a 3000 	ldrb.w	r3, [sl]
 8003248:	2b00      	cmp	r3, #0
 800324a:	f000 80a2 	beq.w	8003392 <_vfiprintf_r+0x20e>
 800324e:	2300      	movs	r3, #0
 8003250:	f04f 32ff 	mov.w	r2, #4294967295
 8003254:	e9cd 2305 	strd	r2, r3, [sp, #20]
 8003258:	f10a 0a01 	add.w	sl, sl, #1
 800325c:	9304      	str	r3, [sp, #16]
 800325e:	9307      	str	r3, [sp, #28]
 8003260:	f88d 3053 	strb.w	r3, [sp, #83]	; 0x53
 8003264:	931a      	str	r3, [sp, #104]	; 0x68
 8003266:	4654      	mov	r4, sl
 8003268:	2205      	movs	r2, #5
 800326a:	f814 1b01 	ldrb.w	r1, [r4], #1
 800326e:	4858      	ldr	r0, [pc, #352]	; (80033d0 <_vfiprintf_r+0x24c>)
 8003270:	f000 fccc 	bl	8003c0c <memchr>
 8003274:	9a04      	ldr	r2, [sp, #16]
 8003276:	b9d8      	cbnz	r0, 80032b0 <_vfiprintf_r+0x12c>
 8003278:	06d1      	lsls	r1, r2, #27
 800327a:	bf44      	itt	mi
 800327c:	2320      	movmi	r3, #32
 800327e:	f88d 3053 	strbmi.w	r3, [sp, #83]	; 0x53
 8003282:	0713      	lsls	r3, r2, #28
 8003284:	bf44      	itt	mi
 8003286:	232b      	movmi	r3, #43	; 0x2b
 8003288:	f88d 3053 	strbmi.w	r3, [sp, #83]	; 0x53
 800328c:	f89a 3000 	ldrb.w	r3, [sl]
 8003290:	2b2a      	cmp	r3, #42	; 0x2a
 8003292:	d015      	beq.n	80032c0 <_vfiprintf_r+0x13c>
 8003294:	4654      	mov	r4, sl
 8003296:	2000      	movs	r0, #0
 8003298:	f04f 0c0a 	mov.w	ip, #10
 800329c:	9a07      	ldr	r2, [sp, #28]
 800329e:	4621      	mov	r1, r4
 80032a0:	f811 3b01 	ldrb.w	r3, [r1], #1
 80032a4:	3b30      	subs	r3, #48	; 0x30
 80032a6:	2b09      	cmp	r3, #9
 80032a8:	d94e      	bls.n	8003348 <_vfiprintf_r+0x1c4>
 80032aa:	b1b0      	cbz	r0, 80032da <_vfiprintf_r+0x156>
 80032ac:	9207      	str	r2, [sp, #28]
 80032ae:	e014      	b.n	80032da <_vfiprintf_r+0x156>
 80032b0:	eba0 0308 	sub.w	r3, r0, r8
 80032b4:	fa09 f303 	lsl.w	r3, r9, r3
 80032b8:	4313      	orrs	r3, r2
 80032ba:	46a2      	mov	sl, r4
 80032bc:	9304      	str	r3, [sp, #16]
 80032be:	e7d2      	b.n	8003266 <_vfiprintf_r+0xe2>
 80032c0:	9b03      	ldr	r3, [sp, #12]
 80032c2:	1d19      	adds	r1, r3, #4
 80032c4:	681b      	ldr	r3, [r3, #0]
 80032c6:	9103      	str	r1, [sp, #12]
 80032c8:	2b00      	cmp	r3, #0
 80032ca:	bfbb      	ittet	lt
 80032cc:	425b      	neglt	r3, r3
 80032ce:	f042 0202 	orrlt.w	r2, r2, #2
 80032d2:	9307      	strge	r3, [sp, #28]
 80032d4:	9307      	strlt	r3, [sp, #28]
 80032d6:	bfb8      	it	lt
 80032d8:	9204      	strlt	r2, [sp, #16]
 80032da:	7823      	ldrb	r3, [r4, #0]
 80032dc:	2b2e      	cmp	r3, #46	; 0x2e
 80032de:	d10c      	bne.n	80032fa <_vfiprintf_r+0x176>
 80032e0:	7863      	ldrb	r3, [r4, #1]
 80032e2:	2b2a      	cmp	r3, #42	; 0x2a
 80032e4:	d135      	bne.n	8003352 <_vfiprintf_r+0x1ce>
 80032e6:	9b03      	ldr	r3, [sp, #12]
 80032e8:	3402      	adds	r4, #2
 80032ea:	1d1a      	adds	r2, r3, #4
 80032ec:	681b      	ldr	r3, [r3, #0]
 80032ee:	9203      	str	r2, [sp, #12]
 80032f0:	2b00      	cmp	r3, #0
 80032f2:	bfb8      	it	lt
 80032f4:	f04f 33ff 	movlt.w	r3, #4294967295
 80032f8:	9305      	str	r3, [sp, #20]
 80032fa:	f8df a0e4 	ldr.w	sl, [pc, #228]	; 80033e0 <_vfiprintf_r+0x25c>
 80032fe:	2203      	movs	r2, #3
 8003300:	4650      	mov	r0, sl
 8003302:	7821      	ldrb	r1, [r4, #0]
 8003304:	f000 fc82 	bl	8003c0c <memchr>
 8003308:	b140      	cbz	r0, 800331c <_vfiprintf_r+0x198>
 800330a:	2340      	movs	r3, #64	; 0x40
 800330c:	eba0 000a 	sub.w	r0, r0, sl
 8003310:	fa03 f000 	lsl.w	r0, r3, r0
 8003314:	9b04      	ldr	r3, [sp, #16]
 8003316:	3401      	adds	r4, #1
 8003318:	4303      	orrs	r3, r0
 800331a:	9304      	str	r3, [sp, #16]
 800331c:	f814 1b01 	ldrb.w	r1, [r4], #1
 8003320:	2206      	movs	r2, #6
 8003322:	482c      	ldr	r0, [pc, #176]	; (80033d4 <_vfiprintf_r+0x250>)
 8003324:	f88d 1028 	strb.w	r1, [sp, #40]	; 0x28
 8003328:	f000 fc70 	bl	8003c0c <memchr>
 800332c:	2800      	cmp	r0, #0
 800332e:	d03f      	beq.n	80033b0 <_vfiprintf_r+0x22c>
 8003330:	4b29      	ldr	r3, [pc, #164]	; (80033d8 <_vfiprintf_r+0x254>)
 8003332:	bb1b      	cbnz	r3, 800337c <_vfiprintf_r+0x1f8>
 8003334:	9b03      	ldr	r3, [sp, #12]
 8003336:	3307      	adds	r3, #7
 8003338:	f023 0307 	bic.w	r3, r3, #7
 800333c:	3308      	adds	r3, #8
 800333e:	9303      	str	r3, [sp, #12]
 8003340:	9b09      	ldr	r3, [sp, #36]	; 0x24
 8003342:	443b      	add	r3, r7
 8003344:	9309      	str	r3, [sp, #36]	; 0x24
 8003346:	e767      	b.n	8003218 <_vfiprintf_r+0x94>
 8003348:	460c      	mov	r4, r1
 800334a:	2001      	movs	r0, #1
 800334c:	fb0c 3202 	mla	r2, ip, r2, r3
 8003350:	e7a5      	b.n	800329e <_vfiprintf_r+0x11a>
 8003352:	2300      	movs	r3, #0
 8003354:	f04f 0c0a 	mov.w	ip, #10
 8003358:	4619      	mov	r1, r3
 800335a:	3401      	adds	r4, #1
 800335c:	9305      	str	r3, [sp, #20]
 800335e:	4620      	mov	r0, r4
 8003360:	f810 2b01 	ldrb.w	r2, [r0], #1
 8003364:	3a30      	subs	r2, #48	; 0x30
 8003366:	2a09      	cmp	r2, #9
 8003368:	d903      	bls.n	8003372 <_vfiprintf_r+0x1ee>
 800336a:	2b00      	cmp	r3, #0
 800336c:	d0c5      	beq.n	80032fa <_vfiprintf_r+0x176>
 800336e:	9105      	str	r1, [sp, #20]
 8003370:	e7c3      	b.n	80032fa <_vfiprintf_r+0x176>
 8003372:	4604      	mov	r4, r0
 8003374:	2301      	movs	r3, #1
 8003376:	fb0c 2101 	mla	r1, ip, r1, r2
 800337a:	e7f0      	b.n	800335e <_vfiprintf_r+0x1da>
 800337c:	ab03      	add	r3, sp, #12
 800337e:	9300      	str	r3, [sp, #0]
 8003380:	462a      	mov	r2, r5
 8003382:	4630      	mov	r0, r6
 8003384:	4b15      	ldr	r3, [pc, #84]	; (80033dc <_vfiprintf_r+0x258>)
 8003386:	a904      	add	r1, sp, #16
 8003388:	f3af 8000 	nop.w
 800338c:	4607      	mov	r7, r0
 800338e:	1c78      	adds	r0, r7, #1
 8003390:	d1d6      	bne.n	8003340 <_vfiprintf_r+0x1bc>
 8003392:	6e6b      	ldr	r3, [r5, #100]	; 0x64
 8003394:	07d9      	lsls	r1, r3, #31
 8003396:	d405      	bmi.n	80033a4 <_vfiprintf_r+0x220>
 8003398:	89ab      	ldrh	r3, [r5, #12]
 800339a:	059a      	lsls	r2, r3, #22
 800339c:	d402      	bmi.n	80033a4 <_vfiprintf_r+0x220>
 800339e:	6da8      	ldr	r0, [r5, #88]	; 0x58
 80033a0:	f7ff fa7b 	bl	800289a <__retarget_lock_release_recursive>
 80033a4:	89ab      	ldrh	r3, [r5, #12]
 80033a6:	065b      	lsls	r3, r3, #25
 80033a8:	f53f af12 	bmi.w	80031d0 <_vfiprintf_r+0x4c>
 80033ac:	9809      	ldr	r0, [sp, #36]	; 0x24
 80033ae:	e711      	b.n	80031d4 <_vfiprintf_r+0x50>
 80033b0:	ab03      	add	r3, sp, #12
 80033b2:	9300      	str	r3, [sp, #0]
 80033b4:	462a      	mov	r2, r5
 80033b6:	4630      	mov	r0, r6
 80033b8:	4b08      	ldr	r3, [pc, #32]	; (80033dc <_vfiprintf_r+0x258>)
 80033ba:	a904      	add	r1, sp, #16
 80033bc:	f000 f882 	bl	80034c4 <_printf_i>
 80033c0:	e7e4      	b.n	800338c <_vfiprintf_r+0x208>
 80033c2:	bf00      	nop
 80033c4:	0800402c 	.word	0x0800402c
 80033c8:	0800404c 	.word	0x0800404c
 80033cc:	0800400c 	.word	0x0800400c
 80033d0:	08004070 	.word	0x08004070
 80033d4:	0800407a 	.word	0x0800407a
 80033d8:	00000000 	.word	0x00000000
 80033dc:	0800315f 	.word	0x0800315f
 80033e0:	08004076 	.word	0x08004076

080033e4 <_printf_common>:
 80033e4:	e92d 47f0 	stmdb	sp!, {r4, r5, r6, r7, r8, r9, sl, lr}
 80033e8:	4616      	mov	r6, r2
 80033ea:	4699      	mov	r9, r3
 80033ec:	688a      	ldr	r2, [r1, #8]
 80033ee:	690b      	ldr	r3, [r1, #16]
 80033f0:	4607      	mov	r7, r0
 80033f2:	4293      	cmp	r3, r2
 80033f4:	bfb8      	it	lt
 80033f6:	4613      	movlt	r3, r2
 80033f8:	6033      	str	r3, [r6, #0]
 80033fa:	f891 2043 	ldrb.w	r2, [r1, #67]	; 0x43
 80033fe:	460c      	mov	r4, r1
 8003400:	f8dd 8020 	ldr.w	r8, [sp, #32]
 8003404:	b10a      	cbz	r2, 800340a <_printf_common+0x26>
 8003406:	3301      	adds	r3, #1
 8003408:	6033      	str	r3, [r6, #0]
 800340a:	6823      	ldr	r3, [r4, #0]
 800340c:	0699      	lsls	r1, r3, #26
 800340e:	bf42      	ittt	mi
 8003410:	6833      	ldrmi	r3, [r6, #0]
 8003412:	3302      	addmi	r3, #2
 8003414:	6033      	strmi	r3, [r6, #0]
 8003416:	6825      	ldr	r5, [r4, #0]
 8003418:	f015 0506 	ands.w	r5, r5, #6
 800341c:	d106      	bne.n	800342c <_printf_common+0x48>
 800341e:	f104 0a19 	add.w	sl, r4, #25
 8003422:	68e3      	ldr	r3, [r4, #12]
 8003424:	6832      	ldr	r2, [r6, #0]
 8003426:	1a9b      	subs	r3, r3, r2
 8003428:	42ab      	cmp	r3, r5
 800342a:	dc28      	bgt.n	800347e <_printf_common+0x9a>
 800342c:	f894 2043 	ldrb.w	r2, [r4, #67]	; 0x43
 8003430:	1e13      	subs	r3, r2, #0
 8003432:	6822      	ldr	r2, [r4, #0]
 8003434:	bf18      	it	ne
 8003436:	2301      	movne	r3, #1
 8003438:	0692      	lsls	r2, r2, #26
 800343a:	d42d      	bmi.n	8003498 <_printf_common+0xb4>
 800343c:	4649      	mov	r1, r9
 800343e:	4638      	mov	r0, r7
 8003440:	f104 0243 	add.w	r2, r4, #67	; 0x43
 8003444:	47c0      	blx	r8
 8003446:	3001      	adds	r0, #1
 8003448:	d020      	beq.n	800348c <_printf_common+0xa8>
 800344a:	6823      	ldr	r3, [r4, #0]
 800344c:	68e5      	ldr	r5, [r4, #12]
 800344e:	f003 0306 	and.w	r3, r3, #6
 8003452:	2b04      	cmp	r3, #4
 8003454:	bf18      	it	ne
 8003456:	2500      	movne	r5, #0
 8003458:	6832      	ldr	r2, [r6, #0]
 800345a:	f04f 0600 	mov.w	r6, #0
 800345e:	68a3      	ldr	r3, [r4, #8]
 8003460:	bf08      	it	eq
 8003462:	1aad      	subeq	r5, r5, r2
 8003464:	6922      	ldr	r2, [r4, #16]
 8003466:	bf08      	it	eq
 8003468:	ea25 75e5 	biceq.w	r5, r5, r5, asr #31
 800346c:	4293      	cmp	r3, r2
 800346e:	bfc4      	itt	gt
 8003470:	1a9b      	subgt	r3, r3, r2
 8003472:	18ed      	addgt	r5, r5, r3
 8003474:	341a      	adds	r4, #26
 8003476:	42b5      	cmp	r5, r6
 8003478:	d11a      	bne.n	80034b0 <_printf_common+0xcc>
 800347a:	2000      	movs	r0, #0
 800347c:	e008      	b.n	8003490 <_printf_common+0xac>
 800347e:	2301      	movs	r3, #1
 8003480:	4652      	mov	r2, sl
 8003482:	4649      	mov	r1, r9
 8003484:	4638      	mov	r0, r7
 8003486:	47c0      	blx	r8
 8003488:	3001      	adds	r0, #1
 800348a:	d103      	bne.n	8003494 <_printf_common+0xb0>
 800348c:	f04f 30ff 	mov.w	r0, #4294967295
 8003490:	e8bd 87f0 	ldmia.w	sp!, {r4, r5, r6, r7, r8, r9, sl, pc}
 8003494:	3501      	adds	r5, #1
 8003496:	e7c4      	b.n	8003422 <_printf_common+0x3e>
 8003498:	2030      	movs	r0, #48	; 0x30
 800349a:	18e1      	adds	r1, r4, r3
 800349c:	f881 0043 	strb.w	r0, [r1, #67]	; 0x43
 80034a0:	1c5a      	adds	r2, r3, #1
 80034a2:	f894 1045 	ldrb.w	r1, [r4, #69]	; 0x45
 80034a6:	4422      	add	r2, r4
 80034a8:	3302      	adds	r3, #2
 80034aa:	f882 1043 	strb.w	r1, [r2, #67]	; 0x43
 80034ae:	e7c5      	b.n	800343c <_printf_common+0x58>
 80034b0:	2301      	movs	r3, #1
 80034b2:	4622      	mov	r2, r4
 80034b4:	4649      	mov	r1, r9
 80034b6:	4638      	mov	r0, r7
 80034b8:	47c0      	blx	r8
 80034ba:	3001      	adds	r0, #1
 80034bc:	d0e6      	beq.n	800348c <_printf_common+0xa8>
 80034be:	3601      	adds	r6, #1
 80034c0:	e7d9      	b.n	8003476 <_printf_common+0x92>
	...

080034c4 <_printf_i>:
 80034c4:	e92d 47ff 	stmdb	sp!, {r0, r1, r2, r3, r4, r5, r6, r7, r8, r9, sl, lr}
 80034c8:	460c      	mov	r4, r1
 80034ca:	7e27      	ldrb	r7, [r4, #24]
 80034cc:	4691      	mov	r9, r2
 80034ce:	2f78      	cmp	r7, #120	; 0x78
 80034d0:	4680      	mov	r8, r0
 80034d2:	469a      	mov	sl, r3
 80034d4:	990c      	ldr	r1, [sp, #48]	; 0x30
 80034d6:	f104 0243 	add.w	r2, r4, #67	; 0x43
 80034da:	d807      	bhi.n	80034ec <_printf_i+0x28>
 80034dc:	2f62      	cmp	r7, #98	; 0x62
 80034de:	d80a      	bhi.n	80034f6 <_printf_i+0x32>
 80034e0:	2f00      	cmp	r7, #0
 80034e2:	f000 80d9 	beq.w	8003698 <_printf_i+0x1d4>
 80034e6:	2f58      	cmp	r7, #88	; 0x58
 80034e8:	f000 80a4 	beq.w	8003634 <_printf_i+0x170>
 80034ec:	f104 0642 	add.w	r6, r4, #66	; 0x42
 80034f0:	f884 7042 	strb.w	r7, [r4, #66]	; 0x42
 80034f4:	e03a      	b.n	800356c <_printf_i+0xa8>
 80034f6:	f1a7 0363 	sub.w	r3, r7, #99	; 0x63
 80034fa:	2b15      	cmp	r3, #21
 80034fc:	d8f6      	bhi.n	80034ec <_printf_i+0x28>
 80034fe:	a001      	add	r0, pc, #4	; (adr r0, 8003504 <_printf_i+0x40>)
 8003500:	f850 f023 	ldr.w	pc, [r0, r3, lsl #2]
 8003504:	0800355d 	.word	0x0800355d
 8003508:	08003571 	.word	0x08003571
 800350c:	080034ed 	.word	0x080034ed
 8003510:	080034ed 	.word	0x080034ed
 8003514:	080034ed 	.word	0x080034ed
 8003518:	080034ed 	.word	0x080034ed
 800351c:	08003571 	.word	0x08003571
 8003520:	080034ed 	.word	0x080034ed
 8003524:	080034ed 	.word	0x080034ed
 8003528:	080034ed 	.word	0x080034ed
 800352c:	080034ed 	.word	0x080034ed
 8003530:	0800367f 	.word	0x0800367f
 8003534:	080035a1 	.word	0x080035a1
 8003538:	08003661 	.word	0x08003661
 800353c:	080034ed 	.word	0x080034ed
 8003540:	080034ed 	.word	0x080034ed
 8003544:	080036a1 	.word	0x080036a1
 8003548:	080034ed 	.word	0x080034ed
 800354c:	080035a1 	.word	0x080035a1
 8003550:	080034ed 	.word	0x080034ed
 8003554:	080034ed 	.word	0x080034ed
 8003558:	08003669 	.word	0x08003669
 800355c:	680b      	ldr	r3, [r1, #0]
 800355e:	f104 0642 	add.w	r6, r4, #66	; 0x42
 8003562:	1d1a      	adds	r2, r3, #4
 8003564:	681b      	ldr	r3, [r3, #0]
 8003566:	600a      	str	r2, [r1, #0]
 8003568:	f884 3042 	strb.w	r3, [r4, #66]	; 0x42
 800356c:	2301      	movs	r3, #1
 800356e:	e0a4      	b.n	80036ba <_printf_i+0x1f6>
 8003570:	6825      	ldr	r5, [r4, #0]
 8003572:	6808      	ldr	r0, [r1, #0]
 8003574:	062e      	lsls	r6, r5, #24
 8003576:	f100 0304 	add.w	r3, r0, #4
 800357a:	d50a      	bpl.n	8003592 <_printf_i+0xce>
 800357c:	6805      	ldr	r5, [r0, #0]
 800357e:	600b      	str	r3, [r1, #0]
 8003580:	2d00      	cmp	r5, #0
 8003582:	da03      	bge.n	800358c <_printf_i+0xc8>
 8003584:	232d      	movs	r3, #45	; 0x2d
 8003586:	426d      	negs	r5, r5
 8003588:	f884 3043 	strb.w	r3, [r4, #67]	; 0x43
 800358c:	230a      	movs	r3, #10
 800358e:	485e      	ldr	r0, [pc, #376]	; (8003708 <_printf_i+0x244>)
 8003590:	e019      	b.n	80035c6 <_printf_i+0x102>
 8003592:	f015 0f40 	tst.w	r5, #64	; 0x40
 8003596:	6805      	ldr	r5, [r0, #0]
 8003598:	600b      	str	r3, [r1, #0]
 800359a:	bf18      	it	ne
 800359c:	b22d      	sxthne	r5, r5
 800359e:	e7ef      	b.n	8003580 <_printf_i+0xbc>
 80035a0:	680b      	ldr	r3, [r1, #0]
 80035a2:	6825      	ldr	r5, [r4, #0]
 80035a4:	1d18      	adds	r0, r3, #4
 80035a6:	6008      	str	r0, [r1, #0]
 80035a8:	0628      	lsls	r0, r5, #24
 80035aa:	d501      	bpl.n	80035b0 <_printf_i+0xec>
 80035ac:	681d      	ldr	r5, [r3, #0]
 80035ae:	e002      	b.n	80035b6 <_printf_i+0xf2>
 80035b0:	0669      	lsls	r1, r5, #25
 80035b2:	d5fb      	bpl.n	80035ac <_printf_i+0xe8>
 80035b4:	881d      	ldrh	r5, [r3, #0]
 80035b6:	2f6f      	cmp	r7, #111	; 0x6f
 80035b8:	bf0c      	ite	eq
 80035ba:	2308      	moveq	r3, #8
 80035bc:	230a      	movne	r3, #10
 80035be:	4852      	ldr	r0, [pc, #328]	; (8003708 <_printf_i+0x244>)
 80035c0:	2100      	movs	r1, #0
 80035c2:	f884 1043 	strb.w	r1, [r4, #67]	; 0x43
 80035c6:	6866      	ldr	r6, [r4, #4]
 80035c8:	2e00      	cmp	r6, #0
 80035ca:	bfa8      	it	ge
 80035cc:	6821      	ldrge	r1, [r4, #0]
 80035ce:	60a6      	str	r6, [r4, #8]
 80035d0:	bfa4      	itt	ge
 80035d2:	f021 0104 	bicge.w	r1, r1, #4
 80035d6:	6021      	strge	r1, [r4, #0]
 80035d8:	b90d      	cbnz	r5, 80035de <_printf_i+0x11a>
 80035da:	2e00      	cmp	r6, #0
 80035dc:	d04d      	beq.n	800367a <_printf_i+0x1b6>
 80035de:	4616      	mov	r6, r2
 80035e0:	fbb5 f1f3 	udiv	r1, r5, r3
 80035e4:	fb03 5711 	mls	r7, r3, r1, r5
 80035e8:	5dc7      	ldrb	r7, [r0, r7]
 80035ea:	f806 7d01 	strb.w	r7, [r6, #-1]!
 80035ee:	462f      	mov	r7, r5
 80035f0:	42bb      	cmp	r3, r7
 80035f2:	460d      	mov	r5, r1
 80035f4:	d9f4      	bls.n	80035e0 <_printf_i+0x11c>
 80035f6:	2b08      	cmp	r3, #8
 80035f8:	d10b      	bne.n	8003612 <_printf_i+0x14e>
 80035fa:	6823      	ldr	r3, [r4, #0]
 80035fc:	07df      	lsls	r7, r3, #31
 80035fe:	d508      	bpl.n	8003612 <_printf_i+0x14e>
 8003600:	6923      	ldr	r3, [r4, #16]
 8003602:	6861      	ldr	r1, [r4, #4]
 8003604:	4299      	cmp	r1, r3
 8003606:	bfde      	ittt	le
 8003608:	2330      	movle	r3, #48	; 0x30
 800360a:	f806 3c01 	strble.w	r3, [r6, #-1]
 800360e:	f106 36ff 	addle.w	r6, r6, #4294967295
 8003612:	1b92      	subs	r2, r2, r6
 8003614:	6122      	str	r2, [r4, #16]
 8003616:	464b      	mov	r3, r9
 8003618:	4621      	mov	r1, r4
 800361a:	4640      	mov	r0, r8
 800361c:	f8cd a000 	str.w	sl, [sp]
 8003620:	aa03      	add	r2, sp, #12
 8003622:	f7ff fedf 	bl	80033e4 <_printf_common>
 8003626:	3001      	adds	r0, #1
 8003628:	d14c      	bne.n	80036c4 <_printf_i+0x200>
 800362a:	f04f 30ff 	mov.w	r0, #4294967295
 800362e:	b004      	add	sp, #16
 8003630:	e8bd 87f0 	ldmia.w	sp!, {r4, r5, r6, r7, r8, r9, sl, pc}
 8003634:	4834      	ldr	r0, [pc, #208]	; (8003708 <_printf_i+0x244>)
 8003636:	f884 7045 	strb.w	r7, [r4, #69]	; 0x45
 800363a:	680e      	ldr	r6, [r1, #0]
 800363c:	6823      	ldr	r3, [r4, #0]
 800363e:	f856 5b04 	ldr.w	r5, [r6], #4
 8003642:	061f      	lsls	r7, r3, #24
 8003644:	600e      	str	r6, [r1, #0]
 8003646:	d514      	bpl.n	8003672 <_printf_i+0x1ae>
 8003648:	07d9      	lsls	r1, r3, #31
 800364a:	bf44      	itt	mi
 800364c:	f043 0320 	orrmi.w	r3, r3, #32
 8003650:	6023      	strmi	r3, [r4, #0]
 8003652:	b91d      	cbnz	r5, 800365c <_printf_i+0x198>
 8003654:	6823      	ldr	r3, [r4, #0]
 8003656:	f023 0320 	bic.w	r3, r3, #32
 800365a:	6023      	str	r3, [r4, #0]
 800365c:	2310      	movs	r3, #16
 800365e:	e7af      	b.n	80035c0 <_printf_i+0xfc>
 8003660:	6823      	ldr	r3, [r4, #0]
 8003662:	f043 0320 	orr.w	r3, r3, #32
 8003666:	6023      	str	r3, [r4, #0]
 8003668:	2378      	movs	r3, #120	; 0x78
 800366a:	4828      	ldr	r0, [pc, #160]	; (800370c <_printf_i+0x248>)
 800366c:	f884 3045 	strb.w	r3, [r4, #69]	; 0x45
 8003670:	e7e3      	b.n	800363a <_printf_i+0x176>
 8003672:	065e      	lsls	r6, r3, #25
 8003674:	bf48      	it	mi
 8003676:	b2ad      	uxthmi	r5, r5
 8003678:	e7e6      	b.n	8003648 <_printf_i+0x184>
 800367a:	4616      	mov	r6, r2
 800367c:	e7bb      	b.n	80035f6 <_printf_i+0x132>
 800367e:	680b      	ldr	r3, [r1, #0]
 8003680:	6826      	ldr	r6, [r4, #0]
 8003682:	1d1d      	adds	r5, r3, #4
 8003684:	6960      	ldr	r0, [r4, #20]
 8003686:	600d      	str	r5, [r1, #0]
 8003688:	0635      	lsls	r5, r6, #24
 800368a:	681b      	ldr	r3, [r3, #0]
 800368c:	d501      	bpl.n	8003692 <_printf_i+0x1ce>
 800368e:	6018      	str	r0, [r3, #0]
 8003690:	e002      	b.n	8003698 <_printf_i+0x1d4>
 8003692:	0671      	lsls	r1, r6, #25
 8003694:	d5fb      	bpl.n	800368e <_printf_i+0x1ca>
 8003696:	8018      	strh	r0, [r3, #0]
 8003698:	2300      	movs	r3, #0
 800369a:	4616      	mov	r6, r2
 800369c:	6123      	str	r3, [r4, #16]
 800369e:	e7ba      	b.n	8003616 <_printf_i+0x152>
 80036a0:	680b      	ldr	r3, [r1, #0]
 80036a2:	1d1a      	adds	r2, r3, #4
 80036a4:	600a      	str	r2, [r1, #0]
 80036a6:	681e      	ldr	r6, [r3, #0]
 80036a8:	2100      	movs	r1, #0
 80036aa:	4630      	mov	r0, r6
 80036ac:	6862      	ldr	r2, [r4, #4]
 80036ae:	f000 faad 	bl	8003c0c <memchr>
 80036b2:	b108      	cbz	r0, 80036b8 <_printf_i+0x1f4>
 80036b4:	1b80      	subs	r0, r0, r6
 80036b6:	6060      	str	r0, [r4, #4]
 80036b8:	6863      	ldr	r3, [r4, #4]
 80036ba:	6123      	str	r3, [r4, #16]
 80036bc:	2300      	movs	r3, #0
 80036be:	f884 3043 	strb.w	r3, [r4, #67]	; 0x43
 80036c2:	e7a8      	b.n	8003616 <_printf_i+0x152>
 80036c4:	4632      	mov	r2, r6
 80036c6:	4649      	mov	r1, r9
 80036c8:	4640      	mov	r0, r8
 80036ca:	6923      	ldr	r3, [r4, #16]
 80036cc:	47d0      	blx	sl
 80036ce:	3001      	adds	r0, #1
 80036d0:	d0ab      	beq.n	800362a <_printf_i+0x166>
 80036d2:	6823      	ldr	r3, [r4, #0]
 80036d4:	079b      	lsls	r3, r3, #30
 80036d6:	d413      	bmi.n	8003700 <_printf_i+0x23c>
 80036d8:	68e0      	ldr	r0, [r4, #12]
 80036da:	9b03      	ldr	r3, [sp, #12]
 80036dc:	4298      	cmp	r0, r3
 80036de:	bfb8      	it	lt
 80036e0:	4618      	movlt	r0, r3
 80036e2:	e7a4      	b.n	800362e <_printf_i+0x16a>
 80036e4:	2301      	movs	r3, #1
 80036e6:	4632      	mov	r2, r6
 80036e8:	4649      	mov	r1, r9
 80036ea:	4640      	mov	r0, r8
 80036ec:	47d0      	blx	sl
 80036ee:	3001      	adds	r0, #1
 80036f0:	d09b      	beq.n	800362a <_printf_i+0x166>
 80036f2:	3501      	adds	r5, #1
 80036f4:	68e3      	ldr	r3, [r4, #12]
 80036f6:	9903      	ldr	r1, [sp, #12]
 80036f8:	1a5b      	subs	r3, r3, r1
 80036fa:	42ab      	cmp	r3, r5
 80036fc:	dcf2      	bgt.n	80036e4 <_printf_i+0x220>
 80036fe:	e7eb      	b.n	80036d8 <_printf_i+0x214>
 8003700:	2500      	movs	r5, #0
 8003702:	f104 0619 	add.w	r6, r4, #25
 8003706:	e7f5      	b.n	80036f4 <_printf_i+0x230>
 8003708:	08004081 	.word	0x08004081
 800370c:	08004092 	.word	0x08004092

08003710 <_scanf_chars>:
 8003710:	e92d 43f8 	stmdb	sp!, {r3, r4, r5, r6, r7, r8, r9, lr}
 8003714:	4615      	mov	r5, r2
 8003716:	688a      	ldr	r2, [r1, #8]
 8003718:	4680      	mov	r8, r0
 800371a:	460c      	mov	r4, r1
 800371c:	b932      	cbnz	r2, 800372c <_scanf_chars+0x1c>
 800371e:	698a      	ldr	r2, [r1, #24]
 8003720:	2a00      	cmp	r2, #0
 8003722:	bf0c      	ite	eq
 8003724:	2201      	moveq	r2, #1
 8003726:	f04f 32ff 	movne.w	r2, #4294967295
 800372a:	608a      	str	r2, [r1, #8]
 800372c:	2700      	movs	r7, #0
 800372e:	6822      	ldr	r2, [r4, #0]
 8003730:	f8df 9088 	ldr.w	r9, [pc, #136]	; 80037bc <_scanf_chars+0xac>
 8003734:	06d1      	lsls	r1, r2, #27
 8003736:	bf5f      	itttt	pl
 8003738:	681a      	ldrpl	r2, [r3, #0]
 800373a:	1d11      	addpl	r1, r2, #4
 800373c:	6019      	strpl	r1, [r3, #0]
 800373e:	6816      	ldrpl	r6, [r2, #0]
 8003740:	69a0      	ldr	r0, [r4, #24]
 8003742:	b188      	cbz	r0, 8003768 <_scanf_chars+0x58>
 8003744:	2801      	cmp	r0, #1
 8003746:	d107      	bne.n	8003758 <_scanf_chars+0x48>
 8003748:	682b      	ldr	r3, [r5, #0]
 800374a:	781a      	ldrb	r2, [r3, #0]
 800374c:	6963      	ldr	r3, [r4, #20]
 800374e:	5c9b      	ldrb	r3, [r3, r2]
 8003750:	b953      	cbnz	r3, 8003768 <_scanf_chars+0x58>
 8003752:	bb27      	cbnz	r7, 800379e <_scanf_chars+0x8e>
 8003754:	e8bd 83f8 	ldmia.w	sp!, {r3, r4, r5, r6, r7, r8, r9, pc}
 8003758:	2802      	cmp	r0, #2
 800375a:	d120      	bne.n	800379e <_scanf_chars+0x8e>
 800375c:	682b      	ldr	r3, [r5, #0]
 800375e:	781b      	ldrb	r3, [r3, #0]
 8003760:	f813 3009 	ldrb.w	r3, [r3, r9]
 8003764:	071b      	lsls	r3, r3, #28
 8003766:	d41a      	bmi.n	800379e <_scanf_chars+0x8e>
 8003768:	6823      	ldr	r3, [r4, #0]
 800376a:	3701      	adds	r7, #1
 800376c:	06da      	lsls	r2, r3, #27
 800376e:	bf5e      	ittt	pl
 8003770:	682b      	ldrpl	r3, [r5, #0]
 8003772:	781b      	ldrbpl	r3, [r3, #0]
 8003774:	f806 3b01 	strbpl.w	r3, [r6], #1
 8003778:	682a      	ldr	r2, [r5, #0]
 800377a:	686b      	ldr	r3, [r5, #4]
 800377c:	3201      	adds	r2, #1
 800377e:	602a      	str	r2, [r5, #0]
 8003780:	68a2      	ldr	r2, [r4, #8]
 8003782:	3b01      	subs	r3, #1
 8003784:	3a01      	subs	r2, #1
 8003786:	606b      	str	r3, [r5, #4]
 8003788:	60a2      	str	r2, [r4, #8]
 800378a:	b142      	cbz	r2, 800379e <_scanf_chars+0x8e>
 800378c:	2b00      	cmp	r3, #0
 800378e:	dcd7      	bgt.n	8003740 <_scanf_chars+0x30>
 8003790:	4629      	mov	r1, r5
 8003792:	4640      	mov	r0, r8
 8003794:	f8d4 3180 	ldr.w	r3, [r4, #384]	; 0x180
 8003798:	4798      	blx	r3
 800379a:	2800      	cmp	r0, #0
 800379c:	d0d0      	beq.n	8003740 <_scanf_chars+0x30>
 800379e:	6823      	ldr	r3, [r4, #0]
 80037a0:	f013 0310 	ands.w	r3, r3, #16
 80037a4:	d105      	bne.n	80037b2 <_scanf_chars+0xa2>
 80037a6:	68e2      	ldr	r2, [r4, #12]
 80037a8:	3201      	adds	r2, #1
 80037aa:	60e2      	str	r2, [r4, #12]
 80037ac:	69a2      	ldr	r2, [r4, #24]
 80037ae:	b102      	cbz	r2, 80037b2 <_scanf_chars+0xa2>
 80037b0:	7033      	strb	r3, [r6, #0]
 80037b2:	6923      	ldr	r3, [r4, #16]
 80037b4:	2000      	movs	r0, #0
 80037b6:	441f      	add	r7, r3
 80037b8:	6127      	str	r7, [r4, #16]
 80037ba:	e7cb      	b.n	8003754 <_scanf_chars+0x44>
 80037bc:	08003f09 	.word	0x08003f09

080037c0 <_scanf_i>:
 80037c0:	e92d 4ff0 	stmdb	sp!, {r4, r5, r6, r7, r8, r9, sl, fp, lr}
 80037c4:	460c      	mov	r4, r1
 80037c6:	4698      	mov	r8, r3
 80037c8:	4b72      	ldr	r3, [pc, #456]	; (8003994 <_scanf_i+0x1d4>)
 80037ca:	b087      	sub	sp, #28
 80037cc:	4682      	mov	sl, r0
 80037ce:	4616      	mov	r6, r2
 80037d0:	e893 0007 	ldmia.w	r3, {r0, r1, r2}
 80037d4:	ab03      	add	r3, sp, #12
 80037d6:	e883 0007 	stmia.w	r3, {r0, r1, r2}
 80037da:	4b6f      	ldr	r3, [pc, #444]	; (8003998 <_scanf_i+0x1d8>)
 80037dc:	69a1      	ldr	r1, [r4, #24]
 80037de:	4a6f      	ldr	r2, [pc, #444]	; (800399c <_scanf_i+0x1dc>)
 80037e0:	4627      	mov	r7, r4
 80037e2:	2903      	cmp	r1, #3
 80037e4:	bf18      	it	ne
 80037e6:	461a      	movne	r2, r3
 80037e8:	68a3      	ldr	r3, [r4, #8]
 80037ea:	9201      	str	r2, [sp, #4]
 80037ec:	1e5a      	subs	r2, r3, #1
 80037ee:	f5b2 7fae 	cmp.w	r2, #348	; 0x15c
 80037f2:	bf81      	itttt	hi
 80037f4:	f46f 75ae 	mvnhi.w	r5, #348	; 0x15c
 80037f8:	eb03 0905 	addhi.w	r9, r3, r5
 80037fc:	f240 135d 	movwhi	r3, #349	; 0x15d
 8003800:	60a3      	strhi	r3, [r4, #8]
 8003802:	f857 3b1c 	ldr.w	r3, [r7], #28
 8003806:	bf98      	it	ls
 8003808:	f04f 0900 	movls.w	r9, #0
 800380c:	463d      	mov	r5, r7
 800380e:	f04f 0b00 	mov.w	fp, #0
 8003812:	f443 6350 	orr.w	r3, r3, #3328	; 0xd00
 8003816:	6023      	str	r3, [r4, #0]
 8003818:	6831      	ldr	r1, [r6, #0]
 800381a:	ab03      	add	r3, sp, #12
 800381c:	2202      	movs	r2, #2
 800381e:	7809      	ldrb	r1, [r1, #0]
 8003820:	f853 002b 	ldr.w	r0, [r3, fp, lsl #2]
 8003824:	f000 f9f2 	bl	8003c0c <memchr>
 8003828:	b328      	cbz	r0, 8003876 <_scanf_i+0xb6>
 800382a:	f1bb 0f01 	cmp.w	fp, #1
 800382e:	d159      	bne.n	80038e4 <_scanf_i+0x124>
 8003830:	6862      	ldr	r2, [r4, #4]
 8003832:	b92a      	cbnz	r2, 8003840 <_scanf_i+0x80>
 8003834:	2308      	movs	r3, #8
 8003836:	6822      	ldr	r2, [r4, #0]
 8003838:	6063      	str	r3, [r4, #4]
 800383a:	f442 7200 	orr.w	r2, r2, #512	; 0x200
 800383e:	6022      	str	r2, [r4, #0]
 8003840:	6822      	ldr	r2, [r4, #0]
 8003842:	f422 62a0 	bic.w	r2, r2, #1280	; 0x500
 8003846:	6022      	str	r2, [r4, #0]
 8003848:	68a2      	ldr	r2, [r4, #8]
 800384a:	1e51      	subs	r1, r2, #1
 800384c:	60a1      	str	r1, [r4, #8]
 800384e:	b192      	cbz	r2, 8003876 <_scanf_i+0xb6>
 8003850:	6832      	ldr	r2, [r6, #0]
 8003852:	1c51      	adds	r1, r2, #1
 8003854:	6031      	str	r1, [r6, #0]
 8003856:	7812      	ldrb	r2, [r2, #0]
 8003858:	f805 2b01 	strb.w	r2, [r5], #1
 800385c:	6872      	ldr	r2, [r6, #4]
 800385e:	3a01      	subs	r2, #1
 8003860:	2a00      	cmp	r2, #0
 8003862:	6072      	str	r2, [r6, #4]
 8003864:	dc07      	bgt.n	8003876 <_scanf_i+0xb6>
 8003866:	4631      	mov	r1, r6
 8003868:	4650      	mov	r0, sl
 800386a:	f8d4 2180 	ldr.w	r2, [r4, #384]	; 0x180
 800386e:	4790      	blx	r2
 8003870:	2800      	cmp	r0, #0
 8003872:	f040 8085 	bne.w	8003980 <_scanf_i+0x1c0>
 8003876:	f10b 0b01 	add.w	fp, fp, #1
 800387a:	f1bb 0f03 	cmp.w	fp, #3
 800387e:	d1cb      	bne.n	8003818 <_scanf_i+0x58>
 8003880:	6863      	ldr	r3, [r4, #4]
 8003882:	b90b      	cbnz	r3, 8003888 <_scanf_i+0xc8>
 8003884:	230a      	movs	r3, #10
 8003886:	6063      	str	r3, [r4, #4]
 8003888:	6863      	ldr	r3, [r4, #4]
 800388a:	4945      	ldr	r1, [pc, #276]	; (80039a0 <_scanf_i+0x1e0>)
 800388c:	6960      	ldr	r0, [r4, #20]
 800388e:	1ac9      	subs	r1, r1, r3
 8003890:	f000 f8aa 	bl	80039e8 <__sccl>
 8003894:	f04f 0b00 	mov.w	fp, #0
 8003898:	68a3      	ldr	r3, [r4, #8]
 800389a:	6822      	ldr	r2, [r4, #0]
 800389c:	2b00      	cmp	r3, #0
 800389e:	d03d      	beq.n	800391c <_scanf_i+0x15c>
 80038a0:	6831      	ldr	r1, [r6, #0]
 80038a2:	6960      	ldr	r0, [r4, #20]
 80038a4:	f891 c000 	ldrb.w	ip, [r1]
 80038a8:	f810 000c 	ldrb.w	r0, [r0, ip]
 80038ac:	2800      	cmp	r0, #0
 80038ae:	d035      	beq.n	800391c <_scanf_i+0x15c>
 80038b0:	f1bc 0f30 	cmp.w	ip, #48	; 0x30
 80038b4:	d124      	bne.n	8003900 <_scanf_i+0x140>
 80038b6:	0510      	lsls	r0, r2, #20
 80038b8:	d522      	bpl.n	8003900 <_scanf_i+0x140>
 80038ba:	f10b 0b01 	add.w	fp, fp, #1
 80038be:	f1b9 0f00 	cmp.w	r9, #0
 80038c2:	d003      	beq.n	80038cc <_scanf_i+0x10c>
 80038c4:	3301      	adds	r3, #1
 80038c6:	f109 39ff 	add.w	r9, r9, #4294967295
 80038ca:	60a3      	str	r3, [r4, #8]
 80038cc:	6873      	ldr	r3, [r6, #4]
 80038ce:	3b01      	subs	r3, #1
 80038d0:	2b00      	cmp	r3, #0
 80038d2:	6073      	str	r3, [r6, #4]
 80038d4:	dd1b      	ble.n	800390e <_scanf_i+0x14e>
 80038d6:	6833      	ldr	r3, [r6, #0]
 80038d8:	3301      	adds	r3, #1
 80038da:	6033      	str	r3, [r6, #0]
 80038dc:	68a3      	ldr	r3, [r4, #8]
 80038de:	3b01      	subs	r3, #1
 80038e0:	60a3      	str	r3, [r4, #8]
 80038e2:	e7d9      	b.n	8003898 <_scanf_i+0xd8>
 80038e4:	f1bb 0f02 	cmp.w	fp, #2
 80038e8:	d1ae      	bne.n	8003848 <_scanf_i+0x88>
 80038ea:	6822      	ldr	r2, [r4, #0]
 80038ec:	f402 61c0 	and.w	r1, r2, #1536	; 0x600
 80038f0:	f5b1 7f00 	cmp.w	r1, #512	; 0x200
 80038f4:	d1bf      	bne.n	8003876 <_scanf_i+0xb6>
 80038f6:	2310      	movs	r3, #16
 80038f8:	f442 7280 	orr.w	r2, r2, #256	; 0x100
 80038fc:	6063      	str	r3, [r4, #4]
 80038fe:	e7a2      	b.n	8003846 <_scanf_i+0x86>
 8003900:	f422 6210 	bic.w	r2, r2, #2304	; 0x900
 8003904:	6022      	str	r2, [r4, #0]
 8003906:	780b      	ldrb	r3, [r1, #0]
 8003908:	f805 3b01 	strb.w	r3, [r5], #1
 800390c:	e7de      	b.n	80038cc <_scanf_i+0x10c>
 800390e:	4631      	mov	r1, r6
 8003910:	4650      	mov	r0, sl
 8003912:	f8d4 3180 	ldr.w	r3, [r4, #384]	; 0x180
 8003916:	4798      	blx	r3
 8003918:	2800      	cmp	r0, #0
 800391a:	d0df      	beq.n	80038dc <_scanf_i+0x11c>
 800391c:	6823      	ldr	r3, [r4, #0]
 800391e:	05d9      	lsls	r1, r3, #23
 8003920:	d50d      	bpl.n	800393e <_scanf_i+0x17e>
 8003922:	42bd      	cmp	r5, r7
 8003924:	d909      	bls.n	800393a <_scanf_i+0x17a>
 8003926:	f815 1c01 	ldrb.w	r1, [r5, #-1]
 800392a:	4632      	mov	r2, r6
 800392c:	4650      	mov	r0, sl
 800392e:	f8d4 317c 	ldr.w	r3, [r4, #380]	; 0x17c
 8003932:	f105 39ff 	add.w	r9, r5, #4294967295
 8003936:	4798      	blx	r3
 8003938:	464d      	mov	r5, r9
 800393a:	42bd      	cmp	r5, r7
 800393c:	d028      	beq.n	8003990 <_scanf_i+0x1d0>
 800393e:	6822      	ldr	r2, [r4, #0]
 8003940:	f012 0210 	ands.w	r2, r2, #16
 8003944:	d113      	bne.n	800396e <_scanf_i+0x1ae>
 8003946:	702a      	strb	r2, [r5, #0]
 8003948:	4639      	mov	r1, r7
 800394a:	6863      	ldr	r3, [r4, #4]
 800394c:	4650      	mov	r0, sl
 800394e:	9e01      	ldr	r6, [sp, #4]
 8003950:	47b0      	blx	r6
 8003952:	f8d8 3000 	ldr.w	r3, [r8]
 8003956:	6821      	ldr	r1, [r4, #0]
 8003958:	1d1a      	adds	r2, r3, #4
 800395a:	f8c8 2000 	str.w	r2, [r8]
 800395e:	f011 0f20 	tst.w	r1, #32
 8003962:	681b      	ldr	r3, [r3, #0]
 8003964:	d00f      	beq.n	8003986 <_scanf_i+0x1c6>
 8003966:	6018      	str	r0, [r3, #0]
 8003968:	68e3      	ldr	r3, [r4, #12]
 800396a:	3301      	adds	r3, #1
 800396c:	60e3      	str	r3, [r4, #12]
 800396e:	2000      	movs	r0, #0
 8003970:	1bed      	subs	r5, r5, r7
 8003972:	44ab      	add	fp, r5
 8003974:	6925      	ldr	r5, [r4, #16]
 8003976:	445d      	add	r5, fp
 8003978:	6125      	str	r5, [r4, #16]
 800397a:	b007      	add	sp, #28
 800397c:	e8bd 8ff0 	ldmia.w	sp!, {r4, r5, r6, r7, r8, r9, sl, fp, pc}
 8003980:	f04f 0b00 	mov.w	fp, #0
 8003984:	e7ca      	b.n	800391c <_scanf_i+0x15c>
 8003986:	07ca      	lsls	r2, r1, #31
 8003988:	bf4c      	ite	mi
 800398a:	8018      	strhmi	r0, [r3, #0]
 800398c:	6018      	strpl	r0, [r3, #0]
 800398e:	e7eb      	b.n	8003968 <_scanf_i+0x1a8>
 8003990:	2001      	movs	r0, #1
 8003992:	e7f2      	b.n	800397a <_scanf_i+0x1ba>
 8003994:	08003d58 	.word	0x08003d58
 8003998:	08003b55 	.word	0x08003b55
 800399c:	08002341 	.word	0x08002341
 80039a0:	080040bc 	.word	0x080040bc

080039a4 <_read_r>:
 80039a4:	b538      	push	{r3, r4, r5, lr}
 80039a6:	4604      	mov	r4, r0
 80039a8:	4608      	mov	r0, r1
 80039aa:	4611      	mov	r1, r2
 80039ac:	2200      	movs	r2, #0
 80039ae:	4d05      	ldr	r5, [pc, #20]	; (80039c4 <_read_r+0x20>)
 80039b0:	602a      	str	r2, [r5, #0]
 80039b2:	461a      	mov	r2, r3
 80039b4:	f000 f9ba 	bl	8003d2c <_read>
 80039b8:	1c43      	adds	r3, r0, #1
 80039ba:	d102      	bne.n	80039c2 <_read_r+0x1e>
 80039bc:	682b      	ldr	r3, [r5, #0]
 80039be:	b103      	cbz	r3, 80039c2 <_read_r+0x1e>
 80039c0:	6023      	str	r3, [r4, #0]
 80039c2:	bd38      	pop	{r3, r4, r5, pc}
 80039c4:	200002ec 	.word	0x200002ec

080039c8 <_sbrk_r>:
 80039c8:	b538      	push	{r3, r4, r5, lr}
 80039ca:	2300      	movs	r3, #0
 80039cc:	4d05      	ldr	r5, [pc, #20]	; (80039e4 <_sbrk_r+0x1c>)
 80039ce:	4604      	mov	r4, r0
 80039d0:	4608      	mov	r0, r1
 80039d2:	602b      	str	r3, [r5, #0]
 80039d4:	f000 f9b2 	bl	8003d3c <_sbrk>
 80039d8:	1c43      	adds	r3, r0, #1
 80039da:	d102      	bne.n	80039e2 <_sbrk_r+0x1a>
 80039dc:	682b      	ldr	r3, [r5, #0]
 80039de:	b103      	cbz	r3, 80039e2 <_sbrk_r+0x1a>
 80039e0:	6023      	str	r3, [r4, #0]
 80039e2:	bd38      	pop	{r3, r4, r5, pc}
 80039e4:	200002ec 	.word	0x200002ec

080039e8 <__sccl>:
 80039e8:	b570      	push	{r4, r5, r6, lr}
 80039ea:	780b      	ldrb	r3, [r1, #0]
 80039ec:	4604      	mov	r4, r0
 80039ee:	2b5e      	cmp	r3, #94	; 0x5e
 80039f0:	bf13      	iteet	ne
 80039f2:	2200      	movne	r2, #0
 80039f4:	2201      	moveq	r2, #1
 80039f6:	784b      	ldrbeq	r3, [r1, #1]
 80039f8:	1c48      	addne	r0, r1, #1
 80039fa:	bf08      	it	eq
 80039fc:	1c88      	addeq	r0, r1, #2
 80039fe:	f104 05ff 	add.w	r5, r4, #255	; 0xff
 8003a02:	1e61      	subs	r1, r4, #1
 8003a04:	f801 2f01 	strb.w	r2, [r1, #1]!
 8003a08:	42a9      	cmp	r1, r5
 8003a0a:	d1fb      	bne.n	8003a04 <__sccl+0x1c>
 8003a0c:	b90b      	cbnz	r3, 8003a12 <__sccl+0x2a>
 8003a0e:	3801      	subs	r0, #1
 8003a10:	bd70      	pop	{r4, r5, r6, pc}
 8003a12:	f082 0101 	eor.w	r1, r2, #1
 8003a16:	54e1      	strb	r1, [r4, r3]
 8003a18:	1c42      	adds	r2, r0, #1
 8003a1a:	f812 5c01 	ldrb.w	r5, [r2, #-1]
 8003a1e:	4610      	mov	r0, r2
 8003a20:	2d2d      	cmp	r5, #45	; 0x2d
 8003a22:	f102 36ff 	add.w	r6, r2, #4294967295
 8003a26:	d006      	beq.n	8003a36 <__sccl+0x4e>
 8003a28:	2d5d      	cmp	r5, #93	; 0x5d
 8003a2a:	d0f1      	beq.n	8003a10 <__sccl+0x28>
 8003a2c:	b90d      	cbnz	r5, 8003a32 <__sccl+0x4a>
 8003a2e:	4630      	mov	r0, r6
 8003a30:	e7ee      	b.n	8003a10 <__sccl+0x28>
 8003a32:	462b      	mov	r3, r5
 8003a34:	e7ef      	b.n	8003a16 <__sccl+0x2e>
 8003a36:	7816      	ldrb	r6, [r2, #0]
 8003a38:	2e5d      	cmp	r6, #93	; 0x5d
 8003a3a:	d0fa      	beq.n	8003a32 <__sccl+0x4a>
 8003a3c:	42b3      	cmp	r3, r6
 8003a3e:	dcf8      	bgt.n	8003a32 <__sccl+0x4a>
 8003a40:	4618      	mov	r0, r3
 8003a42:	3001      	adds	r0, #1
 8003a44:	4286      	cmp	r6, r0
 8003a46:	5421      	strb	r1, [r4, r0]
 8003a48:	dcfb      	bgt.n	8003a42 <__sccl+0x5a>
 8003a4a:	43d8      	mvns	r0, r3
 8003a4c:	4430      	add	r0, r6
 8003a4e:	42b3      	cmp	r3, r6
 8003a50:	bfa8      	it	ge
 8003a52:	2000      	movge	r0, #0
 8003a54:	1c5d      	adds	r5, r3, #1
 8003a56:	182b      	adds	r3, r5, r0
 8003a58:	3202      	adds	r2, #2
 8003a5a:	e7de      	b.n	8003a1a <__sccl+0x32>

08003a5c <_strtoul_l.isra.0>:
 8003a5c:	e92d 43f0 	stmdb	sp!, {r4, r5, r6, r7, r8, r9, lr}
 8003a60:	468c      	mov	ip, r1
 8003a62:	4686      	mov	lr, r0
 8003a64:	4e3a      	ldr	r6, [pc, #232]	; (8003b50 <_strtoul_l.isra.0+0xf4>)
 8003a66:	4660      	mov	r0, ip
 8003a68:	f81c 4b01 	ldrb.w	r4, [ip], #1
 8003a6c:	5da5      	ldrb	r5, [r4, r6]
 8003a6e:	f015 0508 	ands.w	r5, r5, #8
 8003a72:	d1f8      	bne.n	8003a66 <_strtoul_l.isra.0+0xa>
 8003a74:	2c2d      	cmp	r4, #45	; 0x2d
 8003a76:	d134      	bne.n	8003ae2 <_strtoul_l.isra.0+0x86>
 8003a78:	f04f 0801 	mov.w	r8, #1
 8003a7c:	f89c 4000 	ldrb.w	r4, [ip]
 8003a80:	f100 0c02 	add.w	ip, r0, #2
 8003a84:	2b00      	cmp	r3, #0
 8003a86:	d05e      	beq.n	8003b46 <_strtoul_l.isra.0+0xea>
 8003a88:	2b10      	cmp	r3, #16
 8003a8a:	d10c      	bne.n	8003aa6 <_strtoul_l.isra.0+0x4a>
 8003a8c:	2c30      	cmp	r4, #48	; 0x30
 8003a8e:	d10a      	bne.n	8003aa6 <_strtoul_l.isra.0+0x4a>
 8003a90:	f89c 0000 	ldrb.w	r0, [ip]
 8003a94:	f000 00df 	and.w	r0, r0, #223	; 0xdf
 8003a98:	2858      	cmp	r0, #88	; 0x58
 8003a9a:	d14f      	bne.n	8003b3c <_strtoul_l.isra.0+0xe0>
 8003a9c:	2310      	movs	r3, #16
 8003a9e:	f89c 4001 	ldrb.w	r4, [ip, #1]
 8003aa2:	f10c 0c02 	add.w	ip, ip, #2
 8003aa6:	f04f 37ff 	mov.w	r7, #4294967295
 8003aaa:	fbb7 f7f3 	udiv	r7, r7, r3
 8003aae:	2500      	movs	r5, #0
 8003ab0:	fb03 f907 	mul.w	r9, r3, r7
 8003ab4:	4628      	mov	r0, r5
 8003ab6:	ea6f 0909 	mvn.w	r9, r9
 8003aba:	f1a4 0630 	sub.w	r6, r4, #48	; 0x30
 8003abe:	2e09      	cmp	r6, #9
 8003ac0:	d818      	bhi.n	8003af4 <_strtoul_l.isra.0+0x98>
 8003ac2:	4634      	mov	r4, r6
 8003ac4:	42a3      	cmp	r3, r4
 8003ac6:	dd24      	ble.n	8003b12 <_strtoul_l.isra.0+0xb6>
 8003ac8:	2d00      	cmp	r5, #0
 8003aca:	db1f      	blt.n	8003b0c <_strtoul_l.isra.0+0xb0>
 8003acc:	4287      	cmp	r7, r0
 8003ace:	d31d      	bcc.n	8003b0c <_strtoul_l.isra.0+0xb0>
 8003ad0:	d101      	bne.n	8003ad6 <_strtoul_l.isra.0+0x7a>
 8003ad2:	45a1      	cmp	r9, r4
 8003ad4:	db1a      	blt.n	8003b0c <_strtoul_l.isra.0+0xb0>
 8003ad6:	2501      	movs	r5, #1
 8003ad8:	fb00 4003 	mla	r0, r0, r3, r4
 8003adc:	f81c 4b01 	ldrb.w	r4, [ip], #1
 8003ae0:	e7eb      	b.n	8003aba <_strtoul_l.isra.0+0x5e>
 8003ae2:	2c2b      	cmp	r4, #43	; 0x2b
 8003ae4:	bf08      	it	eq
 8003ae6:	f89c 4000 	ldrbeq.w	r4, [ip]
 8003aea:	46a8      	mov	r8, r5
 8003aec:	bf08      	it	eq
 8003aee:	f100 0c02 	addeq.w	ip, r0, #2
 8003af2:	e7c7      	b.n	8003a84 <_strtoul_l.isra.0+0x28>
 8003af4:	f1a4 0641 	sub.w	r6, r4, #65	; 0x41
 8003af8:	2e19      	cmp	r6, #25
 8003afa:	d801      	bhi.n	8003b00 <_strtoul_l.isra.0+0xa4>
 8003afc:	3c37      	subs	r4, #55	; 0x37
 8003afe:	e7e1      	b.n	8003ac4 <_strtoul_l.isra.0+0x68>
 8003b00:	f1a4 0661 	sub.w	r6, r4, #97	; 0x61
 8003b04:	2e19      	cmp	r6, #25
 8003b06:	d804      	bhi.n	8003b12 <_strtoul_l.isra.0+0xb6>
 8003b08:	3c57      	subs	r4, #87	; 0x57
 8003b0a:	e7db      	b.n	8003ac4 <_strtoul_l.isra.0+0x68>
 8003b0c:	f04f 35ff 	mov.w	r5, #4294967295
 8003b10:	e7e4      	b.n	8003adc <_strtoul_l.isra.0+0x80>
 8003b12:	2d00      	cmp	r5, #0
 8003b14:	da07      	bge.n	8003b26 <_strtoul_l.isra.0+0xca>
 8003b16:	2322      	movs	r3, #34	; 0x22
 8003b18:	f04f 30ff 	mov.w	r0, #4294967295
 8003b1c:	f8ce 3000 	str.w	r3, [lr]
 8003b20:	b942      	cbnz	r2, 8003b34 <_strtoul_l.isra.0+0xd8>
 8003b22:	e8bd 83f0 	ldmia.w	sp!, {r4, r5, r6, r7, r8, r9, pc}
 8003b26:	f1b8 0f00 	cmp.w	r8, #0
 8003b2a:	d000      	beq.n	8003b2e <_strtoul_l.isra.0+0xd2>
 8003b2c:	4240      	negs	r0, r0
 8003b2e:	2a00      	cmp	r2, #0
 8003b30:	d0f7      	beq.n	8003b22 <_strtoul_l.isra.0+0xc6>
 8003b32:	b10d      	cbz	r5, 8003b38 <_strtoul_l.isra.0+0xdc>
 8003b34:	f10c 31ff 	add.w	r1, ip, #4294967295
 8003b38:	6011      	str	r1, [r2, #0]
 8003b3a:	e7f2      	b.n	8003b22 <_strtoul_l.isra.0+0xc6>
 8003b3c:	2430      	movs	r4, #48	; 0x30
 8003b3e:	2b00      	cmp	r3, #0
 8003b40:	d1b1      	bne.n	8003aa6 <_strtoul_l.isra.0+0x4a>
 8003b42:	2308      	movs	r3, #8
 8003b44:	e7af      	b.n	8003aa6 <_strtoul_l.isra.0+0x4a>
 8003b46:	2c30      	cmp	r4, #48	; 0x30
 8003b48:	d0a2      	beq.n	8003a90 <_strtoul_l.isra.0+0x34>
 8003b4a:	230a      	movs	r3, #10
 8003b4c:	e7ab      	b.n	8003aa6 <_strtoul_l.isra.0+0x4a>
 8003b4e:	bf00      	nop
 8003b50:	08003f09 	.word	0x08003f09

08003b54 <_strtoul_r>:
 8003b54:	f7ff bf82 	b.w	8003a5c <_strtoul_l.isra.0>

08003b58 <__submore>:
 8003b58:	e92d 41f0 	stmdb	sp!, {r4, r5, r6, r7, r8, lr}
 8003b5c:	460c      	mov	r4, r1
 8003b5e:	6b49      	ldr	r1, [r1, #52]	; 0x34
 8003b60:	f104 0344 	add.w	r3, r4, #68	; 0x44
 8003b64:	4299      	cmp	r1, r3
 8003b66:	d11b      	bne.n	8003ba0 <__submore+0x48>
 8003b68:	f44f 6180 	mov.w	r1, #1024	; 0x400
 8003b6c:	f7fe ff58 	bl	8002a20 <_malloc_r>
 8003b70:	b918      	cbnz	r0, 8003b7a <__submore+0x22>
 8003b72:	f04f 30ff 	mov.w	r0, #4294967295
 8003b76:	e8bd 81f0 	ldmia.w	sp!, {r4, r5, r6, r7, r8, pc}
 8003b7a:	f44f 6380 	mov.w	r3, #1024	; 0x400
 8003b7e:	63a3      	str	r3, [r4, #56]	; 0x38
 8003b80:	f894 3046 	ldrb.w	r3, [r4, #70]	; 0x46
 8003b84:	6360      	str	r0, [r4, #52]	; 0x34
 8003b86:	f880 33ff 	strb.w	r3, [r0, #1023]	; 0x3ff
 8003b8a:	f894 3045 	ldrb.w	r3, [r4, #69]	; 0x45
 8003b8e:	f200 30fd 	addw	r0, r0, #1021	; 0x3fd
 8003b92:	7043      	strb	r3, [r0, #1]
 8003b94:	f894 3044 	ldrb.w	r3, [r4, #68]	; 0x44
 8003b98:	7003      	strb	r3, [r0, #0]
 8003b9a:	6020      	str	r0, [r4, #0]
 8003b9c:	2000      	movs	r0, #0
 8003b9e:	e7ea      	b.n	8003b76 <__submore+0x1e>
 8003ba0:	6ba6      	ldr	r6, [r4, #56]	; 0x38
 8003ba2:	0077      	lsls	r7, r6, #1
 8003ba4:	463a      	mov	r2, r7
 8003ba6:	f000 f873 	bl	8003c90 <_realloc_r>
 8003baa:	4605      	mov	r5, r0
 8003bac:	2800      	cmp	r0, #0
 8003bae:	d0e0      	beq.n	8003b72 <__submore+0x1a>
 8003bb0:	eb00 0806 	add.w	r8, r0, r6
 8003bb4:	4601      	mov	r1, r0
 8003bb6:	4632      	mov	r2, r6
 8003bb8:	4640      	mov	r0, r8
 8003bba:	f000 f835 	bl	8003c28 <memcpy>
 8003bbe:	e9c4 570d 	strd	r5, r7, [r4, #52]	; 0x34
 8003bc2:	f8c4 8000 	str.w	r8, [r4]
 8003bc6:	e7e9      	b.n	8003b9c <__submore+0x44>

08003bc8 <_fstat_r>:
 8003bc8:	b538      	push	{r3, r4, r5, lr}
 8003bca:	2300      	movs	r3, #0
 8003bcc:	4d06      	ldr	r5, [pc, #24]	; (8003be8 <_fstat_r+0x20>)
 8003bce:	4604      	mov	r4, r0
 8003bd0:	4608      	mov	r0, r1
 8003bd2:	4611      	mov	r1, r2
 8003bd4:	602b      	str	r3, [r5, #0]
 8003bd6:	f000 f891 	bl	8003cfc <_fstat>
 8003bda:	1c43      	adds	r3, r0, #1
 8003bdc:	d102      	bne.n	8003be4 <_fstat_r+0x1c>
 8003bde:	682b      	ldr	r3, [r5, #0]
 8003be0:	b103      	cbz	r3, 8003be4 <_fstat_r+0x1c>
 8003be2:	6023      	str	r3, [r4, #0]
 8003be4:	bd38      	pop	{r3, r4, r5, pc}
 8003be6:	bf00      	nop
 8003be8:	200002ec 	.word	0x200002ec

08003bec <_isatty_r>:
 8003bec:	b538      	push	{r3, r4, r5, lr}
 8003bee:	2300      	movs	r3, #0
 8003bf0:	4d05      	ldr	r5, [pc, #20]	; (8003c08 <_isatty_r+0x1c>)
 8003bf2:	4604      	mov	r4, r0
 8003bf4:	4608      	mov	r0, r1
 8003bf6:	602b      	str	r3, [r5, #0]
 8003bf8:	f000 f888 	bl	8003d0c <_isatty>
 8003bfc:	1c43      	adds	r3, r0, #1
 8003bfe:	d102      	bne.n	8003c06 <_isatty_r+0x1a>
 8003c00:	682b      	ldr	r3, [r5, #0]
 8003c02:	b103      	cbz	r3, 8003c06 <_isatty_r+0x1a>
 8003c04:	6023      	str	r3, [r4, #0]
 8003c06:	bd38      	pop	{r3, r4, r5, pc}
 8003c08:	200002ec 	.word	0x200002ec

08003c0c <memchr>:
 8003c0c:	4603      	mov	r3, r0
 8003c0e:	b510      	push	{r4, lr}
 8003c10:	b2c9      	uxtb	r1, r1
 8003c12:	4402      	add	r2, r0
 8003c14:	4293      	cmp	r3, r2
 8003c16:	4618      	mov	r0, r3
 8003c18:	d101      	bne.n	8003c1e <memchr+0x12>
 8003c1a:	2000      	movs	r0, #0
 8003c1c:	e003      	b.n	8003c26 <memchr+0x1a>
 8003c1e:	7804      	ldrb	r4, [r0, #0]
 8003c20:	3301      	adds	r3, #1
 8003c22:	428c      	cmp	r4, r1
 8003c24:	d1f6      	bne.n	8003c14 <memchr+0x8>
 8003c26:	bd10      	pop	{r4, pc}

08003c28 <memcpy>:
 8003c28:	440a      	add	r2, r1
 8003c2a:	4291      	cmp	r1, r2
 8003c2c:	f100 33ff 	add.w	r3, r0, #4294967295
 8003c30:	d100      	bne.n	8003c34 <memcpy+0xc>
 8003c32:	4770      	bx	lr
 8003c34:	b510      	push	{r4, lr}
 8003c36:	f811 4b01 	ldrb.w	r4, [r1], #1
 8003c3a:	4291      	cmp	r1, r2
 8003c3c:	f803 4f01 	strb.w	r4, [r3, #1]!
 8003c40:	d1f9      	bne.n	8003c36 <memcpy+0xe>
 8003c42:	bd10      	pop	{r4, pc}

08003c44 <memmove>:
 8003c44:	4288      	cmp	r0, r1
 8003c46:	b510      	push	{r4, lr}
 8003c48:	eb01 0402 	add.w	r4, r1, r2
 8003c4c:	d902      	bls.n	8003c54 <memmove+0x10>
 8003c4e:	4284      	cmp	r4, r0
 8003c50:	4623      	mov	r3, r4
 8003c52:	d807      	bhi.n	8003c64 <memmove+0x20>
 8003c54:	1e43      	subs	r3, r0, #1
 8003c56:	42a1      	cmp	r1, r4
 8003c58:	d008      	beq.n	8003c6c <memmove+0x28>
 8003c5a:	f811 2b01 	ldrb.w	r2, [r1], #1
 8003c5e:	f803 2f01 	strb.w	r2, [r3, #1]!
 8003c62:	e7f8      	b.n	8003c56 <memmove+0x12>
 8003c64:	4601      	mov	r1, r0
 8003c66:	4402      	add	r2, r0
 8003c68:	428a      	cmp	r2, r1
 8003c6a:	d100      	bne.n	8003c6e <memmove+0x2a>
 8003c6c:	bd10      	pop	{r4, pc}
 8003c6e:	f813 4d01 	ldrb.w	r4, [r3, #-1]!
 8003c72:	f802 4d01 	strb.w	r4, [r2, #-1]!
 8003c76:	e7f7      	b.n	8003c68 <memmove+0x24>

08003c78 <__malloc_lock>:
 8003c78:	4801      	ldr	r0, [pc, #4]	; (8003c80 <__malloc_lock+0x8>)
 8003c7a:	f7fe be0d 	b.w	8002898 <__retarget_lock_acquire_recursive>
 8003c7e:	bf00      	nop
 8003c80:	200002e4 	.word	0x200002e4

08003c84 <__malloc_unlock>:
 8003c84:	4801      	ldr	r0, [pc, #4]	; (8003c8c <__malloc_unlock+0x8>)
 8003c86:	f7fe be08 	b.w	800289a <__retarget_lock_release_recursive>
 8003c8a:	bf00      	nop
 8003c8c:	200002e4 	.word	0x200002e4

08003c90 <_realloc_r>:
 8003c90:	b5f8      	push	{r3, r4, r5, r6, r7, lr}
 8003c92:	4607      	mov	r7, r0
 8003c94:	4614      	mov	r4, r2
 8003c96:	460e      	mov	r6, r1
 8003c98:	b921      	cbnz	r1, 8003ca4 <_realloc_r+0x14>
 8003c9a:	4611      	mov	r1, r2
 8003c9c:	e8bd 40f8 	ldmia.w	sp!, {r3, r4, r5, r6, r7, lr}
 8003ca0:	f7fe bebe 	b.w	8002a20 <_malloc_r>
 8003ca4:	b922      	cbnz	r2, 8003cb0 <_realloc_r+0x20>
 8003ca6:	f7fe fe6f 	bl	8002988 <_free_r>
 8003caa:	4625      	mov	r5, r4
 8003cac:	4628      	mov	r0, r5
 8003cae:	bdf8      	pop	{r3, r4, r5, r6, r7, pc}
 8003cb0:	f000 f814 	bl	8003cdc <_malloc_usable_size_r>
 8003cb4:	42a0      	cmp	r0, r4
 8003cb6:	d20f      	bcs.n	8003cd8 <_realloc_r+0x48>
 8003cb8:	4621      	mov	r1, r4
 8003cba:	4638      	mov	r0, r7
 8003cbc:	f7fe feb0 	bl	8002a20 <_malloc_r>
 8003cc0:	4605      	mov	r5, r0
 8003cc2:	2800      	cmp	r0, #0
 8003cc4:	d0f2      	beq.n	8003cac <_realloc_r+0x1c>
 8003cc6:	4631      	mov	r1, r6
 8003cc8:	4622      	mov	r2, r4
 8003cca:	f7ff ffad 	bl	8003c28 <memcpy>
 8003cce:	4631      	mov	r1, r6
 8003cd0:	4638      	mov	r0, r7
 8003cd2:	f7fe fe59 	bl	8002988 <_free_r>
 8003cd6:	e7e9      	b.n	8003cac <_realloc_r+0x1c>
 8003cd8:	4635      	mov	r5, r6
 8003cda:	e7e7      	b.n	8003cac <_realloc_r+0x1c>

08003cdc <_malloc_usable_size_r>:
 8003cdc:	f851 3c04 	ldr.w	r3, [r1, #-4]
 8003ce0:	1f18      	subs	r0, r3, #4
 8003ce2:	2b00      	cmp	r3, #0
 8003ce4:	bfbc      	itt	lt
 8003ce6:	580b      	ldrlt	r3, [r1, r0]
 8003ce8:	18c0      	addlt	r0, r0, r3
 8003cea:	4770      	bx	lr

08003cec <_close>:
 8003cec:	2258      	movs	r2, #88	; 0x58
 8003cee:	4b02      	ldr	r3, [pc, #8]	; (8003cf8 <_close+0xc>)
 8003cf0:	f04f 30ff 	mov.w	r0, #4294967295
 8003cf4:	601a      	str	r2, [r3, #0]
 8003cf6:	4770      	bx	lr
 8003cf8:	200002ec 	.word	0x200002ec

08003cfc <_fstat>:
 8003cfc:	2258      	movs	r2, #88	; 0x58
 8003cfe:	4b02      	ldr	r3, [pc, #8]	; (8003d08 <_fstat+0xc>)
 8003d00:	f04f 30ff 	mov.w	r0, #4294967295
 8003d04:	601a      	str	r2, [r3, #0]
 8003d06:	4770      	bx	lr
 8003d08:	200002ec 	.word	0x200002ec

08003d0c <_isatty>:
 8003d0c:	2258      	movs	r2, #88	; 0x58
 8003d0e:	4b02      	ldr	r3, [pc, #8]	; (8003d18 <_isatty+0xc>)
 8003d10:	2000      	movs	r0, #0
 8003d12:	601a      	str	r2, [r3, #0]
 8003d14:	4770      	bx	lr
 8003d16:	bf00      	nop
 8003d18:	200002ec 	.word	0x200002ec

08003d1c <_lseek>:
 8003d1c:	2258      	movs	r2, #88	; 0x58
 8003d1e:	4b02      	ldr	r3, [pc, #8]	; (8003d28 <_lseek+0xc>)
 8003d20:	f04f 30ff 	mov.w	r0, #4294967295
 8003d24:	601a      	str	r2, [r3, #0]
 8003d26:	4770      	bx	lr
 8003d28:	200002ec 	.word	0x200002ec

08003d2c <_read>:
 8003d2c:	2258      	movs	r2, #88	; 0x58
 8003d2e:	4b02      	ldr	r3, [pc, #8]	; (8003d38 <_read+0xc>)
 8003d30:	f04f 30ff 	mov.w	r0, #4294967295
 8003d34:	601a      	str	r2, [r3, #0]
 8003d36:	4770      	bx	lr
 8003d38:	200002ec 	.word	0x200002ec

08003d3c <_sbrk>:
 8003d3c:	4a04      	ldr	r2, [pc, #16]	; (8003d50 <_sbrk+0x14>)
 8003d3e:	4905      	ldr	r1, [pc, #20]	; (8003d54 <_sbrk+0x18>)
 8003d40:	6813      	ldr	r3, [r2, #0]
 8003d42:	2b00      	cmp	r3, #0
 8003d44:	bf08      	it	eq
 8003d46:	460b      	moveq	r3, r1
 8003d48:	4418      	add	r0, r3
 8003d4a:	6010      	str	r0, [r2, #0]
 8003d4c:	4618      	mov	r0, r3
 8003d4e:	4770      	bx	lr
 8003d50:	200002dc 	.word	0x200002dc
 8003d54:	200002f0 	.word	0x200002f0
 8003d58:	080040a3 	.word	0x080040a3
 8003d5c:	080040a6 	.word	0x080040a6
 8003d60:	080040a9 	.word	0x080040a9
 8003d64:	3148425b 	.word	0x3148425b
 8003d68:	20303537 	.word	0x20303537
 8003d6c:	5d756c25 	.word	0x5d756c25
 8003d70:	666f5320 	.word	0x666f5320
 8003d74:	32492074 	.word	0x32492074
 8003d78:	6e492043 	.word	0x6e492043
 8003d7c:	4f207469 	.word	0x4f207469
 8003d80:	000a0d4b 	.word	0x000a0d4b
 8003d84:	3148425b 	.word	0x3148425b
 8003d88:	20303537 	.word	0x20303537
 8003d8c:	5d756c25 	.word	0x5d756c25
 8003d90:	61655220 	.word	0x61655220
 8003d94:	4b4f2064 	.word	0x4b4f2064
 8003d98:	77617220 	.word	0x77617220
 8003d9c:	3230253d 	.word	0x3230253d
 8003da0:	30252058 	.word	0x30252058
 8003da4:	6c205832 	.word	0x6c205832
 8003da8:	253d7875 	.word	0x253d7875
 8003dac:	000a0d75 	.word	0x000a0d75
 8003db0:	646d6322 	.word	0x646d6322
 8003db4:	73223a22 	.word	0x73223a22
 8003db8:	705f7465 	.word	0x705f7465
 8003dbc:	00226d77 	.word	0x00226d77
 8003dc0:	72617722 	.word	0x72617722
 8003dc4:	003a226d 	.word	0x003a226d
 8003dc8:	69687722 	.word	0x69687722
 8003dcc:	3a226574 	.word	0x3a226574
 8003dd0:	6d632200 	.word	0x6d632200
 8003dd4:	223a2264 	.word	0x223a2264
 8003dd8:	6f747561 	.word	0x6f747561
 8003ddc:	67696c5f 	.word	0x67696c5f
 8003de0:	00227468 	.word	0x00227468
 8003de4:	616e6522 	.word	0x616e6522
 8003de8:	22656c62 	.word	0x22656c62
 8003dec:	6322003a 	.word	0x6322003a
 8003df0:	3a22646d 	.word	0x3a22646d
 8003df4:	67696c22 	.word	0x67696c22
 8003df8:	735f7468 	.word	0x735f7468
 8003dfc:	63746977 	.word	0x63746977
 8003e00:	50002268 	.word	0x50002268
 8003e04:	003a4d57 	.word	0x003a4d57
 8003e08:	252c6425 	.word	0x252c6425
 8003e0c:	0064      	.short	0x0064
 8003e0e:	227b      	.short	0x227b
 8003e10:	226d7770 	.word	0x226d7770
 8003e14:	77227b3a 	.word	0x77227b3a
 8003e18:	226d7261 	.word	0x226d7261
 8003e1c:	2c64253a 	.word	0x2c64253a
 8003e20:	69687722 	.word	0x69687722
 8003e24:	3a226574 	.word	0x3a226574
 8003e28:	2c7d6425 	.word	0x2c7d6425
 8003e2c:	626d6122 	.word	0x626d6122
 8003e30:	746e6569 	.word	0x746e6569
 8003e34:	64253a22 	.word	0x64253a22
 8003e38:	6f74222c 	.word	0x6f74222c
 8003e3c:	22686375 	.word	0x22686375
 8003e40:	77227b3a 	.word	0x77227b3a
 8003e44:	226d7261 	.word	0x226d7261
 8003e48:	2c64253a 	.word	0x2c64253a
 8003e4c:	69687722 	.word	0x69687722
 8003e50:	3a226574 	.word	0x3a226574
 8003e54:	2c7d6425 	.word	0x2c7d6425
 8003e58:	69777322 	.word	0x69777322
 8003e5c:	22686374 	.word	0x22686374
 8003e60:	77227b3a 	.word	0x77227b3a
 8003e64:	226d7261 	.word	0x226d7261
 8003e68:	2c64253a 	.word	0x2c64253a
 8003e6c:	69687722 	.word	0x69687722
 8003e70:	3a226574 	.word	0x3a226574
 8003e74:	2c7d6425 	.word	0x2c7d6425
 8003e78:	74756122 	.word	0x74756122
 8003e7c:	696c5f6f 	.word	0x696c5f6f
 8003e80:	22746867 	.word	0x22746867
 8003e84:	7d64253a 	.word	0x7d64253a
 8003e88:	0a0d      	.short	0x0a0d
 8003e8a:	00          	.byte	0x00
 8003e8b:	43          	.byte	0x43
 8003e8c:	46323348 	.word	0x46323348
 8003e90:	20333031 	.word	0x20333031
 8003e94:	dcc4c7d6 	.word	0xdcc4c7d6
 8003e98:	f8b4c6b5 	.word	0xf8b4c6b5
 8003e9c:	c6d6d8bf 	.word	0xc6d6d8bf
 8003ea0:	b3cdb5cf 	.word	0xb3cdb5cf
 8003ea4:	2e325620 	.word	0x2e325620
 8003ea8:	cf000d30 	.word	0xcf000d30
 8003eac:	cab3cdb5 	.word	0xcab3cdb5
 8003eb0:	a3d3d6b1 	.word	0xa3d3d6b1
 8003eb4:	0d6425ba 	.word	0x0d6425ba
 8003eb8:	425b000a 	.word	0x425b000a
 8003ebc:	35373148 	.word	0x35373148
 8003ec0:	6c252030 	.word	0x6c252030
 8003ec4:	46205d75 	.word	0x46205d75
 8003ec8:	3a4c4941 	.word	0x3a4c4941
 8003ecc:	206f4e20 	.word	0x206f4e20
 8003ed0:	736e6573 	.word	0x736e6573
 8003ed4:	6620726f 	.word	0x6620726f
 8003ed8:	646e756f 	.word	0x646e756f
 8003edc:	000a0d21 	.word	0x000a0d21
 8003ee0:	3148425b 	.word	0x3148425b
 8003ee4:	20303537 	.word	0x20303537
 8003ee8:	5d756c25 	.word	0x5d756c25
 8003eec:	554f4620 	.word	0x554f4620
 8003ef0:	5320444e 	.word	0x5320444e
 8003ef4:	6f736e65 	.word	0x6f736e65
 8003ef8:	64612072 	.word	0x64612072
 8003efc:	303d7264 	.word	0x303d7264
 8003f00:	32302578 	.word	0x32302578
 8003f04:	000a0d58 	.word	0x000a0d58

08003f08 <_ctype_>:
 8003f08:	20202000 20202020 28282020 20282828     .         ((((( 
 8003f18:	20202020 20202020 20202020 20202020                     
 8003f28:	10108820 10101010 10101010 10101010      ...............
 8003f38:	04040410 04040404 10040404 10101010     ................
 8003f48:	41411010 41414141 01010101 01010101     ..AAAAAA........
 8003f58:	01010101 01010101 01010101 10101010     ................
 8003f68:	42421010 42424242 02020202 02020202     ..BBBBBB........
 8003f78:	02020202 02020202 02020202 10101010     ................
 8003f88:	00000020 00000000 00000000 00000000      ...............
	...

0800400c <__sf_fake_stderr>:
	...

0800402c <__sf_fake_stdin>:
	...

0800404c <__sf_fake_stdout>:
	...

0800406c <_global_impure_ptr>:
 800406c:	20000038 2b302d23 6c680020 6665004c     8.. #-0+ .hlL.ef
 800407c:	47464567 32313000 36353433 41393837     gEFG.0123456789A
 800408c:	45444342 31300046 35343332 39383736     BCDEF.0123456789
 800409c:	64636261 2b006665 3030002d 00587800     abcdef.+-.00.xX.
 80040ac:	61462d41 3938662d 33323130 37363534     A-Fa-f8901234567
 80040bc:	0000005d                                ]...
